RowNumber,CustomerId,Surname,CreditScore,Geography,Gender,Age,Tenure,Balance,NumOfProducts,HasCrCard,IsActiveMember,EstimatedSalary,Exited
1,107270,Smith,575,France,Male,46,9,14512.693145279049,3,0,1,194493.8010566327,1
2,100860,Miller,715,France,Female,42,4,88412.26421009234,4,0,0,88961.16975863163,0
3,105390,Smith,788,Spain,Female,23,8,85935.6220683318,4,1,1,153296.7953241698,0
4,105191,Smith,670,France,Male,32,0,67493.70995376458,3,1,1,147917.71808086673,0
5,105734,Smith,738,Germany,Male,47,8,92565.9798729169,1,0,1,87276.78254844739,0
6,106265,Miller,658,Germany,Male,49,9,370157.2345764797,2,0,1,97018.10758066618,1
7,100466,Garcia,662,France,Female,27,4,48333.57743927432,3,1,1,128558.1165021231,0
8,104426,Miller,586,France,Male,53,1,54952.25456266686,4,0,0,44384.05394276789,1
9,105578,Garcia,842,Germany,Male,31,5,32024.37722498969,3,1,1,107033.45090925318,0
10,108322,Miller,724,Germany,Female,43,0,20389.8344665316,3,1,0,74845.70496252665,0
11,101685,Miller,702,Spain,Female,41,6,34134.61735010745,2,1,0,27447.2869518833,0
12,100769,Johnson,727,Spain,Male,25,6,23906.726453839285,2,1,1,49358.506693544645,0
13,106949,Garcia,582,France,Male,34,9,56646.01110635821,3,1,1,106072.83021070836,0
14,102433,Johnson,743,Germany,Male,18,7,26567.734751478107,3,0,0,182593.16298272062,0
15,105311,Jones,805,France,Male,33,0,72846.04586305047,2,1,1,173737.47934234396,0
16,105051,Johnson,511,Germany,Female,57,1,33730.67766289045,2,0,0,184483.6355492694,1
17,106420,Smith,704,France,Male,18,10,55282.575349841565,1,1,1,57641.46785119754,0
18,101184,Williams,656,Germany,Female,25,0,13841.018209734382,1,0,1,167359.95976923237,0
19,104555,Williams,598,Germany,Female,32,7,17906.909729097133,1,1,1,76296.3426952724,0
20,103385,Brown,540,Germany,Male,18,7,95221.94268562189,1,1,1,192884.01945669187,0
21,106396,Brown,755,Spain,Female,18,2,83315.89992530235,3,0,1,60675.92994011203,0
22,108666,Davis,670,France,Male,69,9,18779.74459653374,3,0,0,74088.35646516265,1
23,109274,Johnson,629,France,Female,47,1,34928.72687285438,1,0,0,13318.21055645966,1
24,102558,Miller,704,France,Male,53,8,25036.02286662165,3,1,0,185388.305324824,0
25,107849,Miller,637,Spain,Female,44,4,159680.26006879614,2,1,1,127229.6107017518,0
26,102047,Williams,579,France,Female,47,8,45383.30790641425,2,0,1,70397.78228789379,1
27,102747,Smith,662,France,Male,34,1,52081.41752344654,1,0,0,38707.08654925876,0
28,109167,Garcia,647,Spain,Female,54,5,109331.49649442114,3,0,1,133240.70752682068,1
29,109998,Smith,472,Spain,Female,60,10,39385.36960806986,2,1,1,29656.279874911957,1
30,100189,Davis,587,Spain,Female,28,0,47450.39224664124,3,1,1,38936.48132683603,0
31,102734,Smith,523,France,Female,35,6,159899.9422838751,2,1,0,106940.74100409177,0
32,103005,Johnson,484,Spain,Female,30,3,158246.08256166513,3,0,0,36480.02328229113,0
33,104658,Johnson,696,Germany,Female,37,6,92778.22963641695,2,0,0,28690.547453110365,0
34,101899,Jones,583,Germany,Female,50,8,81865.94947734424,2,0,0,142313.18851545622,0
35,107734,Davis,754,France,Female,36,0,19968.28033742055,2,1,1,98468.81979210462,0
36,101267,Smith,467,Germany,Female,18,0,64090.21909875929,1,0,1,20941.00438502938,0
37,101528,Miller,620,France,Male,53,10,32069.82629203781,3,0,1,20626.94919524001,1
38,103556,Miller,588,France,Female,27,6,130841.25709317523,1,1,1,192541.74181016334,0
39,103890,Davis,492,Germany,Female,45,9,98869.96467321177,3,0,0,21786.99928335818,1
40,108838,Smith,650,France,Male,46,10,47428.23315903028,2,1,0,95319.56865015748,0
41,105393,Johnson,500,France,Female,32,1,76592.11595989244,4,0,0,84928.73659783512,0
42,108792,Johnson,672,France,Female,25,7,54658.27792016723,1,1,1,106344.77373270334,0
43,108433,Jones,722,Spain,Male,31,3,15833.517267873724,2,1,1,177464.91075895022,0
44,107513,Jones,676,France,Female,62,6,151763.77298337998,1,1,1,138947.32160030204,1
45,102612,Brown,689,Spain,Male,24,9,228524.529958714,4,1,1,158225.54875606773,0
46,107041,Davis,753,Germany,Male,22,1,266422.17220642127,3,1,0,92343.89993364646,0
47,109555,Williams,647,Germany,Female,41,7,155680.86505653706,3,1,1,118024.50940495855,0
48,106235,Smith,567,France,Male,35,5,172392.14916313777,4,1,0,24439.59777244408,0
49,105486,Davis,589,Germany,Male,32,0,5733.769996224197,4,1,1,25170.62729731299,0
50,107099,Miller,591,France,Female,25,8,152276.07389093743,3,0,0,175418.06208996876,0
51,109670,Smith,545,France,Female,38,10,36156.32924011798,4,0,1,107111.10380884825,0
52,100775,Jones,728,Germany,Male,36,1,14829.240374447167,2,1,1,32110.44588476968,0
53,108226,Jones,702,Spain,Female,59,3,73792.89059805073,1,1,1,25693.39905709216,0
54,103152,Brown,483,France,Male,25,8,84487.09848630386,1,1,1,184831.9388924317,0
55,101585,Williams,567,Germany,Male,31,7,66321.91638493056,1,1,1,43721.35909652216,0
56,103943,Brown,540,Spain,Female,58,7,105780.90158037574,1,0,1,92902.79976853078,0
57,107555,Miller,681,Spain,Male,31,3,125252.9954424195,1,1,1,159042.35595291868,0
58,103073,Williams,757,France,Female,28,0,14747.17410448357,1,1,0,174968.39217894812,0
59,101021,Garcia,694,Germany,Female,45,9,95952.19884508933,3,1,1,174428.5290642219,0
60,103843,Smith,579,France,Female,41,3,5599.055362075537,3,1,1,178025.53434370842,1
61,107989,Brown,618,Spain,Female,34,2,59559.35963387283,1,0,0,39904.64463183044,0
62,109692,Jones,510,France,Male,40,10,10541.560659846653,1,1,1,92274.57755548808,1
63,106873,Brown,518,Spain,Female,46,2,59713.83487230681,4,1,0,135938.42565792985,0
64,105675,Garcia,734,Spain,Female,41,0,19290.92486536315,4,1,1,181380.34897201826,0
65,100161,Brown,794,Spain,Female,47,8,132587.78560397515,4,1,0,92282.90294793747,1
66,104297,Smith,578,Spain,Male,36,2,229840.07448132485,1,1,1,128618.77647334899,0
67,100995,Garcia,654,France,Female,23,3,18577.553802943225,4,1,1,192423.89711382883,0
68,107629,Davis,722,France,Male,47,0,133429.5134152142,1,1,0,193245.10482929208,0
69,109467,Davis,483,Germany,Male,34,2,15800.573502928852,3,1,0,137157.78021701676,0
70,101016,Davis,545,Germany,Male,34,0,56866.45147751419,2,1,0,106380.35247306833,1
71,107869,Jones,849,France,Male,50,3,98225.60191814763,3,1,0,119441.04665576985,0
72,106439,Jones,554,France,Female,63,9,77159.7917830047,1,1,0,181381.40111903413,1
73,107892,Davis,613,Spain,Female,18,6,5885.001367819911,1,0,1,142194.7185034871,0
74,106863,Davis,589,Spain,Male,34,9,45042.98618354903,3,1,1,57024.18528943032,0
75,107916,Davis,450,France,Male,37,10,63518.26056436588,3,1,1,48282.55120324941,0
76,108529,Johnson,658,France,Female,40,7,49659.062665558464,4,1,1,43072.548385536145,0
77,100878,Davis,647,Germany,Male,36,7,109511.40859925222,4,1,0,124010.37888066597,0
78,109268,Garcia,668,Spain,Male,37,0,219080.34101585808,2,1,0,131343.1144423694,0
79,104887,Johnson,641,Germany,Male,44,10,110160.14658395796,4,1,1,26543.761719761344,1
80,104859,Johnson,604,Spain,Female,36,5,89150.65226059091,4,0,0,152280.77686058384,1
81,106331,Smith,598,Spain,Male,31,7,16142.023151149426,4,1,1,115476.65380767679,0
82,108571,Brown,599,Spain,Male,30,9,42901.18932457846,2,0,1,67945.05092593796,0
83,108684,Jones,551,Germany,Male,58,9,79470.88422435096,4,0,0,191782.49418745824,0
84,107208,Jones,566,Spain,Female,68,7,271879.94955445366,4,1,1,104724.7008887075,1
85,105276,Brown,552,Spain,Male,33,8,36352.97392491022,3,1,0,101528.86642487357,0
86,102062,Jones,707,France,Female,34,7,41242.60096140454,3,0,0,94870.05625570717,1
87,100064,Brown,680,France,Female,44,4,89052.42163881693,4,1,0,117038.26736326753,0
88,108006,Garcia,652,Spain,Female,41,0,229959.04518668717,3,0,0,20589.028099805204,0
89,102568,Smith,844,France,Female,36,8,78350.92050848358,1,1,1,20452.466375406388,0
90,105463,Davis,557,France,Male,20,9,19165.901803502726,3,1,1,98654.36606526752,0
91,102027,Smith,761,Spain,Male,26,9,7847.920108544826,2,0,0,155768.8459676894,0
92,102695,Miller,623,Spain,Female,49,9,219816.10914405162,4,1,1,109440.68988797789,0
93,109687,Smith,665,France,Male,34,9,110848.91527960883,1,0,0,185280.88010846905,0
94,105258,Brown,717,France,Male,68,4,24913.34021197122,3,1,1,131595.72226858715,1
95,105618,Miller,602,France,Female,67,6,128917.02030275352,1,1,0,13181.840106720487,1
96,106736,Brown,544,France,Female,25,6,127145.44299155522,1,0,0,95885.88441463452,0
97,100391,Davis,560,Spain,Male,58,10,147895.5829567941,4,1,0,115576.34072808246,0
98,105892,Williams,439,Germany,Male,36,3,222723.76730184245,1,0,0,14682.318794023986,0
99,103561,Miller,710,Spain,Male,41,7,16491.26883471893,2,1,1,31682.91166857671,0
100,106184,Davis,708,France,Male,49,10,314062.4612703419,1,1,1,199725.03427244132,0
101,103099,Davis,808,France,Female,54,9,651733.6670590091,4,1,0,138865.45281029004,1
102,106278,Jones,691,Spain,Female,28,8,1459.2498124715523,2,1,0,138881.5658853399,0
103,108392,Jones,715,France,Female,71,3,9574.427211671107,2,1,0,118917.16732435538,1
104,103104,Williams,641,France,Male,43,1,56907.67763713669,2,1,1,180404.9144918137,1
105,107215,Williams,696,Spain,Female,18,9,3502.398597963571,2,1,0,65936.70309908432,0
106,102454,Smith,758,Spain,Male,35,3,132763.84565788065,1,1,1,172315.15955053322,1
107,108996,Davis,668,Germany,Female,70,1,105191.03649903316,3,1,0,29799.70243213439,1
108,102731,Williams,597,Germany,Male,30,0,149547.03247219822,3,0,1,195260.6831991266,0
109,108154,Brown,627,France,Male,73,0,644826.1272508259,3,1,0,165616.74083209032,1
110,109762,Davis,725,Spain,Female,40,10,270929.7443971743,3,0,1,12033.520843089214,0
111,105056,Johnson,600,Spain,Female,38,3,35645.97471621875,3,1,0,22820.06769356283,0
112,108110,Brown,738,France,Male,23,8,50495.00725511692,4,1,1,27559.29074739424,0
113,103840,Miller,840,France,Male,48,8,149596.25226346098,3,0,1,140410.5935004324,0
114,101028,Williams,740,Spain,Female,34,6,49127.07081491548,4,1,0,140540.40380834934,0
115,107385,Jones,724,France,Male,38,4,119943.17512692662,3,1,1,26885.674054756862,0
116,100502,Brown,684,Spain,Male,35,5,250865.76939924795,3,0,1,96051.48568328102,0
117,106910,Jones,572,Spain,Male,51,0,52067.002672954135,2,0,0,56358.67239100956,0
118,109062,Brown,563,Spain,Female,35,2,82216.08317980463,1,1,0,86761.75776542787,0
119,106938,Jones,562,Germany,Male,18,0,184175.4236313667,2,1,1,56663.91474114573,0
120,104488,Garcia,705,France,Male,26,9,64945.55585142984,3,1,1,89952.45152404565,0
121,100206,Brown,611,France,Male,19,4,34126.79316714781,4,1,1,132594.9007331422,0
122,105134,Miller,647,Germany,Female,61,3,29863.386227447558,3,1,1,40567.04121982017,1
123,105977,Jones,691,France,Female,47,2,7459.835614280301,3,1,1,52714.25329996522,1
124,107721,Johnson,565,Germany,Female,39,5,40101.86657974254,1,1,1,78891.7304038923,0
125,107035,Miller,599,France,Male,36,5,115791.40599550828,2,1,0,196194.65783222977,0
126,101484,Smith,682,France,Male,18,8,6064.3774579233905,1,1,0,131452.9127699243,0
127,107858,Brown,620,France,Male,35,3,32060.64254390004,2,1,0,184070.43156487666,0
128,100863,Johnson,630,Spain,Male,53,8,11833.501769742757,2,1,0,172897.8584598075,1
129,102790,Smith,546,France,Male,51,3,51831.70075160527,3,1,1,116868.1785217619,1
130,107408,Brown,631,France,Male,45,7,9804.302307968592,2,1,1,63576.03200442888,0
131,108755,Johnson,815,France,Female,18,7,137062.13964089376,2,1,1,60096.48077687375,0
132,105116,Johnson,605,France,Male,28,1,263142.74756178964,1,1,1,118799.58118990512,0
133,106019,Miller,535,Spain,Female,44,9,21360.48721781472,2,0,0,116539.3861956181,0
134,101757,Garcia,745,Germany,Male,21,7,28845.25203043782,1,1,1,117024.9596451158,0
135,107574,Johnson,702,France,Male,49,1,17453.785101914615,2,1,0,80699.24112323581,1
136,106374,Garcia,671,France,Female,19,10,20755.375959782625,1,1,1,144912.279338377,0
137,106892,Williams,518,Spain,Female,22,7,37333.66899376972,3,0,1,88486.29961947216,0
138,101678,Miller,532,Germany,Male,19,5,33013.16007534163,2,0,1,77761.76282645753,0
139,103242,Davis,496,France,Male,31,2,48641.00016524888,1,0,1,106795.69040379443,0
140,104636,Jones,693,France,Male,18,10,74432.00889402334,1,1,0,180176.2446482449,0
141,101059,Miller,751,France,Female,31,6,130024.20994939657,3,0,1,144635.9367858122,0
142,106668,Smith,696,France,Male,25,5,215838.68974302054,3,1,0,164958.5536985048,0
143,109914,Jones,844,Spain,Male,28,2,61503.75477405275,1,0,1,112270.80073181685,0
144,103157,Jones,605,France,Female,49,4,239660.3596335845,1,1,1,114060.47045566318,0
145,105915,Davis,617,Spain,Female,38,3,113867.21072858559,1,0,1,173648.78607455402,0
146,109789,Garcia,660,France,Male,49,5,130529.99396362377,2,0,1,39095.792861222304,0
147,102693,Davis,627,France,Male,72,0,73865.42035029907,2,1,1,192773.9959422214,1
148,103627,Davis,699,Spain,Female,18,0,74070.00841080373,1,0,1,109611.38481228979,0
149,109555,Jones,586,France,Male,30,7,75922.94561428048,3,0,0,72958.2787719531,0
150,105450,Johnson,510,Germany,Female,23,7,67723.01000374592,3,1,1,70872.95733542938,0
151,101663,Garcia,471,Spain,Female,28,8,61411.146169628475,4,0,1,19499.060589965386,0
152,109721,Jones,698,Spain,Male,44,7,148970.04302958582,4,1,1,65925.91481224787,0
153,105592,Garcia,597,France,Female,65,1,49050.33684514423,3,1,1,92198.05243091911,1
154,107392,Williams,533,France,Female,48,10,23159.799991163953,2,0,0,143572.8919179816,0
155,101306,Garcia,588,Germany,Male,46,4,14568.411303083787,3,1,0,64160.085150062936,0
156,106776,Brown,845,France,Female,54,7,211676.63465684242,3,0,1,135491.94334667735,1
157,105864,Johnson,538,France,Female,61,8,198692.3212831052,1,1,1,124758.13610381515,1
158,109474,Smith,722,France,Male,65,5,27924.139261683766,3,1,0,95733.344589186,0
159,107526,Brown,692,Germany,Male,46,3,12579.552214787143,4,1,1,13411.707569730708,0
160,108901,Brown,784,France,Female,24,8,323041.50891592767,2,1,1,122490.21628435288,0
161,105575,Davis,637,Spain,Male,33,3,65781.26522975712,4,0,1,32341.62237874305,0
162,105530,Davis,493,Spain,Female,18,5,9802.873917834002,2,0,0,14022.409249534161,0
163,104413,Brown,749,France,Female,50,4,24246.3972098657,4,1,1,30343.963984733055,0
164,103748,Jones,625,Spain,Female,26,0,121658.10925390186,1,1,1,47827.479123165154,0
165,100663,Garcia,777,France,Male,28,3,8481.340215826223,1,1,1,103068.21737256809,0
166,101998,Garcia,731,France,Female,44,9,56750.90638202713,2,0,1,153514.8827487653,1
167,107994,Miller,749,France,Female,18,2,55788.75535609788,1,1,1,189426.74611798927,0
168,101495,Jones,850,Spain,Male,54,7,115733.7833449396,2,0,1,65321.509945608974,1
169,103304,Johnson,678,France,Male,47,6,22239.85525791584,3,1,0,116958.0427606933,1
170,103763,Jones,794,France,Male,32,9,412093.79907974385,2,1,1,199143.32275447942,0
171,105232,Jones,609,Spain,Male,38,0,16874.891863745,4,1,0,122264.01091981765,0
172,101853,Jones,704,France,Female,28,10,91221.49000666787,2,1,1,122689.53362336753,0
173,106585,Johnson,599,Spain,Male,78,7,39764.91273035392,3,0,1,42257.47344984478,1
174,101291,Miller,697,France,Male,25,6,14257.799164033546,3,1,0,70615.92932067494,0
175,103581,Johnson,687,Spain,Female,43,1,77410.46490570749,3,1,1,47432.6425129784,1
176,107554,Williams,443,Germany,Female,35,9,18574.36770140862,1,1,0,186089.78538710612,0
177,107280,Miller,588,Spain,Male,39,3,113896.15923403614,1,0,1,99033.69636090516,0
178,101636,Williams,673,Spain,Male,46,1,3296.8409766851178,4,1,0,78991.87340739429,0
179,103696,Williams,424,Spain,Male,47,8,71415.55023419659,1,1,0,149735.68782875928,0
180,100698,Williams,640,France,Male,33,7,24715.817850091,2,1,1,76945.15209052105,0
181,104737,Garcia,750,Spain,Female,21,0,299562.31523279153,3,1,0,175127.92270107,0
182,100854,Brown,780,Germany,Male,28,0,123971.01190232056,1,0,1,138886.14857558833,0
183,108164,Brown,571,France,Female,32,7,140764.82892815402,1,1,0,19864.316656313615,0
184,105855,Williams,786,Spain,Female,30,4,122196.75176205163,4,0,1,117063.65421499731,0
185,107392,Williams,770,France,Male,23,0,109630.13223604903,1,1,1,166532.91098748433,0
186,106528,Smith,435,France,Female,45,10,14855.570013180017,1,0,0,188858.76232582692,0
187,105249,Davis,661,France,Male,18,3,596321.3452102497,3,1,1,68621.61855038647,0
188,105172,Brown,672,Germany,Male,38,1,107112.04292611811,4,1,1,66548.11815348137,0
189,101707,Davis,801,Germany,Male,18,8,227671.3087476157,3,1,1,114384.73429817568,0
190,105791,Davis,678,Germany,Male,55,9,70078.83209428845,1,0,0,14706.582418018803,1
191,109925,Smith,789,France,Female,29,5,33683.18398449825,2,1,0,67175.52404793186,0
192,105535,Davis,571,Germany,Male,28,10,57488.31118510247,3,1,1,155986.3881656185,0
193,104931,Miller,490,Spain,Female,25,8,50942.56613347546,2,1,0,174210.4884518191,0
194,103510,Smith,585,France,Male,64,0,1608.8097941344695,2,1,1,85595.80817230725,1
195,100202,Davis,807,Germany,Female,58,0,112373.9769500341,3,1,1,184212.47034118214,0
196,104218,Davis,742,France,Female,39,10,133806.5628880361,4,1,1,64886.54558329776,0
197,108958,Jones,850,France,Male,31,3,4177.3267349233065,2,1,1,18877.989868199358,0
198,104389,Davis,505,Germany,Male,70,1,28228.78060559625,3,1,1,42746.38480338341,1
199,102327,Garcia,754,France,Female,46,0,109194.34974343213,1,1,0,174915.67122894965,1
200,108004,Miller,725,Germany,Female,35,5,38845.283351338374,3,1,0,193995.74725687565,1
201,102931,Johnson,621,Germany,Female,30,7,271582.78086063097,1,1,1,126000.10800776273,0
202,107777,Brown,727,France,Male,51,0,11945.476955754828,4,0,1,149091.41882238266,0
203,100197,Williams,663,France,Male,35,10,263229.7073212026,2,0,0,168838.39387310753,1
204,107125,Davis,696,Spain,Male,18,10,245293.62858990623,4,1,0,47533.2612766936,0
205,101930,Miller,718,France,Male,41,9,311825.2467499827,4,1,1,115173.06336811474,0
206,106287,Williams,748,Germany,Female,42,9,8037.279608837468,2,1,1,188340.18985190196,1
207,108800,Johnson,658,Spain,Female,39,5,31800.5776179772,1,1,1,78633.68856712486,0
208,109339,Miller,827,Spain,Female,46,0,28944.353241863897,3,1,0,198210.20350463825,1
209,104282,Brown,628,Germany,Female,34,7,216538.0614083705,1,1,1,144525.1205459739,0
210,102511,Miller,838,France,Female,39,5,164597.88440708385,2,1,1,138206.92506239229,1
211,109986,Williams,537,France,Male,38,0,17303.84583391009,1,1,0,17114.210630137022,0
212,100659,Williams,551,France,Male,18,8,15254.29314702962,1,1,0,13522.1150455072,0
213,102811,Jones,557,Germany,Female,49,0,64270.35274355264,1,0,0,41383.487566761396,0
214,107098,Davis,745,France,Male,47,8,19036.11273816099,2,0,1,187381.36475686595,0
215,106546,Smith,569,Spain,Male,53,2,64607.36912410244,4,1,0,160865.58802164532,1
216,109561,Miller,799,Germany,Male,23,7,186236.18887434097,3,0,1,108870.49034977793,0
217,101986,Williams,597,France,Male,32,7,69297.5702945418,4,1,1,104175.08243417906,0
218,108338,Garcia,689,France,Male,55,6,128896.86749742666,3,1,1,35712.3994151762,0
219,102911,Brown,714,Germany,Female,30,1,28777.78055259947,2,1,0,84452.38740777329,0
220,101734,Garcia,548,France,Female,65,2,30895.697495940323,2,1,1,39825.20070181915,1
221,101843,Johnson,510,Spain,Male,18,4,90086.81854312259,1,0,0,62908.116545384146,0
222,108680,Miller,678,Spain,Female,30,4,191345.13216989403,3,1,0,12787.095080000461,0
223,102976,Jones,622,Spain,Female,32,1,75738.73623076988,4,1,0,83566.19089552821,0
224,101959,Brown,699,Germany,Male,50,0,22099.74475308572,3,1,0,137925.41221863675,1
225,105759,Jones,515,Spain,Male,63,4,24568.535853891033,3,1,1,141069.2694106665,1
226,106694,Smith,614,Germany,Male,43,4,95975.91017035332,2,0,0,90047.56702229593,1
227,102385,Williams,631,France,Male,18,2,10913.789228607944,3,1,1,149018.88791908207,0
228,104736,Davis,406,Germany,Female,37,7,6771.915431874558,1,0,1,91521.13742401601,0
229,101802,Brown,749,France,Male,40,5,10846.84859788557,4,1,0,181670.32703027147,0
230,108155,Johnson,574,France,Male,44,1,49814.71645177517,3,1,1,71187.59730635828,0
231,108120,Davis,799,Spain,Female,37,1,43752.90406210103,3,1,1,125111.03355470739,0
232,106616,Miller,580,Spain,Male,58,3,214.88996927313207,1,1,0,30822.13186489646,1
233,105534,Smith,597,Germany,Female,25,5,17634.591920566912,4,1,0,105812.03242384523,0
234,104061,Smith,525,France,Female,23,8,42696.268342155534,4,1,1,82896.81798519155,0
235,100262,Jones,764,Germany,Male,29,7,56204.98179200838,1,1,1,60005.22317587855,0
236,106287,Smith,695,France,Female,78,7,51466.17096860596,2,1,1,71337.23599315183,1
237,108815,Brown,790,France,Male,36,1,38510.09142135851,4,1,1,71581.13910222922,0
238,109208,Jones,629,Spain,Female,56,10,167089.51897829812,2,0,0,102800.41728193474,0
239,102049,Davis,645,France,Male,55,3,53788.908109890785,1,1,0,170470.02125116723,1
240,105423,Smith,481,France,Male,18,5,103415.42605163348,3,0,0,103363.17056228593,0
241,104548,Miller,587,Spain,Female,38,5,178673.40683179942,3,1,0,50828.51996331636,0
242,103108,Davis,667,France,Male,55,9,192222.55230109167,1,0,1,24605.28769482309,1
243,107158,Johnson,688,Germany,Female,81,5,194502.47152344996,4,0,1,77443.3060596474,1
244,107400,Miller,832,Germany,Female,55,7,68249.86005973711,2,1,1,41214.50910810008,1
245,103170,Garcia,464,Germany,Male,33,7,108270.31906428863,1,1,1,169046.91648463064,0
246,109874,Brown,672,France,Female,60,6,37785.632369260056,3,1,1,199045.9903459744,1
247,102255,Johnson,612,France,Male,32,4,197937.279714625,3,0,0,171460.86898515167,0
248,101154,Johnson,657,France,Female,22,5,23992.06357487818,4,1,0,84060.39496631398,0
249,104499,Jones,660,Germany,Male,49,5,154977.74401855885,4,1,1,26851.695785297183,1
250,106295,Williams,630,France,Female,18,2,63447.70940492929,2,1,1,145240.97600156156,0
251,106197,Jones,536,France,Female,30,10,35494.37022486169,2,0,0,137457.21841944582,0
252,109888,Brown,518,Spain,Female,61,2,47748.47674370036,2,1,1,24247.27926657588,1
253,101648,Brown,623,France,Female,49,6,88738.62599568894,1,1,0,160195.76903694237,0
254,105539,Jones,507,Spain,Female,26,5,265902.36775433616,2,1,1,166932.1804111094,0
255,109637,Williams,638,Spain,Male,41,4,10263.422008474045,1,1,0,146819.54988689633,1
256,104199,Miller,624,Spain,Male,37,10,251921.70992243392,1,0,1,148682.82715782075,1
257,108445,Jones,404,Spain,Female,52,5,169123.66405235004,4,1,0,141541.95175900013,1
258,102557,Brown,843,Germany,Male,44,5,88509.11437298376,1,1,1,93756.8060983436,0
259,105592,Williams,657,Germany,Male,41,3,13966.41334462149,4,0,1,127700.01255084554,1
260,100098,Brown,406,Germany,Male,38,10,167373.78815454608,2,0,0,127792.23765625963,1
261,102200,Williams,674,France,Female,22,4,117322.33674559384,1,1,1,112899.74645214113,0
262,102961,Williams,629,France,Male,59,6,68779.88760246607,2,0,1,125364.10555437944,1
263,104973,Davis,518,France,Male,45,10,217039.31374971074,1,1,0,86840.90123912143,1
264,104433,Jones,680,France,Female,34,10,109199.74377064705,1,0,1,139379.07390929438,0
265,102869,Jones,555,Spain,Female,35,0,34056.6850769342,4,1,1,54350.90413849261,0
266,100956,Jones,669,Spain,Female,37,9,4459.993117636433,2,1,1,172349.82029438435,0
267,108352,Williams,579,Spain,Female,26,5,142434.53403748779,1,0,1,171905.914237803,0
268,105699,Williams,559,France,Female,30,4,29500.109561962166,3,0,0,105383.70130812489,0
269,106944,Brown,648,France,Male,53,5,32922.600826284826,1,1,1,105144.5369102193,1
270,104493,Johnson,487,Spain,Male,18,0,59731.672043193365,2,1,1,86765.97353961029,0
271,109492,Jones,641,France,Male,66,3,138616.498909264,4,0,0,20199.362937666017,1
272,104911,Davis,715,Spain,Female,39,7,258123.91882518283,3,1,1,38573.710350409456,0
273,103987,Garcia,777,Spain,Male,27,3,24369.31099557737,2,1,1,146198.42880208004,0
274,109719,Brown,758,Germany,Female,33,9,213720.84658979543,1,1,0,38474.97446411745,1
275,106015,Brown,785,France,Male,45,7,92728.22284170939,4,1,0,89214.81070721046,0
276,101218,Smith,604,France,Male,31,10,193502.33334003552,4,0,0,78321.09326402974,0
277,104496,Jones,547,France,Female,48,7,188524.2943555277,2,1,1,52942.16533746031,0
278,104735,Miller,731,Germany,Male,23,1,49821.24313572101,1,1,0,111220.30734922344,0
279,104555,Brown,598,Spain,Male,27,5,113361.93889304392,3,1,0,79987.52482087248,0
280,109146,Smith,650,France,Female,42,6,293006.28497513477,2,1,0,154685.31986659302,1
281,108050,Garcia,724,France,Male,29,6,111591.45982577847,3,1,1,131970.3916978677,0
282,103446,Davis,850,Germany,Male,68,0,61278.32769724523,4,1,1,102119.56965248527,1
283,101045,Garcia,702,France,Male,51,3,46515.36041773239,4,1,1,120007.33552525892,1
284,106893,Miller,670,Spain,Female,46,6,15468.334279278653,4,1,1,92819.87891047874,0
285,101693,Jones,537,France,Female,40,5,672269.2578714627,3,1,1,159179.9318473737,0
286,103436,Williams,766,Spain,Male,33,2,107241.38890205049,1,1,1,192533.4800781853,0
287,108754,Smith,690,Spain,Male,35,9,32373.353178447196,2,1,1,156061.8308559142,0
288,105895,Williams,615,Spain,Female,26,9,7736.572700847107,2,1,1,173935.76444062637,0
289,103354,Garcia,604,France,Female,42,0,140209.69264212687,2,1,1,159231.8567250199,0
290,100225,Garcia,609,France,Female,20,4,193151.53099918168,3,1,0,88379.53256760599,0
291,104893,Johnson,654,Spain,Male,60,10,55826.0796564707,1,1,1,172513.7406917143,0
292,107022,Johnson,504,Spain,Male,39,7,312541.53861379053,4,1,1,18731.18276016579,0
293,109151,Davis,771,Germany,Female,59,2,39821.16983334407,4,1,0,178429.1706161659,1
294,105600,Miller,753,France,Female,52,4,141083.75506435413,3,1,1,100136.87482295798,1
295,107996,Johnson,633,France,Male,37,8,30514.356055650842,2,1,0,73755.48344919218,0
296,109007,Johnson,609,Spain,Female,45,7,40937.85577466778,1,0,1,110527.31470461072,1
297,107683,Miller,647,France,Male,32,10,92985.82236330216,1,1,1,141199.97760874947,1
298,104642,Brown,664,France,Female,37,8,3735.528981327227,1,1,0,127509.12108603644,0
299,107679,Johnson,619,France,Female,27,4,23676.00400699525,1,0,1,128037.94076559767,0
300,108208,Brown,749,Spain,Male,63,2,19400.444983182304,1,1,0,30413.956792968736,1
301,107339,Brown,507,France,Female,41,10,39747.87055064775,2,1,1,148931.61353996227,0
302,109435,Jones,578,Germany,Female,51,8,150267.00217128926,4,1,0,145671.1060010059,1
303,102205,Brown,727,France,Male,32,3,238164.49529264114,2,0,1,33390.83593866282,0
304,101069,Brown,682,France,Male,62,0,1275.35378376564,4,0,1,19793.703745254003,0
305,103444,Johnson,582,Germany,Male,28,10,29738.53669715067,2,0,1,196751.37810435847,0
306,101060,Brown,690,France,Male,37,1,2571.680557615812,4,1,1,152181.13039544327,0
307,102327,Williams,570,France,Male,31,7,197503.34944604244,2,1,1,125715.84982295963,0
308,103420,Miller,618,Germany,Female,43,1,22156.17343790628,3,1,0,71165.80034871594,1
309,100301,Johnson,754,France,Female,28,5,147271.43274946793,1,0,1,63517.901075729365,0
310,100606,Miller,743,France,Male,47,4,3387.2232016285293,1,1,1,37086.769694228315,0
311,103170,Smith,678,Spain,Male,42,8,50813.61152547087,2,1,1,126237.2325264801,0
312,100699,Johnson,544,Spain,Female,36,7,44414.07010306894,2,0,1,120102.64032549075,0
313,105088,Brown,612,France,Male,23,0,39948.410295859365,1,1,1,187840.13862511562,0
314,109331,Williams,659,France,Male,37,2,84438.0971026949,3,0,0,129868.34460029342,0
315,100190,Miller,795,France,Male,37,4,49644.43717294143,4,1,1,96640.7649003247,0
316,100980,Johnson,471,Spain,Female,52,7,51622.44571364292,4,0,1,180640.8293827299,1
317,102975,Williams,562,Germany,Male,34,6,20973.81387443403,3,1,1,127275.89676236274,0
318,106102,Miller,762,France,Female,24,1,53529.875475200686,1,1,1,146154.27332607354,0
319,101184,Smith,786,Spain,Female,18,6,135127.9136210118,2,1,1,129652.06258879312,0
320,103327,Garcia,643,Germany,Male,56,4,39021.263815322396,4,0,1,43505.18064939004,0
321,103394,Davis,803,France,Male,36,5,194550.61527824868,4,1,1,34915.7253866169,0
322,108319,Davis,576,France,Male,43,7,18167.94548743183,4,1,1,129257.67983764986,0
323,101816,Smith,499,France,Female,31,4,187492.3084157558,1,1,1,183789.88817454493,0
324,105854,Garcia,729,Spain,Male,30,8,95650.58396766467,2,1,0,193144.5340059994,0
325,106709,Jones,779,Germany,Female,37,0,55126.1095405033,1,1,1,199128.78929242847,1
326,100569,Garcia,777,France,Female,26,4,3587.2520228594462,1,0,0,170599.42795879423,0
327,105442,Jones,563,Germany,Female,33,0,13532.475334374942,4,0,0,80141.32875049442,0
328,101895,Johnson,669,Germany,Male,49,0,53487.652513769746,2,0,1,127174.72666898466,1
329,102733,Jones,733,France,Female,49,0,210314.48791974926,1,0,0,126333.71421028784,1
330,103863,Davis,680,France,Female,31,4,314264.4301211674,1,1,1,112861.7180183159,1
331,107455,Davis,794,Germany,Male,35,8,265465.1147283501,3,0,0,151394.162557838,0
332,104014,Williams,609,France,Male,18,1,32031.908357427434,3,1,0,43608.15984251232,0
333,101686,Jones,642,France,Male,18,5,29643.451487380473,2,0,1,47132.154129399074,0
334,103009,Williams,673,France,Female,31,4,134520.50860489803,4,1,1,189567.31646797375,0
335,107806,Davis,733,France,Female,39,6,282266.77733610204,1,0,1,169819.68762367888,0
336,100154,Miller,630,Germany,Male,19,6,14311.558740137229,3,1,0,165799.24511824083,0
337,101409,Miller,742,France,Female,49,2,47414.6307062433,2,1,1,102603.71080311746,0
338,100784,Garcia,810,Germany,Female,51,5,181033.47687155512,4,0,1,118554.75358730809,1
339,108096,Garcia,598,France,Male,26,2,67724.77699153,3,1,0,129318.65657000321,0
340,107560,Garcia,633,Germany,Female,25,1,184746.07882489386,4,1,1,66969.07048323746,0
341,107343,Jones,746,France,Female,45,4,12414.991875912257,4,0,1,67108.16876760293,0
342,107206,Garcia,842,Germany,Male,64,3,150071.3115788388,3,1,0,45471.57528289766,1
343,105596,Jones,713,Germany,Male,32,3,49364.91752239496,1,1,0,117127.60305449826,1
344,105801,Jones,571,Germany,Female,53,3,118108.43288875645,3,1,1,42389.2474477022,0
345,102806,Brown,669,Spain,Female,38,7,34694.08329405686,3,1,1,49479.04322336878,0
346,100537,Brown,746,France,Male,39,0,117732.85614016253,1,1,0,181628.1698639721,1
347,105986,Jones,568,Spain,Male,36,2,121101.19792485374,2,1,1,110677.85296702976,1
348,101841,Miller,542,Spain,Male,53,8,54358.492505438415,1,0,1,128220.50537956732,1
349,108716,Williams,615,Germany,Male,68,2,347981.3860311037,1,1,0,36883.708972783876,1
350,106971,Davis,715,Spain,Male,51,0,48.90874770816788,4,1,0,50405.62819113147,1
351,105625,Davis,513,France,Male,21,4,112149.43398569497,2,0,0,30089.20254656096,0
352,102950,Johnson,580,France,Male,35,3,239381.747985815,4,0,0,62737.5187432651,0
353,107992,Smith,677,Germany,Male,18,9,194829.77840738284,4,1,1,177674.60398017743,0
354,104780,Brown,759,Spain,Female,69,7,83176.04885188228,3,1,0,179012.3625920654,1
355,102368,Jones,679,France,Male,44,10,226098.9728332465,1,1,0,138492.67396913964,0
356,106655,Smith,687,Germany,Male,26,10,11421.349103910201,1,1,0,176569.67888605644,0
357,108173,Brown,750,Spain,Male,42,8,78412.2655749676,4,0,1,47556.49824552869,0
358,104495,Johnson,809,Spain,Female,67,9,397980.7151043015,1,1,1,39464.4867221692,1
359,109163,Davis,798,France,Female,26,4,477441.45796714094,2,1,1,155810.26329328102,0
360,106002,Williams,445,France,Male,30,0,113680.96853663224,1,1,1,198041.76356121196,1
361,106614,Jones,659,France,Male,21,3,18350.427419527943,4,0,0,146793.19397182358,0
362,109358,Johnson,741,Germany,Female,47,2,11982.531114714764,1,1,1,18557.247998308245,0
363,105919,Davis,819,Spain,Male,36,5,255677.2897270051,4,1,1,46225.07356359222,0
364,100853,Miller,714,Germany,Female,18,1,212576.58999676022,2,0,1,58213.66711897618,0
365,104146,Brown,564,Spain,Male,44,4,37892.20599663616,3,0,1,91232.99327072827,0
366,103769,Jones,577,Spain,Male,53,7,268181.8923002216,4,1,1,53209.26593384489,1
367,100574,Smith,580,Germany,Female,31,10,13986.730513135803,4,0,0,23004.139472557075,0
368,101148,Miller,680,France,Female,38,4,34883.61316850721,1,1,1,60252.79902564415,0
369,106293,Davis,602,France,Female,35,4,103317.95818802314,3,0,0,77708.53232388181,1
370,106457,Miller,345,France,Female,49,7,18713.698275838764,2,1,1,65016.34542130032,0
371,107509,Garcia,532,France,Female,18,10,451566.49709257996,3,1,0,16819.671259788178,0
372,109907,Williams,605,France,Female,29,4,25175.87791480624,4,1,0,186353.48115496122,0
373,104777,Davis,513,France,Female,34,3,28146.227664927075,2,1,1,113584.87278137656,0
374,103854,Miller,528,France,Female,50,9,64358.8709993378,2,1,1,171457.08174803894,1
375,102491,Brown,850,Germany,Female,39,8,150733.0788101635,3,1,1,14488.520183290162,1
376,103124,Williams,649,France,Male,19,1,12839.163862837086,4,1,1,161758.0530943106,0
377,105691,Jones,611,Germany,Male,30,0,110094.88354936223,3,1,0,144306.02970411733,0
378,103051,Garcia,716,Germany,Male,57,3,10466.230831324503,1,0,1,195677.04716139968,1
379,100004,Davis,764,Germany,Male,19,9,9951.229320521838,4,1,1,33185.89847785305,0
380,105222,Johnson,850,Germany,Male,54,2,4227.66493248359,2,1,1,132663.6305191111,0
381,105315,Williams,820,Germany,Female,53,8,78662.00865191632,3,1,1,15572.272710827063,1
382,104869,Smith,693,Spain,Male,57,2,57264.62094500243,1,0,1,78841.7538044267,1
383,100876,Brown,496,France,Male,55,2,36723.865256036006,2,1,0,131365.29230179582,1
384,109183,Davis,549,France,Male,59,9,74889.53320184808,1,0,1,187196.41677598565,1
385,107027,Smith,609,France,Female,18,6,69685.15877799626,4,1,0,27201.760793014502,0
386,104142,Williams,700,Germany,Female,58,1,64222.85844716189,1,1,1,103761.13360131189,1
387,106966,Davis,659,France,Female,46,10,18928.757931819808,2,0,1,56495.09297192627,0
388,107079,Garcia,502,France,Male,30,7,227254.6374918481,1,0,1,52323.00313710842,0
389,107987,Johnson,484,France,Male,21,5,96764.89012410217,3,1,1,141265.46908932415,0
390,106799,Johnson,675,Germany,Male,39,10,13615.360793227455,4,0,1,16718.988469989097,0
391,104465,Smith,662,Germany,Male,74,8,29499.22220029984,1,1,1,130612.40500488694,1
392,100635,Jones,629,France,Male,46,7,144640.6618992552,1,0,1,42174.893008641644,1
393,101693,Jones,698,France,Male,31,3,149794.7882842717,2,0,1,14359.225356976318,0
394,109874,Garcia,774,Spain,Female,74,7,129367.76418399649,3,0,1,114023.07928448537,1
395,104752,Johnson,681,Spain,Female,48,3,156287.05270175124,3,0,1,32757.03260441073,0
396,108311,Smith,555,France,Female,49,10,91180.69166915331,3,1,1,117370.97618895581,0
397,100830,Smith,841,Spain,Female,43,4,34076.05620615529,3,0,0,64426.817875724024,0
398,105177,Davis,632,France,Male,46,10,44264.25795056177,1,1,1,64113.51000085415,0
399,109561,Davis,654,France,Male,18,9,71261.23796438471,3,0,0,163321.79583861586,0
400,108932,Smith,584,France,Male,41,10,28239.331860839255,4,1,0,145693.5501325427,0
401,108308,Davis,542,Spain,Male,50,6,191945.91382944037,3,0,1,167534.45623315367,1
402,105949,Williams,550,France,Male,62,5,137418.8103709227,2,1,1,91655.32190521482,1
403,102838,Davis,528,France,Male,73,4,391232.85419231764,3,0,0,32748.74545604344,1
404,101150,Garcia,349,Spain,Male,55,1,53658.33496531493,2,0,0,155435.35305084786,1
405,107560,Jones,634,Germany,Male,42,4,204612.6609623545,4,0,0,174964.82916968782,0
406,101931,Jones,760,Spain,Female,40,9,151016.14877433004,3,0,1,122349.36978412163,0
407,109204,Williams,551,France,Male,28,6,178342.26661801737,4,1,1,53110.01031243663,0
408,101664,Brown,850,France,Female,47,10,116522.81008203431,1,0,1,156053.27571421926,0
409,101081,Williams,788,Spain,Male,68,5,42929.92463241027,3,0,1,19914.353277643342,1
410,100512,Garcia,648,Germany,Male,33,5,27961.210595115648,4,0,0,76367.44286337541,0
411,107805,Smith,538,Spain,Female,41,4,31788.326240997838,4,1,1,85214.0522206721,0
412,105237,Williams,490,Spain,Male,28,8,83698.41534520447,2,1,1,74048.31497399289,0
413,100559,Smith,638,Germany,Male,54,0,211738.63236326672,4,1,1,189598.75984066268,1
414,103672,Garcia,656,France,Female,57,3,59616.906350352176,4,1,1,168384.86887102076,1
415,107404,Miller,629,France,Male,28,6,91341.77422519904,3,1,0,111514.48013069162,0
416,103343,Garcia,756,France,Female,47,0,132351.09253775483,1,1,1,187772.76166935984,0
417,104070,Johnson,799,France,Male,18,10,193285.3768521112,4,1,0,40984.92246010681,0
418,109662,Smith,697,Spain,Male,34,3,104550.24185884628,4,0,1,29744.53412133721,0
419,100580,Jones,702,France,Female,58,5,99237.91709442285,2,0,0,84059.47735720733,1
420,107004,Williams,618,Spain,Male,31,9,438944.78187355626,1,1,0,198280.1961138402,0
421,108130,Miller,649,Spain,Female,19,7,198351.9125520213,4,0,0,181847.9461382297,0
422,103147,Garcia,691,Spain,Male,49,6,132207.24179495167,3,1,1,53391.51901646209,0
423,104249,Smith,618,Spain,Male,37,8,178344.71194161882,3,0,0,186805.50947275767,0
424,101679,Miller,716,Germany,Female,41,6,916194.3372500124,2,0,1,130488.96738078949,1
425,103506,Brown,544,Spain,Male,44,2,70465.19027969119,1,0,1,69830.2428428412,0
426,107253,Johnson,576,Germany,Female,52,9,122258.84270959515,1,1,1,165563.4443488426,1
427,102744,Brown,545,Germany,Male,55,3,167884.7791926558,4,1,1,172994.83261733016,1
428,109435,Garcia,583,Germany,Female,44,2,58733.04352908162,2,1,1,11676.179917938503,1
429,105188,Brown,621,Germany,Female,56,8,309969.53606982424,3,1,1,36960.15357634535,0
430,102141,Brown,752,France,Female,38,10,48161.82272115979,4,1,1,152778.12100024396,0
431,106617,Johnson,654,France,Female,43,10,27848.641801890783,3,0,1,126909.61740874105,0
432,102479,Johnson,521,France,Male,39,7,113038.6321081303,1,0,0,60819.85379906126,0
433,106484,Davis,509,France,Female,21,9,8419.477948376067,2,0,0,63326.70471504865,0
434,109827,Johnson,608,France,Male,61,8,13541.032171676017,1,0,1,32506.023800337363,1
435,107421,Miller,733,Spain,Male,39,9,352274.78952559247,3,0,1,92093.39324480627,0
436,109949,Davis,790,Germany,Male,62,9,33079.93185386306,3,1,0,23144.004429126668,1
437,104452,Johnson,490,France,Female,45,1,3370.9254617873817,1,1,1,140396.41929948443,1
438,105881,Brown,687,Spain,Female,45,4,64367.82344489013,3,1,1,57810.73612768904,0
439,106665,Jones,609,Spain,Male,53,4,201999.78539471593,4,1,1,177601.60562507014,0
440,102849,Jones,617,Spain,Male,43,6,40543.883402773055,4,0,1,29469.053987437557,1
441,107390,Davis,543,Germany,Male,29,3,54356.19486908737,3,0,1,141968.60054676255,0
442,106905,Johnson,627,France,Female,36,3,17060.88839488647,4,0,1,175612.29569932973,0
443,102489,Miller,539,France,Female,56,7,42478.98759277992,4,1,0,144235.09509855075,1
444,109823,Williams,623,Germany,Female,49,0,336428.04445182206,4,1,1,186086.67141612183,0
445,109207,Smith,764,France,Male,26,5,209729.345470092,4,1,1,73483.94814048016,0
446,109540,Garcia,713,France,Female,43,8,134649.97789854353,2,1,0,37054.60288396919,1
447,104611,Miller,841,Spain,Female,24,1,154279.93128550274,2,1,1,77446.3782752693,0
448,102839,Williams,702,Germany,Female,40,4,110668.80449617402,2,1,0,123902.46354205339,0
449,108527,Garcia,667,France,Female,54,9,12550.928419761365,3,0,1,189774.2234423801,1
450,105878,Williams,705,France,Male,30,9,12493.505883344516,4,1,0,67261.23026227366,0
451,109087,Williams,572,France,Male,37,8,77043.19007582474,2,0,1,140717.34036673993,0
452,106303,Davis,441,France,Male,25,10,90498.2197955504,1,1,1,30534.554397060412,0
453,100851,Jones,729,Germany,Male,48,3,356921.37131871155,4,1,0,62100.03233946366,1
454,101687,Smith,470,France,Female,41,8,59997.73070312997,3,1,1,41684.67678824368,0
455,106833,Williams,762,Spain,Male,29,7,249468.6119291909,4,1,1,101759.74372854513,0
456,102427,Johnson,725,Spain,Male,45,8,463928.7236134249,1,0,0,188081.72466843104,0
457,109760,Garcia,565,Germany,Male,38,1,186111.74915508914,3,1,1,184001.13075015097,0
458,104000,Miller,606,Spain,Male,46,9,50912.78944049683,1,1,1,92056.6277062382,0
459,105052,Jones,648,France,Male,25,4,140014.18055459633,2,1,1,173167.07393557354,0
460,102738,Garcia,557,Germany,Female,34,9,78847.33493353453,4,1,0,92875.87947427233,1
461,105732,Davis,704,Germany,Male,41,8,22166.583554712102,3,0,1,88651.07889599283,0
462,105387,Johnson,712,Germany,Female,49,4,13891.919277771374,3,0,1,178231.15555537658,0
463,108002,Johnson,505,France,Female,24,3,7265.980065374038,1,1,1,17344.383475203475,0
464,105536,Williams,567,France,Female,40,7,39516.80377607777,3,1,1,177517.34319275385,0
465,103913,Johnson,646,France,Male,53,5,116719.37308476232,1,1,1,168843.24342879062,1
466,101066,Smith,764,Germany,Male,39,1,245173.77967125212,2,0,1,49435.824623078784,0
467,107723,Davis,715,Spain,Female,34,7,38630.61357901952,1,1,0,88143.980156229,0
468,104380,Johnson,416,Germany,Male,30,4,75719.82412497718,1,0,0,171986.3478541638,0
469,104107,Williams,620,Spain,Female,31,6,63263.87764415655,3,1,1,116726.4942109515,0
470,105726,Garcia,697,France,Female,42,3,11514.508150781192,2,1,1,148830.02300291552,1
471,103373,Davis,570,Spain,Male,18,8,142827.9023638858,2,1,1,41003.72398479381,0
472,108945,Johnson,562,Germany,Male,30,1,73266.11358882285,2,1,1,100869.87527477184,0
473,102082,Jones,575,France,Female,45,9,249263.67860764693,2,1,0,107882.06098916322,0
474,108967,Davis,619,Germany,Male,50,8,180453.59980508997,3,1,1,29455.980587940634,1
475,106748,Davis,552,Germany,Female,24,3,32610.877726034465,3,1,1,72797.2902730819,0
476,109817,Miller,715,France,Female,29,5,37486.71249030989,3,1,0,149872.52785911167,0
477,100417,Jones,563,Spain,Male,40,4,76999.81042269408,2,1,0,43619.255808623246,1
478,108306,Jones,546,Spain,Female,48,2,13369.827152752114,1,1,0,128662.59054783183,1
479,108808,Garcia,610,France,Male,33,6,28917.539291936155,2,0,1,25697.33737620442,0
480,103974,Brown,797,France,Male,37,3,172088.91485444736,2,1,0,26156.286918822647,1
481,103267,Miller,702,France,Female,44,0,16605.953711554386,2,1,0,142468.3627356558,1
482,100825,Jones,708,Spain,Male,21,7,79019.04067560937,1,1,1,198597.43756444464,0
483,107668,Jones,678,France,Female,63,2,50081.84791960333,4,1,1,80087.66870512797,0
484,105745,Brown,555,France,Male,40,5,22430.784144586894,1,1,0,127589.2819817298,1
485,109708,Garcia,585,France,Female,33,1,349904.281006674,4,1,1,128241.9243551849,0
486,100412,Miller,569,France,Female,56,8,174367.5000584988,3,1,1,44674.19941346018,1
487,107543,Jones,759,France,Female,40,3,31017.79558516186,4,0,1,188771.56454848003,0
488,107587,Williams,679,France,Male,36,6,153843.16619032915,2,0,1,111013.03508042879,0
489,100728,Garcia,483,France,Female,44,8,643.8429334492978,2,1,0,85216.7411512795,0
490,107164,Miller,795,France,Female,39,10,32512.89152839074,4,1,1,36971.66610308996,0
491,108867,Jones,616,Spain,Female,29,2,11428.69843390787,2,1,1,117529.20292993003,0
492,105988,Jones,715,Spain,Male,55,2,55178.98027793285,4,0,1,181630.17145758442,0
493,102504,Brown,755,France,Female,18,2,101587.04429078271,2,1,1,107733.28274767258,0
494,102967,Miller,393,Germany,Female,32,4,18791.02341265033,3,1,0,34811.31862944697,0
495,102786,Williams,695,Germany,Female,66,9,27321.885169469995,1,1,0,63870.19594750057,1
496,101122,Garcia,624,France,Male,40,5,49873.89411847252,3,1,1,197658.48417821663,0
497,104079,Johnson,407,France,Female,18,2,99635.15384574357,3,1,0,87198.94924096837,0
498,101571,Smith,536,Germany,Male,55,9,37211.69187435754,4,1,1,197185.7462047486,0
499,105073,Williams,604,France,Male,34,8,92005.49363358006,3,1,1,114403.72669808581,0
500,105104,Johnson,734,Germany,Male,23,0,42962.994043417115,1,0,1,145380.16245163174,0
501,102143,Williams,632,Germany,Male,54,6,29821.89077145351,4,0,0,53127.10485915695,0
502,109879,Miller,664,Germany,Male,55,10,193136.55610487773,3,1,0,197594.14846902926,1
503,106806,Johnson,614,Spain,Female,60,8,48284.57269826811,2,0,1,13200.428221357783,1
504,107357,Miller,758,Germany,Female,24,4,250561.05608881963,3,1,0,172983.337758299,0
505,103440,Johnson,702,Spain,Male,36,2,36467.06068791552,4,1,1,141312.32912806454,0
506,103766,Williams,666,Spain,Male,34,9,78279.21954936063,2,1,0,135782.37820651793,1
507,105644,Brown,535,France,Female,25,3,5508.590693682118,3,0,1,70983.74487124724,0
508,102914,Williams,661,Germany,Female,47,7,114028.8051585393,3,1,0,46635.64573166907,0
509,104968,Miller,850,Germany,Female,55,2,158705.3854935015,2,0,1,129109.61162103228,1
510,105917,Williams,729,Germany,Male,32,4,355482.6333694155,2,0,0,184018.80984665276,0
511,108787,Davis,576,France,Female,41,2,181162.38932096428,2,1,0,58778.33207301128,0
512,100728,Davis,835,France,Female,41,5,37472.22431922706,2,1,1,163505.91855240232,0
513,101365,Johnson,571,Spain,Male,55,0,81328.91102814527,2,0,0,28252.832591025857,0
514,104492,Davis,721,Spain,Male,39,6,89617.90330360456,1,0,0,57369.01116009452,1
515,100698,Smith,645,France,Female,39,10,5846.18644254497,1,0,1,21982.229124006037,0
516,107186,Johnson,668,France,Female,52,5,7543.170856436508,1,0,0,83588.83814461801,0
517,100395,Davis,671,Spain,Male,40,5,39423.830994477896,3,1,1,142763.93059655654,0
518,107400,Jones,625,France,Female,30,2,136423.55172210545,1,1,0,104989.45078043472,0
519,108082,Williams,611,France,Female,22,0,33621.93949270667,2,1,1,112917.70442910584,0
520,104171,Garcia,518,Germany,Female,29,10,207246.77644576467,1,1,0,119909.69411814537,0
521,104360,Williams,537,Spain,Female,42,0,103561.09913778552,1,1,1,53660.9514146202,0
522,102502,Davis,683,France,Female,19,6,63137.1305068023,3,1,0,74417.51478964735,0
523,100717,Brown,581,Spain,Male,43,3,77774.40942614475,2,0,1,97285.66364757174,0
524,102782,Miller,558,Germany,Female,18,5,40261.27000039865,3,1,1,119679.19784274719,0
525,104946,Garcia,850,Germany,Female,24,3,364642.04583052394,4,1,1,171178.3113668469,0
526,105486,Johnson,850,France,Male,48,7,19353.13418570284,1,1,1,98598.36538201007,0
527,108335,Brown,708,France,Female,32,8,196895.1315202053,4,1,1,156458.77576773896,0
528,104980,Williams,722,France,Female,42,1,113367.18855432073,1,0,1,33776.29236683265,0
529,107266,Davis,568,France,Male,38,0,124327.387914937,4,1,1,36032.559652039534,0
530,104491,Johnson,531,France,Male,62,0,180673.61068513442,3,1,1,65877.795238599,0
531,107192,Johnson,615,France,Female,41,6,14644.08582838238,4,1,0,71531.927349245,1
532,105588,Jones,650,France,Male,23,1,118797.08538545735,3,0,1,129576.05251449427,0
533,107651,Jones,721,France,Female,48,2,149731.6211133435,4,1,0,52903.503483310655,1
534,103636,Davis,466,France,Female,23,3,417427.4966803261,2,1,0,38210.008326845615,0
535,101167,Davis,850,France,Male,53,8,137657.76727697707,1,1,1,133278.77642268935,0
536,101062,Smith,674,Germany,Male,50,9,303142.6176545843,2,0,1,199484.72707168435,0
537,102156,Jones,494,France,Female,43,1,189534.53530656727,1,0,0,198495.3889102925,1
538,107860,Miller,665,France,Female,50,9,208490.69577153193,4,1,1,185302.75675699263,0
539,105161,Garcia,559,France,Female,56,1,248796.237392678,1,0,1,23275.514238711305,0
540,105305,Johnson,552,Germany,Male,38,0,75749.14833757078,3,1,1,155580.24110004838,0
541,106541,Jones,543,France,Male,41,7,124139.74428332786,4,1,0,83962.84022909497,0
542,104729,Davis,624,Spain,Female,42,7,13234.237801513818,1,1,1,166495.61170968963,0
543,109348,Smith,850,Germany,Female,28,4,44075.28103992337,1,1,1,20695.523482021126,0
544,107330,Davis,659,France,Female,30,2,211531.35273905282,2,1,1,169269.8556483731,0
545,105334,Davis,719,Germany,Female,39,0,380235.0452403353,4,1,0,128360.31890183262,1
546,108924,Davis,743,Germany,Female,38,1,11841.139926069372,1,0,1,26690.15278669996,0
547,104330,Williams,635,France,Female,42,8,88220.04964023163,1,0,1,192162.09840349772,0
548,108010,Garcia,533,France,Female,31,7,132650.96123273234,4,1,1,175969.47281120566,0
549,106801,Jones,490,Germany,Female,18,9,72583.49349931588,1,1,0,141408.46950073895,0
550,104846,Johnson,611,Spain,Female,61,10,26521.899067552375,1,1,0,81141.97670290485,1
551,106731,Williams,764,France,Male,18,3,4261.424966310696,3,0,0,107611.76451978853,0
552,107241,Davis,743,France,Male,51,2,302613.69572362216,1,1,0,16723.624334225296,1
553,100953,Miller,675,France,Female,34,4,27027.365124913056,1,0,0,138166.5535999561,0
554,102539,Johnson,688,Germany,Female,41,7,35539.78119879845,3,1,1,191586.00388062242,0
555,107056,Williams,636,Germany,Male,48,9,102941.80244408555,4,0,0,52773.55079638934,1
556,101542,Miller,601,France,Male,32,5,55971.66949309355,1,0,1,88363.04522900395,0
557,105293,Miller,576,Spain,Male,18,9,55072.509198652566,3,1,0,173967.57865430423,0
558,101191,Garcia,502,France,Male,54,10,8621.52135467488,2,1,1,24043.649320301985,0
559,106313,Johnson,829,Germany,Female,49,3,481306.19640117604,4,1,0,71870.13279253345,1
560,106938,Jones,667,France,Female,40,7,33463.863220560095,1,1,1,188969.28074583557,0
561,102681,Jones,605,Spain,Male,51,3,11655.48851896739,3,0,0,156468.56751271043,1
562,109409,Smith,832,Spain,Female,43,4,114435.41429985249,2,0,0,26827.3665018727,0
563,101540,Williams,850,Spain,Female,38,1,139515.7946233572,4,1,1,99090.18824149726,0
564,106172,Smith,850,France,Female,35,9,2568.200848775447,1,1,1,108148.51423420805,0
565,105541,Brown,625,Germany,Male,18,3,31368.09833376789,4,1,0,151084.74370019216,0
566,109580,Jones,660,Germany,Male,43,9,21612.55187924081,2,0,1,51972.45816724735,0
567,101365,Williams,715,Spain,Female,23,9,155473.5314150996,1,1,0,55964.67490149355,0
568,108691,Garcia,816,France,Male,45,2,20303.885580883605,4,1,0,172235.6302096844,0
569,109872,Smith,656,Spain,Male,34,7,26818.168377803155,3,1,0,53865.2674256087,0
570,108702,Garcia,551,France,Male,18,7,433006.2062963998,4,1,1,95906.53533427985,0
571,107494,Garcia,574,France,Female,38,6,121103.42965626107,3,1,1,142549.96441513096,0
572,104312,Davis,767,France,Female,32,5,49046.69441576954,3,0,1,110475.7254341765,0
573,101324,Davis,712,France,Female,59,8,140185.10275903836,3,1,1,184044.2404197209,0
574,109347,Garcia,632,France,Male,18,3,62824.78567370695,4,1,0,107887.45424525233,0
575,103141,Smith,626,France,Male,26,3,23910.442430378203,3,1,1,50680.88534688715,0
576,107419,Davis,632,France,Female,21,5,66937.70813652547,1,0,0,168271.03422870563,0
577,103486,Brown,773,Spain,Male,50,0,147851.648706981,3,1,0,158317.85543848452,0
578,101810,Miller,571,France,Male,42,1,19642.53971276816,1,1,1,49684.24529193051,0
579,106588,Miller,528,Spain,Male,50,1,66462.25391690993,1,1,0,156875.58889932197,1
580,102923,Davis,831,Germany,Male,22,9,12706.217153993093,1,1,1,72298.76944101628,0
581,105301,Smith,652,Spain,Female,24,3,184948.24398773286,1,1,0,118089.18239982499,0
582,104186,Miller,642,Germany,Female,39,4,170818.38135669671,4,1,1,194507.58354785873,0
583,108905,Johnson,717,France,Male,65,1,111918.990412245,1,1,1,19925.104786259428,1
584,105977,Miller,551,Germany,Female,47,7,252600.8434299616,1,1,1,43740.220673339994,1
585,104268,Jones,725,Germany,Female,25,4,51074.190064203525,3,1,1,125777.05891577467,0
586,104748,Smith,611,Germany,Female,42,7,14153.68556900877,3,1,1,21017.79704832578,0
587,104849,Davis,762,Spain,Male,47,8,371449.65027426387,3,1,0,32301.88852391452,0
588,109435,Davis,496,Germany,Female,18,10,71964.61374692146,1,1,0,127074.8202885552,1
589,103709,Miller,695,France,Male,35,8,64533.85939960423,1,1,1,170122.2037376664,0
590,109273,Smith,626,Spain,Female,36,3,6584.450155545093,1,1,1,114403.73931351774,0
591,106619,Brown,579,Germany,Female,65,9,84484.68459970604,1,1,1,46768.9215058825,1
592,108647,Johnson,727,France,Female,40,1,103490.8413137551,2,1,0,36336.12444472167,1
593,109086,Davis,635,Germany,Female,63,10,64091.17001096566,2,0,0,166197.36928697518,1
594,109576,Smith,696,Germany,Male,27,1,241249.8884271007,3,1,1,181668.35397322095,0
595,103072,Davis,776,Germany,Female,47,4,135625.96316288665,4,1,0,153772.24436495092,1
596,106530,Davis,729,Spain,Female,18,9,3938.636908604999,3,0,0,52939.63886943519,0
597,100504,Jones,541,France,Female,48,3,78213.00404359224,1,1,0,77908.9381268599,1
598,101214,Miller,595,Germany,Female,33,5,506295.44350284216,1,0,1,92740.31470581732,0
599,101531,Jones,695,Spain,Female,34,8,22282.821943384784,3,0,1,34988.08656228437,0
600,107576,Miller,729,Germany,Male,49,6,96017.67394904901,3,0,0,59326.19829326005,1
601,100823,Davis,610,France,Male,51,10,31951.004295036262,4,1,1,148485.56339837646,1
602,100928,Smith,669,France,Male,43,3,46439.29030702289,3,1,1,158990.70600350082,1
603,105029,Garcia,669,Germany,Male,66,6,3421.313601209667,4,0,0,45954.31792037711,1
604,100133,Miller,683,France,Female,40,1,116448.62722266543,1,1,1,73119.83807200233,1
605,102105,Garcia,532,Spain,Male,43,4,145126.05275668885,4,0,1,104721.30050033734,0
606,103627,Johnson,508,France,Male,42,10,148243.8552590196,3,0,1,44568.20466661974,0
607,106316,Jones,424,Germany,Female,49,8,352481.3864438351,1,1,0,174208.26683211676,1
608,101852,Garcia,660,France,Male,39,10,181940.41077457057,4,0,1,68585.80993389926,0
609,104910,Jones,513,Germany,Male,23,8,23269.652578432822,2,1,1,58286.46423211333,0
610,104175,Miller,850,Germany,Female,44,3,26208.769046750884,1,1,0,179937.08571540395,1
611,105348,Miller,715,France,Male,18,7,146097.42630515053,3,1,1,138500.42158386493,0
612,109442,Johnson,531,Germany,Male,51,4,150016.37459683014,4,0,1,108136.40612197184,1
613,106190,Miller,763,France,Male,56,2,13129.645531915621,2,1,0,31788.952701114704,1
614,101256,Davis,763,Germany,Male,31,5,665.4417531583691,3,1,0,38959.479900437014,1
615,103376,Johnson,771,Germany,Female,31,3,51312.89674535843,2,1,0,53753.19205740245,0
616,105645,Garcia,569,France,Male,18,2,118637.4911085814,1,0,0,52756.63290027899,0
617,103486,Miller,721,France,Female,38,3,201488.62365979978,4,0,1,178704.81678892934,0
618,103584,Smith,773,Germany,Female,44,0,18071.899447871467,3,0,0,189034.9436462628,1
619,109588,Williams,807,France,Female,43,9,168897.41486746442,3,1,0,90128.54221616742,0
620,108053,Brown,497,France,Female,43,7,115345.22085916148,3,0,0,49378.53509938218,1
621,103330,Davis,628,Spain,Male,35,8,18146.82538178183,2,1,1,63148.34007683207,0
622,102703,Williams,565,France,Male,52,5,206579.8150604184,4,1,0,15995.291497961602,1
623,108662,Williams,836,Germany,Male,24,4,270289.278319688,4,1,1,52104.786740045325,0
624,108120,Jones,699,Germany,Female,24,8,30898.312221100176,1,0,0,14502.880849773022,0
625,107114,Davis,739,France,Female,18,3,16098.035152648099,4,1,0,192787.97297134507,0
626,101353,Davis,697,France,Female,29,0,343040.70137530693,3,1,1,129081.70578789536,0
627,105063,Johnson,687,Germany,Male,21,10,2315.0274376843277,2,0,1,138592.64728179734,0
628,108549,Jones,563,France,Male,18,6,296422.5832041644,2,1,0,27096.266463818905,0
629,107575,Garcia,605,France,Male,28,0,24363.308947016692,4,1,1,98439.42443410431,0
630,100667,Brown,657,Germany,Male,51,8,57648.52495348381,3,1,0,92917.72480036183,1
631,104468,Garcia,585,Germany,Male,43,3,36867.78646940225,1,1,0,169205.1885206577,0
632,109337,Smith,566,France,Male,48,2,16689.094426621814,4,0,1,158430.78759827433,1
633,106819,Brown,629,Germany,Female,46,3,43460.092566597355,2,1,1,89852.94267355672,0
634,103719,Jones,589,Germany,Female,34,0,77489.49667646225,2,1,0,148689.2712709157,0
635,102745,Miller,654,Germany,Male,35,5,9852.486308368558,3,1,1,27929.789672370338,0
636,107483,Miller,605,Germany,Female,28,6,165641.08291706193,4,0,0,59363.06124469275,0
637,100539,Jones,581,Spain,Male,42,6,161134.739224792,3,1,0,43650.369356625655,0
638,104964,Garcia,557,France,Female,81,4,159692.4858340423,3,0,1,148264.20831965643,1
639,104835,Jones,650,France,Male,19,9,115979.24902284722,4,0,0,177960.80133859915,0
640,103775,Jones,738,France,Male,53,9,60745.101876055254,3,0,0,128147.79315824679,1
641,106042,Williams,715,France,Male,31,4,179410.74360052508,2,1,1,136881.43959219535,0
642,107102,Smith,497,France,Female,60,5,190952.31823211402,2,1,1,122929.55392629346,1
643,107312,Davis,735,France,Male,44,9,33611.20967638692,4,1,1,122847.8889668707,0
644,105320,Miller,714,Germany,Female,30,7,65575.5544826808,2,0,0,51498.82148108903,1
645,106132,Williams,738,France,Male,35,8,22685.40147439473,4,1,0,15038.75099599279,0
646,107891,Jones,758,Germany,Female,49,5,29543.259567396228,4,0,0,47805.89285831363,0
647,102779,Johnson,577,France,Female,64,2,27306.113561077695,2,0,0,71693.37517356443,1
648,100924,Williams,620,Spain,Male,51,5,175415.8461937603,2,0,1,86995.52259911697,1
649,101581,Jones,829,Germany,Male,32,3,28876.995244877464,3,1,0,147490.09954132105,0
650,107714,Miller,823,Spain,Male,46,3,79034.95862811424,2,1,0,14513.894075176437,1
651,103324,Davis,642,Spain,Female,62,10,98952.34277396827,1,1,1,120788.65071245827,1
652,105713,Jones,710,Spain,Male,45,10,136524.82083082045,4,0,1,67059.82042295864,0
653,107026,Smith,719,Germany,Male,37,6,2943.630335005805,4,0,1,45516.39141815578,0
654,100255,Garcia,825,France,Female,18,5,64578.17432728633,4,1,0,65087.00936206745,0
655,104804,Brown,684,Germany,Female,57,7,34617.13039750373,4,0,0,80673.86224726106,1
656,101838,Williams,528,France,Female,37,10,179561.03845576124,3,1,1,171776.51141733778,0
657,100009,Williams,602,France,Male,28,7,3744.1289351565233,4,0,0,58827.25735354042,0
658,102871,Williams,850,France,Male,49,2,23192.462169719936,3,1,1,111013.02193552945,0
659,108989,Jones,524,France,Male,50,10,37944.470225717494,3,1,0,150374.0124831961,1
660,107409,Davis,655,France,Male,25,3,8103.806982958411,1,0,1,186269.00304611426,0
661,107418,Smith,850,France,Female,27,1,50321.76900543293,2,0,1,17821.803845720213,0
662,105124,Davis,570,France,Female,47,0,136167.35697283427,2,1,1,157844.66506758257,0
663,101015,Jones,377,France,Female,57,6,23865.589875374495,3,1,1,57773.150123954816,1
664,102193,Jones,395,France,Male,34,7,140433.08788198265,1,0,1,169727.4597435939,0
665,108415,Garcia,570,Spain,Female,35,7,75292.7353748359,4,0,1,39391.65253586129,0
666,107449,Johnson,473,France,Male,28,5,42269.85480690726,4,1,1,137689.70459781872,0
667,104158,Smith,753,Spain,Female,57,6,46014.21152631189,3,1,1,150826.7468118859,1
668,103925,Williams,676,France,Female,48,7,12364.343896580775,2,1,1,109566.68928782496,1
669,106970,Brown,436,Spain,Male,22,3,28739.012552511478,3,0,0,76479.58883279913,0
670,106938,Williams,490,France,Female,63,7,131387.84212249474,1,1,0,41232.999944976764,1
671,104784,Davis,774,Spain,Female,90,5,198591.92981539507,2,1,1,31352.307467965344,1
672,104000,Jones,669,France,Male,18,6,30869.89704052453,4,1,1,153953.0609629719,0
673,101633,Smith,793,Germany,Female,44,9,88835.77260851431,4,1,1,22899.71583683825,0
674,107266,Miller,761,France,Male,18,6,3534.401508400064,3,1,0,121352.09301826496,0
675,108702,Smith,534,Germany,Female,34,7,8056.6272488650075,1,0,1,17029.94465340704,0
676,100384,Smith,738,France,Female,18,10,333449.07553957123,1,0,1,98418.70665674434,0
677,100404,Johnson,706,Germany,Male,61,4,226824.25766300876,1,1,1,37646.2175614139,1
678,108175,Williams,453,Germany,Male,33,1,8477.642536190786,1,1,0,134175.24851666097,0
679,102000,Johnson,513,Spain,Male,54,7,172781.59547635337,2,0,0,57753.839533072154,0
680,109860,Miller,850,Germany,Female,41,0,10814.573460475112,1,1,1,77603.86174586958,0
681,105989,Miller,557,France,Female,64,1,176319.7260224238,3,1,0,154811.4745961622,1
682,101460,Garcia,691,France,Male,20,4,244761.90516158883,1,0,0,125317.27565578518,0
683,107190,Davis,630,Germany,Male,18,3,16615.56249724352,4,1,0,147842.09663793127,0
684,107140,Brown,668,France,Male,30,10,15926.880687628744,2,1,0,142796.6625600464,1
685,103636,Garcia,637,Spain,Male,33,1,261145.31269132017,2,1,1,179292.46764533373,0
686,104809,Jones,746,France,Female,18,3,35872.2476876704,3,1,1,158639.03445859885,0
687,104178,Johnson,743,Germany,Female,45,6,63990.123010753705,4,1,0,149423.81945876512,1
688,107245,Johnson,661,Germany,Male,44,4,36303.74262624359,3,0,0,24354.55772838462,0
689,106600,Garcia,559,France,Male,58,3,138364.19018666548,3,1,1,33351.52386038452,0
690,105997,Jones,593,Germany,Female,54,1,23709.864012301005,3,1,1,113864.20579270847,1
691,102048,Smith,492,France,Female,31,1,68145.59784463102,1,1,1,74088.30393426775,0
692,104780,Jones,616,France,Female,21,0,190021.55339917692,1,0,0,107857.9052360005,0
693,100716,Williams,473,Spain,Female,18,9,285854.8007042912,1,1,1,148909.5018265581,0
694,107939,Garcia,671,France,Female,36,5,43500.05353099651,3,1,1,72847.48363154712,0
695,105565,Davis,679,Germany,Female,35,5,12100.480315923343,3,1,1,174160.83691529618,1
696,104544,Jones,750,Germany,Male,44,3,165908.2788052259,3,1,0,92461.1948453917,0
697,104976,Smith,527,Germany,Male,18,8,11737.717862841115,1,1,0,73910.94126333029,0
698,103419,Jones,534,France,Female,41,3,151089.40505099404,1,1,1,108105.52708888169,0
699,107239,Johnson,802,Germany,Male,46,2,116792.26309296953,3,1,1,108144.94811636259,0
700,109766,Brown,513,France,Male,29,10,86170.68689740215,3,0,0,173339.33083120966,0
701,100249,Johnson,850,France,Female,47,9,280493.8183837053,1,0,1,47595.51297494725,0
702,108865,Davis,557,Spain,Female,35,8,38918.81056968518,3,0,0,109322.57213140918,0
703,100770,Miller,558,France,Male,56,0,9797.598056334988,1,1,1,164458.60138597104,1
704,104363,Brown,734,Spain,Female,60,1,399563.0015112567,1,1,1,137454.70668522478,1
705,101077,Miller,704,France,Female,39,0,58187.030815882754,3,0,1,116440.31725218202,0
706,108427,Jones,814,France,Male,51,6,56808.58601919857,3,1,1,171674.13068754188,1
707,108580,Williams,460,France,Male,18,0,9379.404760266321,3,1,1,157280.95684407276,0
708,107901,Davis,703,France,Male,31,10,136083.10417610354,4,1,0,23461.73128745314,0
709,104858,Jones,645,France,Female,44,10,127338.57369891109,4,0,1,96029.46755345166,0
710,106544,Smith,542,France,Male,32,0,15700.044505221631,4,1,1,144255.21463619024,0
711,104719,Jones,838,Germany,Female,34,5,26632.07849450014,2,0,0,132108.80931440866,0
712,102814,Brown,673,France,Female,24,5,1655.0675850368439,2,1,1,75242.19226474954,0
713,103374,Johnson,643,France,Male,64,10,220481.32190504056,4,0,1,94266.38785764147,1
714,101252,Williams,695,France,Male,24,4,28041.2681839151,3,0,1,107191.62308443035,0
715,106996,Miller,477,Spain,Female,50,3,261785.62504404582,4,1,1,92304.67276504275,1
716,104673,Jones,525,France,Female,31,7,84669.38239582334,2,0,0,151328.39427895597,0
717,104530,Jones,616,Spain,Female,48,2,55409.44247454921,1,1,1,104294.55039818892,1
718,106881,Johnson,681,France,Female,29,0,786.1309785813023,4,1,0,161869.67452777748,0
719,106949,Williams,777,France,Male,33,0,9681.081717624777,1,1,1,96925.77856734939,0
720,109521,Garcia,561,France,Male,45,4,17278.803628269718,1,1,1,19452.58896443205,0
721,106241,Miller,538,France,Male,48,2,11170.980483064031,4,0,1,173467.9815424312,0
722,108017,Jones,700,Spain,Male,52,2,29598.760210657383,1,0,1,149814.27097268135,1
723,106941,Jones,636,France,Female,39,10,16792.762571956864,1,0,1,44003.57290111152,0
724,109550,Garcia,457,France,Female,55,1,109014.94271259784,4,0,1,75916.85506461702,1
725,107002,Miller,558,France,Male,42,8,35244.31364624086,4,1,1,23761.711882414224,0
726,101331,Brown,631,France,Male,36,10,126688.28490765396,1,1,1,102175.81553791354,1
727,104261,Brown,634,Spain,Female,51,5,14559.558157759533,1,1,1,97657.83074981865,0
728,107648,Davis,658,Spain,Female,40,6,23459.323948730664,1,1,0,45669.803963318984,0
729,109550,Davis,519,France,Female,42,1,154857.62611510392,2,0,1,46500.752666091605,0
730,105115,Smith,636,France,Male,24,10,100533.20844997258,2,1,0,57716.514636886954,0
731,104637,Johnson,744,Spain,Male,29,0,10142.056523468049,3,1,1,145201.6858397701,0
732,104854,Williams,361,Germany,Female,45,7,320440.55572346377,4,1,1,73254.18374525693,0
733,103177,Jones,621,Spain,Male,25,9,143773.30872864564,1,0,0,120860.84332924087,0
734,107730,Miller,483,France,Female,39,3,80440.37296508394,1,0,1,56753.31226120063,0
735,102180,Jones,646,France,Male,18,8,41993.54349286173,1,0,1,173684.9071630946,0
736,104892,Davis,499,Germany,Female,67,8,9865.106563601892,2,1,1,142387.50535255636,1
737,107043,Smith,663,Germany,Male,49,10,44348.13851312248,4,0,0,197751.76462330198,1
738,100137,Miller,812,Germany,Female,32,3,39011.77760204987,3,0,1,175130.27523989158,0
739,106327,Miller,552,France,Male,61,9,8161.317459230827,2,1,1,36996.24999110861,1
740,103472,Jones,566,Germany,Female,25,2,153135.8922607264,4,1,0,144670.49188850625,0
741,105449,Johnson,603,France,Female,30,4,53671.72214684662,1,0,0,65351.703798795905,1
742,102832,Smith,681,France,Female,46,5,220288.0550143878,4,1,0,123620.61475901658,0
743,103579,Johnson,548,Germany,Female,52,9,17193.171149979058,2,1,1,133571.6407141444,1
744,105971,Smith,611,Germany,Male,30,3,38209.88946841883,2,1,1,153476.33975183134,0
745,104164,Jones,583,Germany,Female,45,0,32716.687447155316,2,1,1,107375.4693776151,0
746,107941,Smith,603,Spain,Female,44,6,200367.76416310942,2,1,1,81969.14873486187,1
747,105569,Brown,683,Germany,Female,38,4,70873.51244855036,1,1,0,189677.0444401513,0
748,104300,Miller,705,Germany,Male,30,1,15294.357871108883,1,1,0,74732.65557806626,0
749,106269,Williams,502,Germany,Female,51,10,44230.57128790083,2,0,1,66803.67041131585,0
750,103818,Jones,682,France,Male,18,8,286791.1436096752,1,0,1,70597.41208466415,0
751,101906,Garcia,850,Spain,Female,41,7,80181.82949654089,2,1,1,166918.5214934328,0
752,106254,Williams,804,France,Female,28,9,3742.522258707198,3,0,0,131179.71189020382,0
753,100760,Jones,585,Germany,Female,37,6,5958.545922022471,4,0,1,46292.208803741814,0
754,107830,Williams,663,France,Female,28,8,26876.967095493364,3,1,1,48349.76142041324,0
755,107350,Brown,646,France,Male,20,9,97107.53758106567,1,0,1,32657.980243480626,0
756,106238,Williams,695,France,Male,29,1,28138.2891428883,1,1,0,90624.95551072108,0
757,106090,Smith,607,Germany,Female,30,2,189788.3957194124,4,0,1,101379.54834243134,0
758,106031,Davis,623,France,Female,35,8,99269.09670678386,1,1,0,77658.84535418401,0
759,107687,Williams,576,France,Female,38,5,35771.91961906631,2,1,1,85647.5383718129,0
760,109091,Jones,759,Germany,Male,48,1,50076.75302537733,4,1,1,126569.35750383421,1
761,109911,Garcia,681,France,Female,61,5,47041.6069590823,3,1,0,114680.43621794826,1
762,108472,Garcia,681,France,Male,40,4,37714.55946946449,3,1,0,94248.62467012923,0
763,101887,Davis,771,France,Male,23,9,99394.49845652585,1,1,1,105102.8619267018,0
764,103266,Johnson,773,Germany,Female,50,4,22523.855451866293,3,0,0,160923.7079662626,1
765,100666,Davis,754,Germany,Male,42,4,34546.667454829134,1,1,0,108815.33714537,1
766,104188,Miller,770,Spain,Female,24,1,8908.963685668423,1,1,1,192035.4126957515,0
767,100671,Williams,806,France,Male,40,5,47166.357361219,3,1,1,115678.90560841475,0
768,106777,Garcia,553,France,Female,49,6,6655.06757773021,3,1,1,73213.75972762358,0
769,107570,Davis,620,France,Female,26,8,1806.7730210425148,2,1,0,189363.8194369709,0
770,107956,Williams,720,Spain,Female,30,4,103840.10425724057,1,0,0,30061.10267906239,1
771,105124,Miller,561,Germany,Female,40,10,17728.01712806947,2,0,1,176128.31250986792,0
772,105585,Garcia,613,Germany,Female,34,10,3583.2061803615757,2,0,1,34596.356810985424,0
773,104777,Miller,669,Spain,Female,18,4,7078.01687568501,4,1,0,132597.26771154016,0
774,103900,Williams,626,France,Male,74,8,22215.700546814205,3,1,1,178999.89494137885,1
775,106677,Jones,656,France,Male,29,5,127611.71653387396,3,0,1,31593.935202492146,0
776,106981,Williams,535,Germany,Male,28,6,1193.3230052848323,3,1,1,199906.8012158186,0
777,106376,Davis,646,Spain,Female,33,3,129652.6696181309,2,0,1,102374.09800649996,0
778,100523,Miller,663,Germany,Female,37,3,90896.3021850823,4,0,0,103992.2842206725,1
779,102393,Jones,811,Spain,Female,43,0,72135.99457165577,3,1,0,76179.57972781948,0
780,102593,Jones,623,Germany,Female,22,10,240001.49432944634,3,1,0,86009.35636410785,0
781,109945,Johnson,584,Spain,Female,57,4,176953.47401999563,4,0,1,97347.79770682823,1
782,107240,Garcia,721,Germany,Female,18,1,54260.96187128247,1,1,1,45347.12327007677,0
783,106937,Smith,332,France,Male,32,4,672.2832176672937,4,0,1,103182.65083279318,0
784,106190,Jones,618,Germany,Female,50,4,123986.40818307998,4,0,1,124037.35316483345,0
785,105240,Miller,598,Germany,Female,49,3,4890.26206734217,3,1,1,16393.29876581022,1
786,106493,Garcia,676,Germany,Female,18,9,32580.482931245137,1,1,1,151930.09928959984,0
787,102878,Brown,774,France,Female,37,8,67931.23837980357,2,1,0,117312.86145134944,0
788,104143,Williams,805,France,Female,39,4,10462.88278437752,1,0,0,32238.43916064053,0
789,103644,Davis,674,France,Male,42,5,113716.06041675224,3,1,0,170352.18599611038,0
790,104432,Miller,494,Spain,Female,29,0,38767.779210822315,1,1,1,105178.51172682452,0
791,101276,Brown,598,France,Female,35,4,44888.53426921907,3,0,0,91736.36406787866,0
792,105811,Miller,609,France,Male,46,8,104504.73138940781,4,0,1,83771.81884882593,1
793,100302,Williams,686,Germany,Male,50,10,50789.97419901298,4,0,1,159438.41011288238,0
794,100638,Johnson,655,Spain,Female,18,5,25433.72210366956,4,1,1,26837.970222622476,0
795,100055,Miller,581,Spain,Male,45,8,19450.521698621225,2,0,0,144493.907026629,1
796,108717,Jones,524,Spain,Male,44,3,128750.63530531501,4,0,1,131622.77834375537,0
797,108150,Smith,563,Germany,Female,51,1,138863.67640845064,1,1,1,91351.23777870122,1
798,102125,Jones,559,Spain,Male,25,8,21778.322065102497,4,1,0,190830.22657468944,0
799,100364,Williams,812,France,Female,45,3,38420.257280268444,3,1,0,115342.77474201302,1
800,106809,Miller,573,France,Male,18,10,313748.3010859366,3,0,1,123832.47435436158,0
801,104621,Smith,656,Spain,Female,33,1,414960.45955969096,1,0,1,155359.5211314147,0
802,105126,Jones,746,France,Female,34,0,88021.89145586907,4,0,1,129400.07912991288,0
803,105122,Smith,669,Spain,Male,40,1,141446.98077158257,4,1,1,170389.37984055438,0
804,101646,Davis,541,France,Male,49,4,137933.1578212917,1,1,0,54716.100999514805,1
805,100918,Williams,748,France,Female,22,2,50345.530718500886,2,1,1,159624.59024258357,0
806,102797,Johnson,685,France,Female,57,5,4964.081175736894,3,1,1,23560.750147934174,1
807,106506,Johnson,431,Germany,Male,18,3,134978.45514234452,3,1,0,140312.45650295558,0
808,105870,Miller,774,France,Female,18,1,14592.02557062835,4,1,1,197239.882599048,0
809,101531,Jones,737,France,Male,53,6,34319.257337359486,1,1,1,141092.97272195682,1
810,108172,Brown,683,Spain,Male,40,10,37913.025079184314,1,0,1,73684.78339604718,1
811,103345,Williams,813,Spain,Male,64,5,42938.71407327961,4,0,1,107017.08288410041,1
812,107673,Jones,735,France,Female,50,7,62676.38877437424,2,1,1,198638.9430389639,0
813,106949,Jones,762,Germany,Female,39,9,69637.37693901788,1,1,0,101812.28117446443,0
814,106882,Johnson,753,Germany,Male,31,4,66072.63523455668,1,1,0,160007.98665041217,0
815,101906,Miller,725,France,Male,29,2,17775.29903911066,2,1,1,45931.99875556767,0
816,103086,Smith,470,Germany,Female,44,3,104640.78030942858,1,1,1,170006.96066641714,1
817,108152,Williams,482,France,Female,30,4,156172.23121629359,4,1,0,44807.0332677449,0
818,105750,Davis,735,France,Female,42,4,61941.49769543988,3,1,0,198794.25860182312,1
819,108905,Smith,773,Spain,Male,28,5,182213.44926578284,3,0,0,31891.667134131738,0
820,101062,Garcia,579,Germany,Male,42,8,58744.904520188604,4,1,1,83484.8011610149,0
821,101976,Garcia,538,France,Female,62,3,84006.82619638821,4,1,0,143916.5131712724,1
822,101296,Williams,676,Germany,Male,47,6,7208.668380318731,4,1,1,151973.008018559,0
823,106229,Miller,504,Germany,Male,31,6,15881.485800268356,2,0,1,69295.06717528599,1
824,107641,Brown,633,Germany,Female,44,5,145814.80471349639,4,1,0,124270.43447309245,0
825,100125,Garcia,614,Germany,Male,43,0,28658.727019852653,2,1,0,27605.72515505091,1
826,104632,Johnson,627,Germany,Female,42,8,9846.933709962577,2,1,1,18323.360597175422,0
827,106288,Brown,838,France,Female,44,5,83990.25673584362,4,0,0,37477.44215507207,0
828,103596,Jones,586,France,Female,52,2,9914.869784235898,4,0,1,86358.46937511343,1
829,106168,Garcia,655,Germany,Female,55,10,115224.7274324074,1,1,1,103658.1742517011,1
830,109795,Johnson,518,Spain,Male,39,1,116852.37818103828,1,1,0,30250.26060840248,1
831,107561,Jones,744,France,Female,18,2,60341.24138657847,3,1,1,94420.44821781364,0
832,108258,Brown,632,France,Female,40,10,115762.0565820324,2,1,0,183135.47012556237,0
833,100232,Williams,767,Germany,Female,36,0,160631.16374832735,2,1,0,123548.7205641439,0
834,109361,Jones,404,France,Male,47,2,22024.1904410293,2,0,0,69607.32594398774,1
835,106371,Smith,644,France,Male,20,4,104848.9309140615,3,1,1,47027.65286764953,0
836,104206,Williams,663,France,Male,46,3,117878.3678650532,2,0,1,108132.95362307715,1
837,109685,Williams,741,France,Male,40,9,21623.165843223473,3,1,1,56792.64437938,0
838,107943,Brown,585,France,Female,24,0,129783.16362440976,2,1,1,189173.87917700037,0
839,106891,Brown,728,France,Male,18,4,127134.72440063966,3,0,0,73275.11481963977,0
840,106738,Johnson,597,Spain,Male,52,2,17108.8045384449,3,1,0,20078.8268504189,1
841,102472,Johnson,659,France,Male,24,9,38188.67254536677,1,1,1,159217.32065828005,0
842,102739,Smith,742,Germany,Female,18,10,283280.40088784404,4,0,1,160692.08210632773,0
843,105401,Williams,557,Germany,Female,30,6,7380.102212889709,3,1,1,179298.8191915242,0
844,101761,Davis,724,France,Female,56,9,25999.78486134815,4,1,1,165927.7885433462,0
845,100876,Miller,683,France,Female,41,10,86464.9150125546,2,0,1,67550.4914140757,0
846,103812,Smith,616,Germany,Male,45,7,346416.27854390204,4,1,1,155146.9884443421,0
847,109504,Smith,583,France,Male,38,4,29725.421138857426,2,1,0,173288.8043104118,0
848,101460,Miller,439,France,Male,43,9,169707.29835534914,4,1,0,170881.0497658964,0
849,101733,Miller,641,France,Male,35,7,45784.45997440951,3,1,1,97239.88059380665,0
850,101605,Miller,616,France,Male,31,5,43461.48536784542,3,1,0,143963.33269595818,0
851,105622,Brown,713,Spain,Female,29,5,553579.9682503832,1,0,0,186729.24083401254,0
852,106767,Smith,703,Germany,Male,34,4,169945.5910472755,3,1,0,129444.00846803671,0
853,106986,Smith,757,France,Female,75,10,28572.232031487616,4,1,0,72175.29526782653,1
854,103517,Jones,760,Spain,Female,47,9,20536.7650196371,4,0,1,26797.180330068455,0
855,103735,Miller,850,France,Female,26,5,8782.72794054442,1,0,0,32655.293545575325,0
856,109352,Miller,701,Germany,Male,19,0,65913.52640151838,2,1,1,102094.00911987656,0
857,108434,Johnson,563,Spain,Male,37,7,40723.02356657531,4,1,0,125550.07784238296,0
858,102590,Johnson,732,Spain,Female,18,4,47936.18029726398,4,1,1,45329.080737024284,0
859,101063,Williams,810,France,Male,52,7,56459.44966486689,1,0,1,46932.47501733699,1
860,104324,Johnson,697,Germany,Male,18,2,471537.9199023682,3,1,1,33466.31103162696,0
861,109111,Garcia,437,France,Male,34,9,287.6697105400492,2,0,1,71565.55269680383,1
862,105342,Williams,705,France,Male,18,5,55523.82422153429,4,0,1,120682.93139037165,0
863,100005,Davis,587,France,Female,45,0,6717.984884147546,4,1,0,140769.7030155787,0
864,107489,Miller,517,Spain,Male,27,0,111784.37652892663,3,0,1,183177.5812881054,0
865,108659,Jones,668,France,Male,49,3,5174.476359049381,3,1,1,123997.45902499607,0
866,108195,Johnson,497,France,Male,18,9,145599.27862473403,4,1,1,55125.264069490695,0
867,105966,Jones,752,France,Female,55,5,202332.6384194653,2,1,0,148626.26831630326,1
868,108837,Johnson,723,France,Female,44,2,353364.0586275031,1,1,1,179865.76385923938,1
869,100117,Johnson,641,France,Male,38,10,12882.326359940027,1,1,0,51108.24680364043,0
870,102551,Jones,594,Spain,Male,26,10,385807.8418021907,1,0,1,157320.86394115168,0
871,105560,Smith,631,France,Male,34,4,53159.95218612897,1,1,1,163610.19202995562,0
872,104289,Smith,548,France,Male,49,9,100124.64565388823,4,0,0,69306.60792989064,1
873,100846,Smith,642,Germany,Female,26,10,4.754007946953027,4,0,0,105815.39338859275,0
874,106316,Garcia,365,Spain,Female,37,3,46244.63685530878,1,1,1,89809.10053078673,0
875,106469,Smith,658,Spain,Female,34,9,43524.91999367629,1,1,1,58766.28183736298,0
876,109333,Johnson,661,Germany,Female,41,2,70078.79752245996,2,1,0,108698.71266578484,1
877,108915,Miller,734,France,Female,18,8,14224.628656114743,4,0,1,176349.1364832268,0
878,100224,Brown,679,Spain,Female,60,3,117178.27227696087,3,1,1,24994.91239454894,1
879,104208,Jones,747,Germany,Male,53,9,90560.43746523514,2,1,1,183307.14244265598,1
880,106283,Miller,704,Germany,Female,18,6,23887.645123302264,4,0,1,21997.964141024837,0
881,102048,Brown,753,Spain,Female,18,4,411267.8446211758,4,1,1,95637.71137678417,0
882,106233,Miller,850,Spain,Female,60,6,560.8716035285291,3,1,0,16596.279485518025,1
883,109765,Garcia,692,Spain,Male,39,4,40934.97484691258,2,1,1,147780.43752621912,0
884,101828,Brown,668,France,Female,18,2,30343.86971782867,3,0,0,32858.84023347015,0
885,101917,Davis,768,France,Female,31,5,82106.98581774568,3,1,0,168950.76665097717,0
886,104234,Williams,603,Spain,Female,34,8,219283.10223758922,2,1,1,180824.4260194498,0
887,106988,Smith,638,Germany,Female,48,5,107228.73101004385,1,1,1,87547.0149152744,0
888,102026,Davis,692,France,Male,53,3,4876.420610773072,3,1,1,197340.6305416841,0
889,103744,Garcia,657,Germany,Male,40,0,199068.56000322814,4,0,1,86450.53230267134,0
890,109093,Miller,656,France,Male,36,2,30799.37038992484,2,1,0,97756.04852638558,0
891,100009,Johnson,739,Germany,Female,31,2,11689.826777395972,3,1,1,90611.18343676756,0
892,100260,Smith,480,Spain,Male,60,1,56660.96381413981,4,1,1,114198.85970302027,1
893,106038,Davis,850,France,Male,32,9,228978.13113829552,1,0,0,184850.2005132555,0
894,109865,Smith,698,France,Male,46,1,3519.593916000127,4,1,1,31905.5712041356,0
895,102219,Brown,609,France,Male,22,7,98259.42440302385,3,1,0,85900.6745066983,0
896,107041,Williams,812,Spain,Male,19,7,40421.1028378517,4,1,1,78785.74368134163,0
897,102060,Smith,660,Germany,Female,41,2,97437.76855623338,1,1,1,30405.006192713365,0
898,105287,Miller,662,Germany,Female,33,3,30971.773525599692,4,1,1,157759.8307517121,0
899,101619,Miller,628,Germany,Female,18,4,341416.53000950394,4,1,1,37677.67132948835,0
900,108512,Jones,796,France,Female,34,10,12084.67952218238,4,1,0,20395.888680228425,0
901,101342,Jones,649,France,Female,76,8,17196.811439151243,3,1,0,195017.9261423225,1
902,102832,Smith,594,Germany,Female,38,4,4674.333193001212,1,1,1,142956.12516513866,0
903,102824,Brown,749,Spain,Male,34,10,158473.47607407003,3,0,0,149069.76465171194,0
904,101994,Brown,768,France,Male,34,5,9866.830131840528,1,1,1,119925.37417199858,1
905,103490,Johnson,810,France,Female,56,6,32382.546764195275,3,0,0,43863.71208739344,1
906,109310,Garcia,713,France,Female,36,10,23016.983612712866,2,1,0,112195.58581880145,0
907,107984,Garcia,764,Germany,Female,42,1,43623.424586420166,3,1,1,157925.0002716846,0
908,101604,Davis,624,France,Female,49,3,145150.14880982556,1,0,0,145067.43062714045,1
909,100235,Garcia,752,Spain,Male,58,5,299958.0226318861,4,1,1,132503.43286418167,0
910,101908,Williams,724,France,Male,28,3,211089.1059027853,1,0,1,27083.812245263503,0
911,108567,Brown,703,France,Female,24,4,183989.4026220082,3,1,0,133592.06996637772,0
912,103530,Johnson,494,France,Female,28,2,54037.57627726002,3,1,1,24238.10292846386,0
913,105256,Jones,611,Spain,Female,48,1,161857.30187564495,3,1,1,184483.61760730963,0
914,102635,Miller,645,France,Female,50,0,150126.05884539688,1,1,1,172526.4880605997,0
915,108162,Garcia,703,France,Female,41,2,28439.507204086196,4,1,1,15983.954451596397,1
916,109762,Jones,850,France,Female,53,9,30434.746019826896,2,1,1,51869.85030502967,1
917,102560,Jones,735,Germany,Male,50,8,69113.68180935843,2,1,0,118831.71540438566,0
918,105415,Smith,568,France,Male,29,0,330983.02952491445,4,0,0,20039.587561776774,0
919,103391,Williams,601,Germany,Male,18,7,11417.89831343982,2,1,1,182983.44208172482,0
920,105951,Johnson,788,France,Male,32,4,445673.2177722424,4,1,1,180906.74123572925,0
921,105468,Williams,597,Spain,Female,47,3,17307.98546249377,1,1,1,43435.92473800959,0
922,108007,Smith,751,Spain,Male,46,4,66477.4408051804,1,1,1,185019.83063125797,0
923,109064,Johnson,661,France,Male,18,10,36236.516204562846,4,0,0,144045.15897234154,0
924,109444,Johnson,633,Spain,Female,18,6,54430.265960104305,2,1,1,98612.41528490036,0
925,106413,Brown,599,France,Male,49,7,316612.99240408465,2,0,1,98121.58555158875,1
926,106941,Williams,345,Spain,Male,49,1,99913.50848358465,1,1,1,70904.72664108199,0
927,109506,Williams,703,France,Male,44,5,35312.68120663474,1,1,0,121942.78925917481,1
928,104820,Brown,544,France,Female,52,3,99001.00095760793,4,1,1,124943.87862812297,1
929,102898,Davis,508,France,Female,42,7,60176.135676871134,4,1,1,43642.03384005259,0
930,107546,Jones,674,Germany,Female,19,3,287103.8804762862,1,0,1,102745.81306195566,0
931,100077,Smith,752,France,Female,34,2,43516.940240280106,1,1,1,32374.115453775692,0
932,107577,Williams,480,Germany,Male,37,4,87821.15859031417,1,1,0,157232.00012459324,0
933,104227,Brown,750,France,Female,30,3,189327.23258277605,1,0,1,161400.95392248605,0
934,100600,Miller,559,Germany,Female,30,4,319035.0054360747,2,1,0,172780.48569306373,0
935,101065,Davis,714,Germany,Female,37,8,160528.67682780756,1,1,1,20112.136808028252,0
936,102136,Johnson,707,Germany,Male,26,10,274162.6981660431,3,0,1,137116.28230736993,0
937,109510,Garcia,629,Germany,Male,18,2,62320.20774969501,1,1,1,176601.4121118559,0
938,106943,Miller,652,France,Male,40,1,144604.6877522232,1,0,0,74755.3473771964,1
939,107804,Brown,610,France,Male,57,1,9943.326164662454,2,0,1,160857.15789020565,1
940,106565,Garcia,676,France,Female,18,8,90094.26661352687,2,0,0,12657.220738038975,0
941,105984,Jones,675,Spain,Male,41,6,1359.4947919049912,1,1,1,136927.18447966088,1
942,105142,Smith,557,Germany,Female,23,9,30116.79661490975,1,0,1,56928.957163276034,0
943,104670,Garcia,514,Germany,Male,49,3,109529.68823990373,3,0,0,26312.064739526053,1
944,102190,Davis,750,Spain,Female,44,5,18821.34321164271,2,1,0,105826.77583976813,0
945,109184,Jones,670,Spain,Male,54,9,22332.155680806252,4,0,1,80645.51442813185,1
946,102712,Garcia,736,Germany,Male,26,5,6370.51834068877,4,1,1,123994.41117151812,0
947,102192,Johnson,582,Germany,Male,39,2,137590.05247217126,2,1,0,172892.9644930546,0
948,101248,Johnson,567,Spain,Male,76,8,59410.76458474623,4,1,0,85445.98404579022,1
949,104033,Davis,548,Spain,Female,42,3,218880.71917213584,1,1,1,186187.09858460122,1
950,101997,Johnson,631,Germany,Male,49,0,44982.33615425415,1,1,0,62166.8463018003,1
951,103687,Johnson,673,Germany,Female,60,1,57138.45098520049,4,1,0,158149.89774658132,1
952,104018,Brown,595,Germany,Female,25,4,68304.0333689301,3,0,1,132286.22493513892,0
953,101970,Johnson,806,France,Male,18,7,197263.49318262222,4,1,1,108656.36339552165,0
954,108389,Miller,585,Spain,Male,18,6,34557.450224051754,3,1,0,96233.64195946655,0
955,105765,Johnson,674,Germany,Male,21,8,5295.738120386991,4,1,1,183716.08872489855,0
956,101202,Miller,561,France,Male,32,0,98669.01047881463,3,0,1,133741.57867887348,0
957,108135,Brown,582,France,Female,46,1,174698.24552122454,3,1,1,79623.92664607079,1
958,105567,Johnson,641,Spain,Female,53,9,81251.05899570792,3,1,0,115624.20255591309,0
959,107667,Davis,566,Germany,Male,22,3,38636.582143238455,1,1,0,115442.11170673641,0
960,105742,Jones,658,France,Female,71,6,99552.16396572469,4,0,0,176815.96968878666,1
961,105788,Davis,694,France,Male,58,0,471088.94776502444,1,1,1,19413.8943973107,1
962,105408,Jones,759,Germany,Female,31,4,85341.39844467484,2,1,0,94631.38956082931,0
963,108669,Williams,542,France,Male,74,1,37865.24280306717,2,1,0,107694.62427186327,1
964,109446,Jones,666,France,Female,47,1,27920.54963069876,2,1,0,40212.10826773401,1
965,100922,Smith,643,Germany,Male,37,1,633490.9051125821,1,0,1,11728.484912445849,0
966,100419,Smith,465,Germany,Male,24,8,189993.67057551435,2,1,1,11983.460042778524,0
967,102204,Smith,537,Spain,Male,22,10,32778.97814550381,2,1,0,197045.76756976024,0
968,101120,Brown,697,France,Male,53,9,30441.609749635663,3,1,1,25881.91254660998,1
969,100950,Davis,514,France,Female,40,4,162795.93485928138,4,0,0,28580.9472294247,0
970,102336,Jones,642,France,Male,45,7,486463.39460740593,3,0,0,34994.64712767036,1
971,105373,Davis,437,France,Male,21,9,62661.66634098892,4,1,1,197872.89991105246,0
972,102243,Miller,639,France,Female,47,5,25781.985005782415,2,1,1,151880.03244333214,0
973,102645,Smith,444,Germany,Female,40,10,26181.10896305989,3,0,1,88579.42934791002,0
974,104612,Williams,589,France,Male,22,0,159628.31815591332,2,1,0,197550.90848022903,0
975,101865,Brown,606,Spain,Female,18,9,92891.23791788216,3,1,0,117160.49636487356,0
976,106028,Williams,662,France,Female,39,8,100444.2546475277,4,0,0,163632.20341159625,0
977,107326,Jones,624,Germany,Male,49,6,21607.54700430918,1,1,0,25822.21245923545,1
978,106371,Johnson,526,Spain,Male,54,10,13980.645002603394,1,1,1,188560.2389855444,0
979,106359,Williams,528,France,Male,42,1,1069.7859619271508,1,0,1,191046.2986902733,0
980,107863,Johnson,488,France,Male,26,7,246748.63772172376,2,0,0,174281.84791658985,0
981,103228,Brown,670,Germany,Male,39,1,43848.90711832608,2,1,1,41923.04592144455,0
982,103719,Williams,666,Germany,Female,44,1,141871.851537061,2,1,0,12200.693966462344,1
983,102371,Williams,716,Germany,Female,27,3,215812.14898573546,3,1,1,180865.1753139034,0
984,102891,Garcia,599,France,Male,31,7,91271.0453689651,2,0,0,69445.84272893534,0
985,103756,Brown,476,Germany,Male,39,6,55209.4023954212,4,1,1,79977.81525267122,0
986,104225,Brown,618,Germany,Male,42,1,3943.5389611567825,2,1,1,100194.60072781496,0
987,100094,Smith,651,France,Male,20,9,41117.36436150249,1,0,1,71428.87327624153,0
988,102674,Jones,533,Spain,Female,30,5,38805.870479237485,2,1,1,123645.7111822375,0
989,106898,Williams,543,Germany,Female,41,10,83550.95288800952,4,1,0,87590.61679987267,0
990,100793,Davis,695,Germany,Male,46,10,144420.7898389783,3,1,1,149449.4678558336,1
991,102116,Williams,660,Spain,Female,41,3,124167.83217761762,4,0,1,17592.4053163767,0
992,105779,Miller,763,Germany,Female,43,9,203960.42027220564,4,1,1,50216.376287163184,0
993,106166,Brown,822,France,Male,42,0,4797.8999544191365,1,0,1,183917.79874211192,1
994,100814,Davis,499,Germany,Male,26,7,92887.81698406239,1,1,1,20107.61844375123,0
995,100345,Brown,608,Spain,Female,59,7,20949.61951646555,4,0,1,101541.87892958614,1
996,108554,Jones,662,Germany,Female,33,5,359497.5110308444,3,1,0,45759.335688486004,0
997,102443,Brown,686,Spain,Female,27,9,52612.82409045714,2,0,0,158333.2434469679,0
998,107783,Johnson,751,France,Female,18,6,97778.15593145324,1,1,1,109500.5287929931,0
999,100984,Johnson,722,France,Male,31,2,43322.04234127673,4,1,1,146993.5557099629,0
1000,107790,Garcia,763,Germany,Female,28,8,24868.741805737976,1,1,1,167865.43870277907,1
1001,109831,Johnson,656,Germany,Male,33,3,116435.37167039939,2,1,1,153094.6168231707,0
1002,100827,Johnson,587,France,Female,43,10,280113.9762295474,3,1,0,88669.49323928403,0
1003,103531,Jones,844,Spain,Female,56,1,6132.225682751908,2,0,1,97328.61273871789,1
1004,107147,Williams,665,France,Male,51,3,174434.42755062899,3,1,0,134991.19010490837,1
1005,104451,Johnson,625,France,Male,18,1,41793.16763896734,2,1,1,152542.64057855698,0
1006,103876,Davis,542,Spain,Female,54,3,12888.328923947407,1,1,0,81696.68668104247,0
1007,105959,Garcia,665,France,Female,46,1,124922.86215056374,2,0,1,158202.5669009487,0
1008,100126,Brown,750,Spain,Male,66,10,8606.944980341712,4,1,1,12510.193538845222,1
1009,103177,Johnson,599,France,Female,29,7,130098.52361211041,2,1,1,183428.8524027048,0
1010,108795,Garcia,636,France,Male,23,5,57234.2019499998,4,0,1,123829.01599722328,0
1011,106024,Jones,674,Spain,Male,51,7,18000.9806279201,4,1,1,118149.08767973684,0
1012,105109,Miller,697,Spain,Female,50,10,17101.63704554881,1,1,0,117312.61102751872,1
1013,104146,Miller,624,France,Female,28,0,137912.9592825159,4,0,1,19101.693369584602,0
1014,107196,Miller,610,France,Male,35,8,176186.42014033615,1,1,1,190461.83034126306,0
1015,103368,Brown,598,Germany,Male,46,10,115716.93850140425,3,0,1,155549.02174510204,1
1016,103797,Garcia,539,France,Male,44,1,127598.88380968916,3,1,0,146439.9728371033,0
1017,101792,Johnson,572,Spain,Male,38,7,188483.07649032658,2,1,1,143679.7027726865,0
1018,105732,Williams,570,France,Male,40,3,55958.43604884757,2,0,1,114009.02378571266,0
1019,103476,Brown,495,Spain,Male,26,1,18354.199554308405,1,0,1,128900.75317638066,0
1020,103417,Brown,749,France,Female,35,0,47364.233560968714,1,1,0,185750.27787492535,0
1021,101645,Miller,685,Germany,Female,18,3,387694.36157146073,2,0,0,79508.4200772825,0
1022,109397,Williams,664,Spain,Male,38,9,59509.337316169156,2,0,1,124190.1895176494,0
1023,103030,Miller,780,France,Female,18,0,257557.68359708998,2,1,1,85132.92375456396,0
1024,102872,Brown,721,Spain,Male,22,7,121312.85668694203,4,1,1,33952.9086514024,0
1025,103072,Johnson,571,France,Male,86,1,133843.62533249447,3,1,0,38808.48526592464,1
1026,101854,Miller,767,France,Male,18,7,21098.33014737039,2,0,1,23760.0178360204,0
1027,104021,Miller,747,France,Female,53,9,46002.28198686658,4,1,1,85052.74080277477,1
1028,104662,Davis,538,Spain,Female,43,0,131820.84469980988,1,0,1,77374.17960718904,0
1029,106514,Miller,740,France,Male,43,6,106584.86852476068,2,0,0,34900.49885757867,0
1030,105031,Brown,603,Germany,Male,22,6,198491.06221188483,1,1,1,96194.641037489,0
1031,102708,Johnson,749,Germany,Female,49,4,23571.135225658185,1,1,0,51719.3344686209,0
1032,107112,Williams,616,France,Female,18,2,137955.31265349037,3,1,0,30649.179543079637,0
1033,109524,Smith,596,France,Male,31,5,4024.1926828975365,1,1,0,72235.31930012962,0
1034,108393,Williams,606,France,Male,39,10,35638.99148766393,4,1,0,138618.43016908623,1
1035,103507,Johnson,552,France,Female,63,4,99558.7399331426,3,1,1,18599.002917223337,1
1036,106456,Jones,501,France,Female,48,8,391425.9120098432,2,1,0,140851.75294681007,1
1037,104212,Miller,400,Spain,Male,32,3,454439.9436983954,4,1,1,38469.65796267561,0
1038,107970,Williams,544,Spain,Male,34,8,57829.88842416325,1,1,1,182781.55733843523,0
1039,108766,Jones,850,France,Male,47,9,144679.33463277743,2,0,1,29961.40471878827,1
1040,100536,Jones,697,Germany,Male,20,5,91753.54878587021,2,1,1,47640.495788489236,0
1041,101625,Johnson,836,France,Male,55,8,123476.21591358245,1,0,0,54468.050559948046,1
1042,107973,Johnson,618,Germany,Male,37,2,131657.31929786727,4,0,0,136590.9941593014,0
1043,108577,Davis,603,Spain,Female,25,0,79256.62803472405,4,1,1,164404.83788870004,0
1044,108070,Miller,821,France,Female,18,5,168167.4176901333,2,0,1,111352.2834941656,0
1045,108666,Smith,687,Germany,Female,18,3,87825.67949235508,1,1,1,151788.69142805052,0
1046,108609,Garcia,554,Spain,Male,65,10,10604.478072243133,1,0,1,178789.16688591754,1
1047,106490,Brown,713,Germany,Male,18,9,452857.3641931903,2,0,0,126630.56625621165,0
1048,103600,Williams,775,France,Female,46,3,36219.37280742468,1,1,1,70072.87759636006,0
1049,106783,Johnson,507,France,Female,45,3,332946.5424859156,3,1,1,40427.39709410797,0
1050,109146,Williams,696,France,Male,31,0,34618.61316444011,4,1,0,122500.63543842072,0
1051,104971,Garcia,513,France,Female,37,4,191835.7564653608,4,0,1,169175.0614626467,0
1052,101205,Garcia,769,Germany,Female,32,8,116984.82309993345,4,1,0,47448.123847609815,0
1053,101990,Miller,673,France,Male,42,2,44140.855329244536,3,0,1,199893.68218498726,1
1054,105299,Jones,712,Spain,Female,33,1,278068.6170307675,2,1,1,35527.32592290372,1
1055,103572,Miller,628,France,Female,34,1,87502.02802020422,4,1,1,18946.35514351556,1
1056,105975,Brown,471,France,Female,37,9,177056.1768189742,1,1,1,140818.62574681715,0
1057,106320,Smith,605,Germany,Male,48,6,159425.605785939,2,1,0,80361.56410738896,1
1058,104380,Williams,742,France,Male,47,5,4749.435276286143,2,0,0,137898.13095331343,0
1059,104757,Brown,849,Germany,Female,37,1,31315.191320361922,4,1,0,45683.44378390127,0
1060,102713,Davis,678,France,Female,35,0,63906.754555259016,1,0,1,46773.10378122174,1
1061,105588,Smith,581,France,Male,47,6,270336.60025898565,2,0,1,106228.3466181951,0
1062,100966,Williams,703,France,Male,26,10,6449.717743066659,4,1,0,189680.42464170558,0
1063,104944,Brown,733,France,Male,21,5,20535.72655393192,1,0,1,82310.69812285555,0
1064,103432,Johnson,663,Spain,Male,18,4,97955.92525869995,1,1,1,25316.589317005142,0
1065,100688,Williams,657,France,Male,42,4,105756.53656629658,2,1,0,150476.35646036302,0
1066,104243,Brown,671,Spain,Female,55,9,17910.466134957478,3,0,1,185338.26515149072,1
1067,103701,Garcia,654,France,Male,40,2,296230.31692527584,3,0,1,80012.82836837876,1
1068,108533,Smith,679,Germany,Female,42,10,19459.91759179985,4,1,0,97697.95782702898,0
1069,105182,Brown,832,Germany,Female,31,4,20131.324886223636,4,1,1,190846.83323983525,0
1070,109916,Johnson,446,Spain,Male,42,5,100935.93981248492,3,1,1,152520.34387626403,0
1071,106704,Miller,626,Spain,Male,41,10,54725.39406464362,1,1,0,137652.4035768984,1
1072,104422,Williams,556,Spain,Male,46,6,2635.594524132883,2,1,0,35787.97808253691,0
1073,109984,Davis,768,Spain,Female,18,6,253210.98547938187,1,1,1,121107.35484005028,0
1074,101759,Williams,635,France,Male,45,9,7811.491365183039,2,1,0,173625.02377682913,1
1075,109181,Williams,705,Spain,Female,48,9,16997.876215034234,1,0,0,148464.89620960533,1
1076,102482,Johnson,792,Spain,Male,48,7,227403.65900107543,2,1,1,33467.01505997427,0
1077,108058,Smith,541,France,Female,37,4,32201.3681853971,3,1,0,138062.71604893688,1
1078,100951,Williams,597,Spain,Female,65,3,170198.61724265665,3,1,1,163213.77782373014,1
1079,108914,Smith,782,Germany,Male,53,6,18719.06091146748,3,1,0,83489.66937470123,1
1080,102079,Brown,537,Spain,Male,60,1,4938.375141929915,3,0,1,153660.62040943417,1
1081,102717,Garcia,600,Spain,Female,45,7,26752.748690820266,2,0,1,145776.79803003627,1
1082,104524,Davis,489,Spain,Female,39,3,135485.70634794462,2,1,1,74223.41290940996,0
1083,109692,Garcia,786,Spain,Male,47,9,108646.61431855187,3,0,0,151435.94835490914,1
1084,108477,Smith,591,France,Female,29,0,37196.17975694386,2,1,0,132094.2952006591,0
1085,107311,Smith,685,France,Female,51,1,100370.19211893559,1,1,1,70368.04747261116,1
1086,107186,Garcia,717,France,Male,32,0,109357.3237831579,4,1,1,112589.78185898646,0
1087,102065,Williams,569,France,Male,30,4,83167.98079225679,2,1,0,97663.41870846508,0
1088,100768,Jones,459,France,Female,19,0,274146.5656825511,2,1,1,21105.486052038872,0
1089,105490,Jones,628,Germany,Female,54,10,157804.00345807202,1,0,0,140262.84467672525,1
1090,106645,Johnson,626,France,Male,69,8,169267.9566139758,3,0,0,37274.96484658171,1
1091,105083,Davis,643,Germany,Male,59,10,55494.18353989808,1,1,0,57226.24517516372,1
1092,105232,Miller,644,Spain,Male,52,10,115169.48500889482,3,0,1,192125.28395438075,1
1093,105797,Garcia,600,Germany,Female,52,3,20254.622710836786,1,0,1,55056.801174394175,0
1094,109138,Garcia,596,France,Male,52,9,35091.28693383474,3,1,1,85412.01824897516,0
1095,104926,Johnson,679,France,Female,37,2,69799.7995888094,1,1,1,192439.11895619676,0
1096,106016,Davis,567,France,Male,33,8,169417.79083592087,4,1,1,152944.2526762314,0
1097,103335,Jones,640,France,Male,24,3,41087.79280871724,4,0,1,139798.50979622055,0
1098,108038,Brown,593,Germany,Female,66,0,57948.865392051586,2,0,0,166236.27887726738,1
1099,104873,Williams,679,Germany,Male,35,1,315452.61565159186,4,1,0,22769.918564344436,0
1100,101481,Williams,760,Germany,Female,41,3,33421.19689197231,1,1,1,178727.89389686837,0
1101,106305,Brown,764,France,Male,22,10,96250.55772254037,4,0,1,59105.43305434905,0
1102,103451,Brown,778,France,Male,27,0,10596.479039481887,1,1,0,40518.28902191086,0
1103,100054,Davis,616,Spain,Male,24,5,53047.755642525895,3,1,1,167869.93925481415,0
1104,107643,Jones,624,France,Male,33,6,40061.184749115986,4,1,1,64408.75504632103,0
1105,103462,Johnson,523,Germany,Male,48,0,1315.8322590824143,4,0,0,56528.26852077034,1
1106,100832,Brown,615,Spain,Female,45,5,87998.44090019997,3,1,0,160589.57588979488,1
1107,105954,Johnson,619,France,Female,48,2,40260.24627075248,4,1,1,22080.22839103165,0
1108,108519,Davis,588,Germany,Female,38,6,28991.65184754554,2,1,0,25931.39451381628,0
1109,107221,Miller,587,Germany,Male,50,10,223116.6651067797,1,1,1,164757.32837930095,1
1110,103310,Smith,480,Germany,Male,36,1,26087.182374395,2,0,1,90501.33899091854,1
1111,103300,Williams,515,France,Male,45,1,52001.03487133322,3,1,0,171046.98263230396,0
1112,106722,Jones,654,Spain,Male,33,10,298437.6439077032,4,1,0,160302.42811233582,0
1113,107218,Williams,658,France,Female,55,3,8371.536044848792,1,1,0,116640.02926015541,1
1114,107776,Jones,698,Germany,Female,25,10,278765.67720219604,2,0,0,152805.03388255773,0
1115,103675,Davis,624,France,Male,55,7,49464.84691119542,2,1,1,38561.17013484478,1
1116,103054,Smith,651,France,Female,44,2,156507.455322398,3,1,0,47451.603129076255,1
1117,107970,Williams,775,France,Male,61,7,43989.65304672107,4,0,1,170341.6799790528,1
1118,102143,Smith,644,France,Male,29,6,53708.47049578757,1,1,1,75880.61672127599,0
1119,105207,Davis,586,France,Male,35,4,57585.95539411543,4,1,1,12514.406852386277,1
1120,109503,Jones,530,France,Female,35,3,293385.54217039456,4,1,1,191202.64798393438,0
1121,102538,Brown,729,Spain,Male,26,9,79907.32043994768,3,0,1,145696.3043076419,0
1122,104547,Miller,479,France,Female,68,9,24446.438314023948,3,1,1,170860.3786132433,1
1123,105619,Williams,566,Spain,Female,28,1,94549.0468397915,1,1,1,183552.50253287007,0
1124,108356,Smith,691,Spain,Male,25,8,220247.88706208134,1,0,1,130512.35119956764,0
1125,106612,Garcia,459,France,Female,60,3,24128.3295406093,3,1,1,106367.5552069837,1
1126,105005,Williams,588,France,Male,50,4,41181.77140142089,3,1,1,39997.51028180886,0
1127,100822,Williams,662,France,Female,36,1,84737.81193072571,1,1,1,47099.91687908958,0
1128,100943,Williams,611,Spain,Male,18,1,436284.9118153611,2,1,0,96482.47981183052,0
1129,106150,Johnson,551,Germany,Male,64,1,62615.97418046107,2,1,1,24146.95458603266,1
1130,104425,Smith,590,Spain,Male,68,9,87790.93721451877,4,1,0,159812.49864382346,1
1131,108966,Smith,731,France,Male,48,1,14538.24849425137,1,0,1,116795.21464766709,0
1132,102198,Williams,833,Spain,Male,46,8,141945.8673317372,1,1,1,186056.81626450946,1
1133,104242,Davis,663,France,Female,42,4,24829.574081715786,4,1,1,129286.07548206276,0
1134,103695,Davis,451,Spain,Male,32,10,39738.02364017124,1,1,1,194752.12697993004,0
1135,103452,Brown,706,France,Male,57,5,123637.55038227944,2,1,1,64100.37145858942,1
1136,109106,Williams,610,Germany,Female,33,3,124710.53844342472,1,0,1,77508.50981152795,0
1137,101308,Johnson,540,Germany,Male,47,1,38389.92142623189,3,1,1,91339.6002369355,0
1138,104177,Jones,569,Germany,Male,42,2,189923.36421871473,1,1,0,67225.87502334088,0
1139,108705,Johnson,574,France,Female,38,2,158330.8550364717,1,0,0,161491.13027226247,0
1140,106852,Davis,508,Germany,Male,26,10,95653.73702647179,4,1,1,112103.19918300209,0
1141,106035,Brown,643,France,Female,21,10,19686.372581406118,3,1,0,97329.91699040764,0
1142,103594,Davis,832,Germany,Female,46,9,235261.57011010472,4,1,1,97564.32108175982,0
1143,104841,Davis,540,Germany,Female,32,7,74955.13809056104,1,0,1,165029.79549167035,0
1144,101409,Davis,829,France,Male,41,7,47225.27079383302,3,1,1,56992.79912336534,0
1145,104566,Williams,670,Spain,Female,42,5,262114.52302763495,2,1,1,72046.49082180993,0
1146,104491,Davis,640,France,Male,43,10,356275.33142848586,2,1,0,186718.83404345854,1
1147,101555,Smith,617,France,Female,37,9,126298.98051708446,1,0,0,86429.11291208606,1
1148,100804,Miller,569,France,Female,48,10,156722.06164199646,2,1,1,199172.6870890998,0
1149,101279,Garcia,679,Spain,Female,37,7,28337.769917588947,1,1,1,93983.43555806157,1
1150,107083,Williams,702,Germany,Male,35,2,29947.871011685456,4,1,0,91197.45268054631,0
1151,105986,Brown,407,Spain,Female,50,6,84211.05995562614,1,1,1,123390.82347096394,1
1152,105619,Smith,850,Germany,Male,39,4,408656.297300868,3,1,1,171104.75227429572,0
1153,101387,Johnson,468,Spain,Female,42,8,135955.26861902693,3,0,1,147101.3652876782,0
1154,102679,Davis,597,France,Female,53,8,137038.3531231844,1,1,1,155084.10080946403,1
1155,102106,Jones,394,Spain,Male,45,4,29786.37006966579,2,1,0,195636.9912270667,0
1156,108173,Jones,623,France,Female,52,5,54435.1376399684,4,1,0,161619.68852254516,1
1157,104223,Miller,603,Germany,Female,18,0,41935.55465538843,1,1,1,99613.82944206682,0
1158,104831,Williams,598,France,Male,78,3,35990.54500626949,2,1,0,135307.09866478853,1
1159,102768,Johnson,680,Spain,Male,49,0,131342.0979685759,3,0,1,168052.16404423708,1
1160,103186,Miller,625,Germany,Female,47,3,10519.843186253618,4,1,1,43511.67210005632,0
1161,102573,Garcia,703,Spain,Female,36,0,18085.327772933782,2,0,0,77074.75946731844,0
1162,102599,Garcia,526,France,Female,18,9,53153.14490998372,1,1,0,125527.6965288194,0
1163,104033,Miller,657,France,Male,49,3,36057.95796006397,4,1,1,83188.01798584471,0
1164,108428,Brown,586,France,Male,55,5,233687.76011771057,4,0,0,21772.54861124889,1
1165,101304,Jones,612,Germany,Female,18,8,22369.79340122567,2,1,1,188746.09034378023,0
1166,107368,Johnson,677,Spain,Male,52,1,28614.073829827652,2,1,1,113295.30839860141,1
1167,105877,Williams,599,France,Male,62,1,19611.80863138183,1,1,1,131165.87793451274,1
1168,101301,Davis,639,France,Female,61,5,195439.73573468553,3,1,1,147131.9009962037,1
1169,102541,Smith,534,France,Male,46,10,22572.056856715346,4,0,1,18434.980497595272,0
1170,102051,Williams,759,Germany,Male,37,9,43398.516705855334,1,1,1,45836.79527564715,0
1171,106809,Williams,722,France,Male,53,5,110657.79422717728,3,1,1,181809.5947525877,1
1172,108633,Johnson,659,Spain,Male,45,2,8081.081287923378,2,0,0,159902.90555348794,0
1173,108996,Jones,625,France,Male,44,1,169635.36312670566,3,1,1,24030.436189612934,0
1174,100074,Johnson,639,Spain,Female,31,2,122502.84267313975,2,0,1,159988.9865026267,0
1175,106981,Smith,757,Germany,Male,18,3,30250.828983698902,3,1,1,181108.2655185576,0
1176,105475,Miller,715,France,Male,51,3,49724.25650759797,1,1,1,43054.64836801661,1
1177,108232,Johnson,759,Spain,Male,34,6,96776.91226992075,2,1,1,23383.283829981672,0
1178,107184,Brown,615,France,Male,24,3,292727.8728643656,4,0,1,174185.30161862582,0
1179,105796,Williams,698,Germany,Female,22,9,99225.55216240368,1,1,0,124775.74118914088,1
1180,107141,Jones,768,Germany,Female,36,5,29174.330639889406,1,0,1,198107.11085847754,0
1181,101622,Davis,557,France,Male,20,5,65873.94868883549,3,1,1,144459.87202188274,0
1182,108041,Garcia,551,Spain,Female,55,9,59713.67954917568,1,1,1,107875.99013670892,0
1183,100341,Smith,677,Germany,Male,47,2,76058.56833103296,3,0,1,57851.536907986905,1
1184,102074,Garcia,526,Spain,Female,55,8,73198.95927039221,3,1,1,143425.86309439776,1
1185,107992,Williams,468,France,Male,23,9,45263.90433460903,2,1,0,26065.817641177116,0
1186,100645,Johnson,767,France,Male,18,4,205437.08269902182,1,1,1,89896.18620452833,0
1187,104263,Garcia,784,France,Female,65,9,40064.3558546702,1,0,0,76895.691249614,1
1188,108801,Brown,531,Spain,Male,26,8,75492.11893078849,4,1,1,125179.24043152531,0
1189,106136,Johnson,506,Spain,Female,40,9,30227.215033928762,1,0,1,53399.42973102617,0
1190,108646,Williams,584,France,Male,27,5,57057.85699956137,4,1,1,42278.840903621815,0
1191,109900,Garcia,775,France,Female,26,5,114379.04562319166,1,1,1,39759.27701200165,0
1192,102969,Davis,608,Germany,Female,47,8,141822.31394450075,3,1,0,70088.37861612598,0
1193,103028,Miller,659,Spain,Female,37,9,164104.3243327855,4,0,0,174267.934400228,0
1194,107643,Smith,682,Spain,Female,58,4,133493.44604085878,3,1,0,86422.26453747522,1
1195,102681,Garcia,667,France,Male,18,2,62877.495041555856,4,0,0,179507.24138628197,0
1196,103629,Davis,799,France,Male,38,2,3818.8370371973992,1,0,0,152394.680490793,0
1197,104225,Miller,578,France,Female,31,1,74337.17147141427,4,1,1,146371.91144013772,0
1198,103067,Miller,639,France,Male,35,1,5672.980396952172,3,0,1,156276.35545496698,0
1199,105941,Garcia,673,Spain,Male,36,5,339471.4269804093,3,0,1,106504.29747535478,0
1200,101386,Jones,645,Germany,Male,48,7,47474.52390879651,1,0,1,62276.1583517482,1
1201,102866,Garcia,528,Spain,Female,36,10,70051.69223018551,3,1,0,45238.840243922416,1
1202,104788,Williams,502,France,Female,36,7,13874.149403150315,1,1,1,105205.86849684882,0
1203,105490,Miller,500,Germany,Male,65,7,545447.5810323609,2,0,0,82341.09171408431,1
1204,104124,Smith,722,Germany,Male,20,9,67767.12103037549,3,0,0,135523.89176116307,0
1205,108340,Williams,567,France,Female,22,6,35423.50201762576,2,1,1,77356.73455907314,0
1206,103850,Brown,696,Germany,Male,66,1,21449.191912086968,2,1,0,22348.191113303532,1
1207,105415,Johnson,658,Germany,Male,64,9,104962.42797539665,4,1,0,83030.53141812551,1
1208,107679,Garcia,552,Spain,Male,18,10,57323.17383035283,2,0,1,178224.37663514927,0
1209,106819,Jones,555,France,Female,71,1,38174.369204514296,4,0,0,144660.22826266717,1
1210,109328,Smith,663,Spain,Female,47,9,968.9386462660415,3,1,0,84303.3787206172,0
1211,108378,Jones,657,Spain,Female,28,6,3707.5919974731655,1,1,1,51239.36463404396,0
1212,109442,Jones,699,Germany,Male,39,3,118290.66960085255,1,1,1,118259.28848054662,0
1213,101333,Jones,604,Germany,Male,32,5,65496.63661843326,4,1,1,187792.3849093888,0
1214,104150,Garcia,565,France,Male,39,8,188974.9973328841,4,1,0,120887.53876328579,1
1215,106766,Smith,660,Germany,Female,32,4,140050.8786746777,2,1,1,179150.85811207164,1
1216,102711,Smith,791,Germany,Female,21,9,85200.33121898623,4,1,0,144530.2024813515,0
1217,104853,Miller,462,Germany,Female,19,3,82323.50858023646,2,0,1,34225.85584749183,0
1218,106212,Jones,570,France,Male,42,2,136784.53792646347,2,1,0,144016.6298751769,0
1219,107479,Miller,709,Spain,Female,26,6,135155.4128145508,4,1,1,125797.85391063508,0
1220,105408,Miller,671,Germany,Male,18,6,40724.28980173488,2,0,1,79500.30313810012,0
1221,109977,Johnson,710,Spain,Male,46,6,11128.855644389418,3,1,0,191239.72217383594,0
1222,107715,Garcia,607,Germany,Female,46,4,147765.65409670523,3,0,0,73710.71392808025,0
1223,108942,Garcia,488,Spain,Male,46,9,25245.128063229233,4,1,0,27447.64373900676,1
1224,101762,Williams,817,Germany,Male,40,7,156669.01687049182,2,0,1,58239.43665254854,0
1225,107101,Davis,758,Germany,Female,25,10,96257.48128438968,4,1,1,93792.25870392904,0
1226,107674,Miller,647,France,Male,57,1,44310.482173028424,3,1,1,179235.05460874303,1
1227,106122,Garcia,565,France,Female,52,3,191239.55946652612,2,0,1,16991.02330472762,0
1228,100481,Jones,600,Germany,Female,72,0,117495.96148386567,4,1,1,161817.00630232916,1
1229,100153,Davis,672,Spain,Female,57,5,78769.58423230126,1,1,1,63720.63677109869,1
1230,107617,Brown,624,Germany,Male,43,5,35796.14150822994,2,1,0,125091.12764531621,0
1231,101524,Jones,648,France,Female,65,2,428894.47648433334,3,1,1,82898.86442575497,1
1232,102120,Smith,811,France,Female,40,0,182350.1025206895,1,0,1,61287.646339207044,1
1233,102343,Garcia,742,Germany,Female,40,4,14684.909521230693,3,1,0,107184.66427923307,0
1234,105136,Davis,532,Germany,Male,38,0,164107.7015039005,3,1,0,82136.26957025482,1
1235,105760,Garcia,657,Spain,Male,31,2,12804.771367893341,4,1,0,85673.38082895846,0
1236,101240,Williams,597,Germany,Male,72,7,28468.354631113783,3,0,1,41922.71207235497,1
1237,100060,Miller,679,France,Female,26,9,315942.27972064377,1,1,1,38367.807944947206,0
1238,109130,Brown,643,Germany,Female,18,8,203948.82062817,4,1,1,60793.726743853505,0
1239,101639,Garcia,850,Spain,Female,32,2,93141.30820391233,4,1,1,122447.2845017297,1
1240,106185,Williams,692,Germany,Male,44,8,120107.0911637716,2,0,0,55482.877724971724,0
1241,107970,Williams,636,France,Female,30,6,9388.161744822137,1,0,0,157286.42787225876,0
1242,101252,Brown,834,France,Female,33,7,40402.69280669286,1,0,1,165063.8737203872,0
1243,104203,Jones,670,Spain,Male,18,5,38923.446644332755,3,0,1,42011.69312951899,0
1244,108363,Jones,498,France,Male,20,4,3321.4416289423148,4,0,1,195486.10428907996,0
1245,109650,Jones,637,France,Female,19,9,121774.01632456941,1,0,1,61776.847115738485,0
1246,103549,Johnson,711,France,Female,51,7,36752.53679042604,1,1,1,25290.642672108952,0
1247,104197,Miller,698,Spain,Female,18,1,100264.59536422163,3,1,0,94177.91542819685,0
1248,107009,Davis,750,France,Male,29,6,2760.149884565442,2,0,0,45792.01449783693,0
1249,106667,Miller,665,Spain,Male,36,0,164.48373536261204,1,0,0,159371.81549489658,0
1250,102322,Jones,658,Germany,Female,22,6,18633.784853259265,3,0,1,33244.714335064906,0
1251,109828,Brown,509,Germany,Male,43,5,121364.14372027613,2,1,0,102698.40049576534,0
1252,104090,Johnson,802,Spain,Male,45,3,92677.41260121453,2,1,1,27346.342784470442,0
1253,106960,Miller,619,France,Female,60,2,22427.70663767939,2,0,1,180908.27697124286,1
1254,103004,Jones,552,France,Female,39,8,74102.29908000624,2,0,1,69724.94008651735,0
1255,105136,Johnson,850,France,Male,18,5,96553.49209023149,1,1,1,127791.04361408552,0
1256,100329,Davis,818,Germany,Male,30,5,279597.8096635927,1,1,1,149014.6035364891,0
1257,103640,Brown,605,Spain,Male,34,0,143727.507651912,3,1,1,17627.139967746596,0
1258,107982,Jones,461,Spain,Male,58,4,14598.968409295925,1,1,0,83462.36363976904,1
1259,104107,Davis,578,Germany,Female,35,6,31502.59316324801,1,1,0,64951.26085654867,0
1260,101341,Smith,807,Spain,Male,45,3,51665.2970778725,1,1,0,114472.89198363166,1
1261,108407,Davis,667,Spain,Female,34,1,11125.630611294795,2,1,1,156840.4534142325,0
1262,100338,Garcia,515,Spain,Male,47,8,81048.28331193476,1,1,0,36185.25960358009,1
1263,105895,Brown,728,France,Female,29,5,237615.46761186034,4,1,1,101107.68961197184,0
1264,102708,Davis,629,France,Male,18,8,36582.770635059234,3,1,0,36136.08407117412,0
1265,101750,Davis,585,Spain,Female,18,7,417637.22775833745,1,0,1,160420.59165053637,0
1266,105604,Williams,592,Germany,Female,46,0,28677.245045936463,4,0,1,159486.56760811008,0
1267,102421,Williams,780,Spain,Female,43,1,63916.365129719685,4,1,0,73891.35332468976,0
1268,107119,Davis,704,France,Male,45,1,42012.46056758076,2,1,1,73389.27095669214,1
1269,108901,Davis,501,France,Male,40,1,36833.52050441222,3,0,1,124484.15843823731,0
1270,105319,Brown,686,France,Male,18,3,47460.74929975088,2,1,0,199479.57142914322,0
1271,106609,Williams,660,France,Male,29,6,3294.89403331051,4,1,1,196321.73845933544,0
1272,105387,Miller,607,Spain,Female,37,6,75930.90773875493,1,1,1,71057.07116353289,0
1273,103993,Brown,613,France,Male,28,0,135250.99447624543,4,1,1,167883.81491482304,0
1274,108680,Smith,563,Germany,Female,47,7,199357.57340930979,3,0,0,71021.19191483033,0
1275,108044,Brown,583,France,Female,36,3,39208.77846790286,4,1,0,107944.64133704425,0
1276,108238,Jones,678,France,Male,48,7,79940.64064088665,4,0,1,17556.312647354138,0
1277,104873,Jones,622,France,Female,56,9,223302.1974785892,2,1,1,188766.1984921461,1
1278,104806,Johnson,704,Spain,Female,45,8,160879.92830429977,4,1,1,150015.03936116848,1
1279,108592,Williams,571,Spain,Male,41,6,62376.106431303524,2,1,1,174625.21564646825,1
1280,105913,Davis,720,Germany,Male,19,2,18013.944642325176,2,1,0,116700.79263100379,0
1281,107124,Garcia,781,Spain,Female,39,2,81713.01632427827,1,1,1,23913.856794627103,0
1282,103157,Williams,649,Spain,Male,18,4,457524.20056787546,4,1,1,94323.93434283859,0
1283,100390,Miller,702,France,Female,20,6,141675.6099936315,1,0,1,80794.5330539005,0
1284,104430,Brown,705,France,Male,43,6,188402.3450582375,3,1,1,108672.27100383045,1
1285,108820,Garcia,599,France,Male,20,8,20919.335790243767,2,0,1,51189.77617661432,0
1286,107686,Garcia,706,France,Female,73,0,234227.47465392336,2,0,1,96676.6009820322,1
1287,104232,Davis,423,France,Male,52,2,1422.3288160292902,3,1,1,17123.68679257321,0
1288,108007,Davis,383,France,Male,39,0,198203.63132950835,2,1,0,39673.83014958538,0
1289,101521,Williams,617,France,Male,18,5,27328.061004251107,1,1,1,175772.32048940996,0
1290,109018,Garcia,713,Spain,Female,18,9,97474.98290511237,1,1,1,82788.52510725026,0
1291,101500,Garcia,641,Spain,Female,73,6,34679.82492068052,3,0,0,92415.97499679733,1
1292,106737,Jones,724,France,Male,30,1,14536.797145062308,4,1,1,78888.91751944243,0
1293,103294,Smith,529,Spain,Female,56,8,28382.016491068833,2,0,1,128522.72351761191,1
1294,105085,Davis,738,Spain,Female,31,4,64041.86613407521,4,1,1,12510.392435578893,0
1295,102419,Brown,812,France,Female,24,2,252150.5014067432,1,0,1,190268.85294538946,0
1296,109126,Williams,580,Germany,Male,23,6,49266.47674406712,1,1,1,116000.3233534227,0
1297,103042,Davis,727,France,Male,18,6,5749.092635849514,2,1,0,83359.38674798683,0
1298,104497,Jones,652,France,Male,47,0,2405.493511964292,3,1,1,174240.05154183973,1
1299,101466,Miller,694,Germany,Female,44,5,23555.85528524959,1,1,0,105148.41193476047,0
1300,103561,Davis,812,France,Female,30,2,5343.122886169401,4,1,1,29087.398173573692,0
1301,100614,Miller,682,France,Male,18,6,46382.97246010618,1,0,0,183570.5933100247,0
1302,105392,Johnson,726,France,Male,35,4,48491.906903709525,2,0,1,84418.887443039,0
1303,107693,Garcia,523,Spain,Male,47,3,358059.16078788036,3,1,1,119339.15037772767,0
1304,109374,Garcia,723,Germany,Male,72,9,36562.13813024424,1,1,1,189515.5436049543,1
1305,103223,Williams,811,Germany,Female,54,6,91362.96101100578,2,1,0,67183.79115458744,1
1306,107138,Smith,557,Spain,Male,41,6,170828.47062225587,1,1,0,45117.8150783087,0
1307,102667,Smith,617,Germany,Female,26,7,71953.81114711154,1,1,1,174626.89856346874,0
1308,107980,Williams,718,France,Male,57,4,119260.90047754781,4,1,1,109936.25829277857,1
1309,100130,Williams,694,Spain,Male,40,3,366472.71886052936,1,1,1,142555.24382828048,0
1310,102983,Jones,514,Spain,Female,41,0,39178.755986442855,1,1,0,32427.433939607163,0
1311,104278,Miller,666,France,Male,56,3,7710.847451522946,3,0,0,142759.5708070987,1
1312,107126,Williams,616,Germany,Male,35,10,56267.108940318554,4,0,1,119743.93099900175,0
1313,108230,Miller,553,Germany,Female,52,9,77790.70780016006,3,1,0,73340.60692946508,1
1314,107694,Davis,785,France,Female,20,0,86746.82317664326,2,0,0,171657.83811678932,0
1315,106640,Davis,650,France,Male,28,6,134156.04294394254,1,1,1,98354.95344819053,0
1316,105468,Johnson,748,France,Female,46,5,228361.63488351452,4,1,0,88597.5632428736,0
1317,100920,Miller,532,Spain,Female,38,6,69347.77588044807,3,1,0,46135.86954853137,0
1318,107564,Jones,708,France,Male,35,7,15479.087345764961,3,1,0,59557.97298670891,0
1319,108684,Davis,756,France,Male,21,5,51652.25384741724,2,0,0,63064.31389538968,0
1320,109323,Garcia,625,France,Male,53,1,16885.590529260568,2,1,1,88037.66469090423,1
1321,108502,Garcia,600,Spain,Female,18,1,20126.36166383986,2,1,1,105944.82212502792,0
1322,108930,Davis,519,Spain,Female,52,8,170.1168172512051,3,1,1,198163.17133983196,1
1323,103241,Davis,563,Germany,Male,39,5,265515.6578147473,1,1,0,114266.58183945704,1
1324,100545,Davis,604,France,Male,39,5,136751.15103809367,2,1,1,99596.02602965367,0
1325,104346,Miller,552,Germany,Male,38,0,10566.728072000778,3,1,1,132112.83122067677,0
1326,109996,Garcia,573,Spain,Male,26,7,252705.9986180959,2,1,1,153938.598039351,0
1327,103810,Garcia,665,Germany,Female,38,10,204298.10750268053,1,1,0,196109.7055778186,0
1328,107206,Brown,677,Germany,Male,44,7,240672.43300285752,2,1,1,199633.16203565718,0
1329,109005,Davis,759,France,Female,45,3,10238.045213988064,4,1,0,173782.7946318603,0
1330,102032,Johnson,573,France,Female,37,6,8326.541766247792,3,0,1,19596.52075981082,0
1331,108436,Davis,652,France,Male,37,8,7013.845282733086,3,1,1,19480.322236959728,0
1332,100271,Jones,608,Spain,Female,37,10,340889.4641584655,2,1,1,72458.71909453871,0
1333,103511,Jones,601,Germany,Female,35,0,108019.29677673294,2,0,0,175097.4561629956,0
1334,101771,Garcia,618,Germany,Female,18,4,19599.308629059262,1,1,1,155026.99612118342,0
1335,109454,Davis,630,Spain,Male,31,7,264732.42012712156,2,1,1,130154.4306735867,0
1336,104361,Smith,675,Spain,Male,23,6,58548.63840893559,2,0,0,47906.2373208748,0
1337,107069,Jones,616,France,Male,36,9,153919.83757028956,1,1,1,194616.13654233125,0
1338,100920,Davis,772,France,Male,25,3,101111.8672698221,4,0,1,180889.01030969643,0
1339,108190,Johnson,479,Spain,Male,44,2,104883.63106129304,1,1,1,183659.0007676271,1
1340,103430,Williams,755,Spain,Male,56,0,57933.492911547546,1,0,1,107246.14167825264,0
1341,104435,Davis,613,Germany,Female,34,2,50244.456871858434,1,1,1,80893.85880526512,0
1342,103760,Johnson,631,Spain,Female,43,1,17664.234372114806,3,0,1,131624.07257819045,1
1343,102050,Garcia,649,France,Female,31,4,7341.051093361377,2,1,1,135234.96955636155,0
1344,101165,Garcia,720,France,Female,37,0,263097.11288554093,4,0,0,186305.52436624552,1
1345,108567,Brown,561,France,Female,59,3,275866.5273413316,3,1,1,119259.27809447635,1
1346,102033,Miller,584,Spain,Female,18,7,102526.32176061052,2,1,1,177151.20147267464,0
1347,106467,Jones,700,Germany,Female,28,8,49112.314141328825,3,0,0,71016.87444127158,0
1348,100145,Miller,480,Germany,Female,40,0,2541.0128523251074,3,0,0,19587.274873778828,0
1349,104388,Davis,646,France,Male,36,2,59358.44953632066,2,0,1,93796.26378666666,0
1350,107832,Miller,570,France,Male,33,5,107580.04832891181,4,0,0,49241.91446610294,0
1351,108623,Jones,549,Spain,Female,21,4,35708.48150173131,3,0,0,158174.08289276867,0
1352,108896,Jones,486,France,Female,45,0,41921.50999735327,1,0,0,163209.76518938216,1
1353,108173,Davis,727,Germany,Male,37,1,63927.17010794732,3,1,0,159115.66599391686,1
1354,102632,Garcia,665,Spain,Male,48,1,68303.40014185707,3,1,1,98781.84729804235,1
1355,104494,Jones,582,Germany,Male,54,6,135815.3291113747,2,1,1,179807.38278545908,1
1356,108056,Smith,633,Spain,Female,38,5,69266.9770652717,3,1,0,95531.48180447168,0
1357,107511,Smith,540,France,Female,58,5,186610.40770335143,4,1,1,124613.73940043863,1
1358,109155,Williams,596,Germany,Male,54,0,65928.02606660809,3,0,1,51799.211703692956,1
1359,101828,Jones,630,France,Female,32,0,3243.2205915921013,3,1,1,16077.965960432737,0
1360,109130,Brown,656,France,Female,60,3,15245.924591329036,3,0,1,125466.12697029048,1
1361,104805,Williams,689,France,Male,48,9,126642.21032615339,3,1,1,134631.25245366266,0
1362,100806,Garcia,469,France,Male,58,5,60122.76983194992,2,1,1,186623.31319993106,1
1363,109655,Jones,689,Spain,Male,18,10,61844.31907883675,1,0,0,170752.88664634485,0
1364,107486,Smith,477,Germany,Female,49,5,381702.2114592824,1,1,1,157793.81534016778,0
1365,108202,Brown,693,France,Male,43,4,84737.49150474183,2,0,1,143525.3012734725,0
1366,101868,Davis,628,France,Male,26,3,12433.987244304604,3,0,0,92945.69142846807,0
1367,107878,Williams,759,France,Male,18,1,56872.73361398985,3,0,0,103662.1645002554,0
1368,105690,Brown,582,Germany,Female,36,6,82399.71261230875,2,1,1,158418.52423910395,0
1369,107827,Jones,728,Spain,Female,39,5,3818.5505923657706,1,1,1,41504.77307271044,1
1370,105429,Johnson,533,Germany,Female,30,6,45351.6066976782,4,0,1,146761.744436548,0
1371,109076,Brown,660,France,Male,27,2,343635.2088052428,3,1,0,129327.63790960997,0
1372,103564,Brown,446,France,Female,30,0,139152.0881013609,2,1,1,53856.99685627158,0
1373,101389,Garcia,738,France,Female,28,0,46545.808413680854,3,1,0,95518.23665725108,0
1374,107274,Smith,822,Germany,Male,52,3,30396.29141748747,1,1,1,158966.26955965254,0
1375,100824,Davis,580,France,Female,26,3,33289.2009396168,3,1,0,33370.29602631491,0
1376,102265,Jones,662,France,Female,18,6,176267.3899399625,1,0,1,129168.88833797233,0
1377,100936,Brown,694,France,Female,50,6,51354.09379022944,4,1,1,90881.95515660677,0
1378,106402,Jones,494,Germany,Female,52,3,185262.36374372148,4,1,0,58789.478738389334,1
1379,103845,Smith,575,France,Female,37,6,239408.27542020666,3,1,1,179533.81089684556,0
1380,101796,Garcia,568,Spain,Female,22,7,62399.27762461449,2,1,1,101554.47894680039,0
1381,108245,Jones,850,Germany,Female,18,8,290538.7633382011,1,1,1,197703.43871887572,0
1382,107214,Miller,754,Germany,Female,39,5,35660.55045386279,3,1,1,131244.25619966513,0
1383,100726,Smith,628,France,Male,46,3,30113.29164805744,1,1,1,73868.33033014438,1
1384,102736,Smith,727,France,Male,26,9,11350.691329502715,2,1,1,67985.01331341348,0
1385,101913,Davis,671,Germany,Male,51,1,28210.308870116114,3,1,0,142286.4252954436,1
1386,109788,Williams,709,France,Male,18,8,148128.0831948222,2,1,1,77232.3533765826,0
1387,107657,Garcia,544,France,Male,40,6,51715.833982420554,1,1,1,120377.73038167872,0
1388,102466,Garcia,787,France,Male,18,5,16035.994470414706,3,1,0,118240.27944019967,0
1389,109041,Davis,573,France,Male,24,3,11320.39825262829,2,1,0,14504.176500131864,0
1390,107312,Miller,578,France,Female,18,3,67381.85610606374,4,1,1,142139.00498331105,0
1391,108194,Jones,709,Spain,Female,47,1,77512.63368490843,1,1,0,118431.29340978769,1
1392,107906,Johnson,684,France,Female,44,0,158257.6937055736,3,1,0,164255.53161997304,0
1393,104876,Miller,652,France,Female,75,4,125459.29439034211,4,1,1,188513.4771502089,1
1394,107287,Williams,733,France,Female,41,5,18285.965708462278,2,1,1,103610.8335744008,1
1395,100892,Garcia,533,Germany,Male,32,9,32419.001386046642,4,1,1,157763.98831895576,0
1396,104675,Smith,834,Germany,Male,23,8,118339.99384676684,1,1,0,99926.49884270527,1
1397,101933,Garcia,599,France,Female,53,0,19914.970515196423,3,1,0,66664.35064462804,1
1398,101380,Miller,641,Spain,Female,78,4,162569.09062906238,4,0,0,181320.92649213065,1
1399,101290,Johnson,835,France,Female,54,10,107106.79793141544,2,1,1,127768.48057996258,1
1400,101640,Brown,579,Germany,Male,42,4,76860.87442256857,4,0,1,22996.138872967702,1
1401,107490,Brown,752,Germany,Male,40,8,103354.3013406573,3,1,0,187645.332770859,0
1402,109179,Davis,628,Spain,Female,18,10,10504.461762785413,4,1,0,90190.11554897719,0
1403,101218,Garcia,565,Germany,Male,52,10,79412.18645555635,3,0,0,137516.87019806757,1
1404,105016,Garcia,611,France,Female,28,3,60020.297163505464,2,1,0,192316.86777597124,0
1405,106881,Williams,706,Germany,Female,20,2,71941.92133003422,3,1,1,112195.06147270468,0
1406,109547,Garcia,751,France,Male,36,2,41198.676937403776,2,1,0,124272.0727603014,0
1407,109752,Johnson,672,Spain,Female,27,5,63144.44557115069,4,0,1,47105.35925225201,0
1408,109610,Garcia,490,France,Male,25,10,214771.82945939933,3,1,1,158165.80206170795,0
1409,100954,Jones,713,France,Female,31,0,42289.65705469635,1,1,1,109862.75131572607,0
1410,109175,Miller,635,France,Female,18,0,4597.652528469023,2,1,1,103295.62508535433,0
1411,107291,Davis,539,France,Male,35,0,29636.173132107906,4,1,1,45035.025100864994,0
1412,100974,Johnson,684,Germany,Male,42,6,60580.23910145001,4,1,0,94696.03183959985,1
1413,104133,Williams,763,France,Male,24,4,76247.70266523719,2,1,1,190339.79694538025,0
1414,105370,Jones,650,France,Female,59,10,55712.79356734964,1,1,1,84603.77273044009,1
1415,103972,Jones,742,France,Female,30,8,175222.42911168525,2,0,1,53374.36533500779,0
1416,105295,Miller,696,Germany,Female,22,10,246714.04226241235,3,0,0,124357.86424226718,0
1417,109105,Brown,697,France,Female,51,2,66709.10763403306,4,1,0,107303.33427464183,1
1418,108228,Johnson,619,France,Female,39,5,7891.311563942131,2,0,1,101967.50179797958,0
1419,109903,Miller,731,Germany,Male,59,6,54643.0921382167,3,0,0,42340.666707393146,1
1420,103020,Jones,741,France,Male,63,2,19996.29825345929,4,0,1,182785.2873982391,1
1421,108987,Williams,729,France,Female,18,8,33337.20084107467,4,0,1,126109.68312216757,0
1422,104036,Miller,618,Spain,Male,72,1,178915.91609431806,3,1,1,128662.87768935466,0
1423,105068,Brown,748,France,Male,18,6,76634.58070131697,2,0,1,33931.54051528531,0
1424,105233,Jones,688,France,Female,19,9,176370.69230002345,2,1,1,97428.32442975078,0
1425,109516,Miller,552,Germany,Male,18,3,424235.95978802897,4,1,0,121434.78164613673,0
1426,100317,Johnson,611,France,Female,59,8,78796.06633748893,2,0,1,185592.79627713244,1
1427,102396,Brown,596,France,Female,46,6,243340.31801098338,1,1,1,120920.43322544603,0
1428,102162,Johnson,451,Spain,Male,43,7,115032.4524159422,2,0,0,192180.83210127204,1
1429,102745,Johnson,750,Spain,Male,18,10,10738.310728427345,2,0,0,141943.89213243988,0
1430,101591,Johnson,850,Germany,Female,38,9,54111.11468352882,4,1,0,41003.85853165827,0
1431,106183,Miller,770,France,Female,75,2,107569.6518614173,4,1,1,23833.70567249207,1
1432,103930,Brown,666,France,Female,46,5,122166.72726751627,3,1,0,114898.71964403118,0
1433,101312,Miller,598,Germany,Male,34,3,197088.12003921147,4,0,1,189503.4974324041,0
1434,109477,Miller,557,France,Female,55,3,101415.5241909376,2,0,1,71704.7753100694,1
1435,104311,Miller,665,France,Female,41,1,9441.376466162845,1,1,0,178171.30545063724,0
1436,107314,Jones,746,Spain,Female,31,10,15366.762354088905,3,1,1,39102.55232093365,0
1437,102383,Garcia,582,France,Female,28,9,39797.64198305837,4,0,1,151222.52070617996,0
1438,103239,Smith,850,France,Male,47,8,34820.197409401466,3,1,1,89986.26969761621,0
1439,102139,Jones,511,France,Female,34,10,25052.163349070473,2,0,0,14019.082971408503,1
1440,101704,Brown,672,Germany,Male,41,0,96049.39618670534,3,1,1,66112.92501302111,0
1441,106924,Smith,657,France,Female,18,0,56161.04057054523,4,1,0,87080.27189756982,0
1442,100362,Smith,650,France,Female,37,6,115514.70247438425,3,1,1,94048.06024933033,1
1443,102604,Smith,593,France,Female,23,9,48933.973771369754,2,0,0,43907.316717665286,0
1444,109908,Garcia,658,Spain,Female,54,6,32031.80375497909,4,1,1,127750.01264033715,1
1445,104286,Miller,605,Germany,Male,23,3,79955.52968144401,2,1,0,171071.17708482113,0
1446,103738,Davis,778,France,Male,27,7,10176.705956658672,4,1,1,141297.71784777654,0
1447,102469,Williams,812,Spain,Male,18,4,447927.23542320944,4,1,1,162133.57480394523,0
1448,104795,Brown,611,France,Female,51,5,106603.84234126234,1,1,0,77187.20994312411,1
1449,106150,Davis,485,France,Female,46,3,13029.361016816387,1,0,1,170641.9968396823,1
1450,100556,Garcia,681,Germany,Male,22,2,97394.26226165815,4,1,0,12652.102126472964,0
1451,109017,Garcia,678,Germany,Male,25,1,7734.788907637693,2,0,0,167546.57704950558,0
1452,102808,Williams,660,France,Male,50,7,70567.71758543212,3,1,0,16782.546981955962,0
1453,105150,Smith,703,Spain,Female,69,10,34370.65821597251,4,1,1,133311.5588375637,1
1454,107561,Miller,788,France,Female,45,4,120651.92330355043,1,1,1,50407.09639632603,1
1455,102719,Williams,733,Spain,Male,56,9,66761.978511237,1,1,0,104569.34182529499,0
1456,106506,Davis,703,Germany,Male,35,5,154119.4811704835,2,0,0,87742.08327153638,0
1457,103741,Davis,725,Spain,Male,23,5,26105.069735977908,4,1,1,192020.46907941528,0
1458,109766,Williams,675,France,Female,36,3,106763.42970701332,3,1,1,72462.21074405141,0
1459,103998,Garcia,555,France,Female,55,8,116423.62790786194,1,0,1,136786.22569328896,1
1460,102403,Brown,795,Germany,Female,30,6,64916.292921628985,2,1,1,109004.41932049948,0
1461,108780,Johnson,660,Spain,Female,33,9,195408.30720545608,4,1,1,82970.64226623611,0
1462,109739,Miller,555,Spain,Female,72,7,15858.263503102222,2,1,0,134254.35162444794,1
1463,100294,Davis,537,France,Male,65,6,142052.78843962605,4,1,1,37917.53047204536,1
1464,105343,Davis,558,Germany,Male,41,3,14154.936972664062,3,1,1,149634.92815959876,1
1465,109882,Williams,526,Spain,Female,56,8,17067.496849033843,2,1,1,122064.53696712031,1
1466,101136,Miller,716,Spain,Male,21,1,22500.413519012898,2,1,1,156716.97852729633,0
1467,102064,Williams,632,France,Female,48,4,108198.15335557736,2,0,0,153706.42265705357,1
1468,107009,Smith,727,Germany,Male,40,1,101891.20409073327,4,1,1,101301.08615880506,1
1469,104543,Miller,766,Germany,Male,45,7,59038.55290059437,1,1,1,90383.895947728,1
1470,101007,Smith,741,France,Male,18,8,37755.454870724054,4,1,1,172821.9139061682,0
1471,105445,Davis,713,Spain,Female,18,2,94874.18980545235,3,1,1,183436.52108777815,0
1472,105352,Garcia,678,France,Male,30,4,15570.563646513743,4,1,0,90606.00808970275,0
1473,109439,Smith,630,Germany,Female,18,8,99063.45588548157,2,1,1,186679.90586165898,0
1474,101435,Miller,637,Spain,Male,24,5,1202.3835872695997,2,1,1,185168.40864446745,0
1475,100571,Jones,708,France,Male,77,2,15603.28811701071,3,1,1,36008.25626929764,1
1476,102382,Miller,553,Spain,Male,57,5,123074.8693620539,1,1,1,99049.41118529407,1
1477,109437,Williams,644,Germany,Male,44,8,207123.55712942503,3,1,0,163328.6569446286,0
1478,105084,Smith,575,Spain,Male,45,10,7861.044097233784,1,1,1,39796.25299934262,1
1479,100277,Brown,767,France,Male,45,10,101823.22805253023,2,0,1,56876.371040997125,0
1480,107059,Jones,721,France,Female,36,9,6390.499948307063,3,1,1,115825.31747005023,0
1481,101887,Garcia,850,Germany,Female,43,6,211171.392969687,1,1,0,34550.11979068958,1
1482,101265,Johnson,574,France,Female,53,3,49702.94571579243,3,1,0,74991.99272930504,1
1483,107491,Williams,584,France,Female,35,3,135160.68856829192,2,1,0,108558.86621996472,0
1484,101040,Williams,655,France,Female,60,0,18965.092457839637,4,1,1,160701.14523300584,1
1485,109109,Brown,577,France,Female,35,2,197580.51536332423,4,0,1,41292.05993416435,0
1486,108073,Johnson,703,Germany,Male,24,8,56066.45240380791,1,1,0,147536.66682726398,0
1487,109077,Davis,644,Germany,Male,42,0,23427.684997951605,2,0,1,190167.37534939454,0
1488,102752,Johnson,601,Spain,Male,36,1,84968.21601306679,3,1,0,50585.65674626353,0
1489,108213,Garcia,758,Germany,Female,35,1,33990.40193163812,2,0,1,54380.479714459616,0
1490,104569,Garcia,465,Spain,Female,52,7,33834.431655848166,3,1,0,159387.98852290766,1
1491,106353,Jones,704,France,Male,33,5,12165.407358270333,3,0,1,36913.77755134066,0
1492,102353,Davis,594,Spain,Male,25,6,24066.816069639,4,0,1,100182.48152295046,0
1493,107437,Williams,731,France,Male,33,10,159881.2075831376,2,0,1,89479.6335127735,0
1494,104799,Smith,755,Germany,Male,27,3,74145.24600958549,1,1,0,107913.4517380801,0
1495,100686,Garcia,422,France,Female,27,10,43841.12896774325,3,0,1,109372.70920279062,0
1496,108476,Brown,628,France,Male,53,3,265034.4626175388,3,1,0,116669.3995139328,1
1497,104811,Brown,655,France,Female,23,3,159646.03209312452,1,1,1,165707.29616467428,0
1498,108954,Brown,414,France,Female,40,5,37145.8201846806,1,1,0,92266.71681705157,1
1499,105346,Miller,672,France,Male,34,3,11735.724654277989,1,1,0,52197.351669844,0
1500,105043,Davis,597,France,Female,37,0,20375.989992830036,2,1,1,159631.56594950266,0
1501,102428,Davis,529,France,Female,18,0,112444.90554092564,1,1,0,196089.69398170843,0
1502,105126,Garcia,584,France,Male,48,7,82797.47077888093,3,1,1,35288.38857818436,0
1503,108220,Garcia,567,France,Female,34,1,395168.4247707262,4,1,0,60654.19650512491,0
1504,109098,Brown,592,France,Female,53,8,1358.585385952213,4,1,0,195729.56986817447,1
1505,107813,Davis,668,Spain,Male,44,9,209389.14977650484,4,1,1,53318.68213993531,0
1506,109645,Davis,748,Germany,Male,39,7,1437.199359379674,4,1,0,91155.63677400895,0
1507,103356,Garcia,642,Spain,Male,39,0,55296.65977170832,3,0,1,27342.28004831259,1
1508,108707,Miller,760,Germany,Male,72,9,248397.15255475405,2,0,0,69064.35001295828,1
1509,107266,Smith,545,Spain,Male,26,10,107415.9926369605,2,0,0,60415.523324964815,0
1510,106540,Smith,665,Germany,Female,43,7,87538.79476651645,3,1,1,192017.48452869448,1
1511,100038,Jones,850,France,Male,42,8,37614.80423794915,4,1,1,38068.44605167713,0
1512,103342,Davis,490,Germany,Male,18,3,338515.21021296195,3,1,1,69987.56948009228,0
1513,109078,Williams,487,France,Female,38,6,18419.277398848975,4,1,1,26592.159797667064,0
1514,102844,Smith,777,Germany,Female,18,3,31455.667715620002,4,1,1,138189.76655478717,0
1515,101098,Jones,672,Spain,Female,37,2,60322.55481913493,3,0,0,197406.86200386455,0
1516,107027,Johnson,589,Spain,Male,18,10,13501.724524058276,2,1,1,40442.34809655001,0
1517,101823,Williams,537,France,Male,44,0,55086.1919376445,3,1,1,129749.48043334794,0
1518,103155,Davis,646,Spain,Male,20,1,4013.7828033987535,3,1,0,40467.65114025109,0
1519,103093,Smith,663,Spain,Female,38,6,257858.58658729767,4,1,0,54253.68074136613,0
1520,105658,Miller,663,France,Male,18,5,38881.322745339436,2,1,1,113734.53490724762,0
1521,103778,Johnson,536,Spain,Female,46,7,100458.26968532929,3,0,0,190518.12375533473,1
1522,102896,Jones,616,France,Female,37,10,204428.3468506396,3,1,1,101099.0241811773,0
1523,100988,Smith,593,France,Female,36,2,170554.25435533308,1,1,1,96462.41100307633,0
1524,104116,Davis,714,France,Female,41,5,206664.99088731923,3,0,1,37387.58719057442,0
1525,106446,Smith,541,Spain,Female,46,5,127406.86017366369,1,1,0,117755.26299965517,1
1526,104179,Garcia,657,France,Female,26,1,21535.376094338142,4,1,1,98711.48049510579,0
1527,101682,Johnson,850,France,Male,38,0,45657.19068466533,2,1,1,74622.79027954472,0
1528,105626,Smith,535,France,Female,32,1,71750.48696417523,2,1,1,149243.93850473905,0
1529,107424,Brown,575,France,Male,58,8,41090.54067160483,1,1,1,67711.85141964142,1
1530,100933,Miller,640,France,Female,32,5,310630.48427069705,3,1,0,181694.34253119168,0
1531,103598,Garcia,355,France,Female,26,2,164422.06376284125,4,1,1,176013.63351748706,0
1532,101980,Garcia,507,France,Female,18,9,160420.99376493553,1,0,0,103262.52538842197,0
1533,103056,Smith,681,France,Female,34,6,44801.5647685018,2,0,1,182655.39830084462,0
1534,108984,Miller,632,France,Female,28,0,140583.80972189337,4,1,1,192748.56579396175,0
1535,100791,Garcia,755,Spain,Female,44,7,95205.43236774096,4,1,0,18437.396121902904,1
1536,105390,Williams,626,Spain,Female,42,9,47034.67798725171,3,1,0,172190.23929402887,1
1537,106635,Johnson,617,France,Male,46,6,36857.39094429041,4,1,0,87415.11045555561,1
1538,102255,Williams,579,France,Female,20,2,155511.69509426787,3,1,1,199087.637071044,0
1539,103610,Jones,615,Spain,Male,18,3,90832.25407263376,2,1,1,76189.84307416948,0
1540,101607,Williams,528,Germany,Female,38,10,3769.707613288165,1,0,1,168562.5464086487,0
1541,105179,Miller,635,Germany,Female,51,6,2193.793027233278,1,1,0,53092.91312120526,1
1542,106573,Brown,552,France,Male,33,3,184497.45935257248,2,0,0,186841.60892069925,0
1543,100984,Garcia,528,France,Male,65,4,9411.202784612306,3,0,1,151507.70342430292,1
1544,105776,Miller,586,Germany,Female,37,0,73264.04096806796,4,0,1,65057.95451979087,0
1545,103676,Garcia,695,Germany,Male,27,4,93818.82637841243,4,0,0,141077.45447994253,0
1546,103380,Davis,664,France,Female,45,9,247648.76600547007,2,1,0,93614.37477928249,1
1547,108711,Brown,716,France,Male,59,9,72263.03070116535,3,1,1,173508.45374845603,0
1548,108782,Garcia,557,Spain,Male,38,3,21570.726439708753,1,0,1,12700.216555499968,0
1549,101050,Williams,648,France,Male,50,2,30201.161608693244,1,1,1,110184.2373965974,1
1550,103633,Davis,820,Germany,Male,32,8,5008.983123523057,1,1,1,139937.98688294264,0
1551,106342,Davis,789,France,Male,32,0,25110.249929230955,1,1,1,86350.74653330813,0
1552,100959,Jones,522,France,Female,55,9,168815.76617584025,2,1,1,100753.80045497065,0
1553,106059,Davis,549,France,Male,18,4,141419.44232878904,1,1,1,56793.98467785619,0
1554,108884,Davis,819,Germany,Male,23,9,8549.566143245556,2,1,1,90232.61764000027,0
1555,105655,Smith,695,France,Male,47,1,65315.27455239513,2,0,0,185126.84445780586,0
1556,104473,Brown,630,France,Female,33,4,35928.212408854924,4,1,0,84045.24831507474,0
1557,102946,Williams,619,France,Female,43,4,104967.57537671928,2,1,1,197813.7207736981,0
1558,107725,Miller,672,Spain,Male,46,9,325296.3867610056,4,0,1,99287.54982917634,0
1559,100526,Williams,673,Spain,Female,19,10,99611.00967074996,3,1,1,128483.0846157617,0
1560,103224,Williams,596,Spain,Female,19,0,136923.88343229704,1,0,0,12454.402730640273,0
1561,101875,Smith,633,Spain,Female,56,3,50771.079606720516,3,1,0,46812.379704306506,1
1562,101763,Johnson,593,France,Male,33,6,3323.397016710381,3,0,1,78600.78480292863,0
1563,108712,Garcia,666,Spain,Male,28,0,54145.45413884898,4,1,1,73377.18465010579,0
1564,105797,Garcia,576,France,Female,44,9,71497.4852829893,4,1,0,147101.93367958404,0
1565,109208,Miller,523,France,Female,53,1,67861.32382905069,4,0,0,114937.09734332767,0
1566,107099,Davis,797,France,Male,50,3,26597.679534930157,2,1,0,52417.236255964744,1
1567,105109,Jones,643,Spain,Male,45,9,64434.30546992005,1,1,0,125686.6060702878,1
1568,106644,Miller,819,Germany,Female,56,1,126582.27756425693,4,1,1,36285.66410931383,1
1569,100116,Johnson,456,Germany,Male,46,1,37320.585430544255,4,0,1,175013.15806612966,0
1570,102433,Garcia,505,Spain,Female,30,0,100512.92343465268,2,0,0,152829.18987947472,0
1571,105463,Jones,696,Germany,Male,42,1,16633.101038814173,1,1,0,76764.29762096658,0
1572,100583,Miller,643,Germany,Male,50,2,32579.40840649569,3,1,1,20692.29873206451,1
1573,108586,Jones,534,France,Male,26,3,215354.38161426774,4,0,1,159063.3534386857,0
1574,103788,Williams,763,Spain,Male,30,0,98516.49527691455,3,1,0,57444.133578444256,0
1575,104167,Brown,563,Spain,Female,41,0,8974.912747998384,2,1,1,60373.45606829347,0
1576,108465,Williams,769,Spain,Male,49,6,30739.077827636953,1,1,1,92887.01354526046,0
1577,101389,Smith,642,France,Male,38,4,510955.2327090337,4,0,0,126241.45177645388,0
1578,108357,Davis,543,France,Male,42,6,31485.438796758797,2,1,1,18058.357282589426,1
1579,109759,Garcia,583,France,Male,18,9,86871.31104782417,2,1,1,167149.3063285601,0
1580,106154,Jones,787,France,Male,62,8,79927.97905445927,3,1,0,18012.98485592656,1
1581,105420,Miller,620,France,Female,50,0,51477.26665754346,2,0,1,44532.3156349005,0
1582,108920,Davis,747,Germany,Female,49,7,3436.1427806798238,2,1,1,54311.77905470113,0
1583,102043,Brown,790,Spain,Male,48,9,33454.58268659247,1,1,1,171619.0222382598,0
1584,104197,Miller,641,Spain,Female,49,3,306506.6314043643,1,1,0,152116.420144149,1
1585,103496,Garcia,627,France,Male,59,8,1937.746002098158,1,0,1,126623.34333876925,0
1586,100778,Jones,609,France,Female,55,1,125766.72311407617,2,1,1,78683.96939096902,1
1587,100213,Jones,685,France,Male,45,8,223258.922172554,4,0,1,115750.76460794664,0
1588,103762,Williams,800,France,Male,51,7,143711.04142300494,1,1,1,21177.501141512384,0
1589,109768,Brown,527,France,Female,43,5,39045.27146914705,4,0,1,174761.91078678035,0
1590,106731,Brown,671,France,Male,27,4,73494.44115747105,2,1,1,141961.22816316184,0
1591,103117,Garcia,667,Spain,Male,31,2,202153.1314938482,1,1,1,137216.50464588645,0
1592,105791,Jones,469,France,Male,32,0,370735.82532507577,4,1,1,197029.9764784425,0
1593,108783,Davis,561,Germany,Male,36,5,10206.491681279176,1,1,1,112050.7826219125,1
1594,102720,Brown,581,Germany,Male,35,9,13278.857934662534,1,1,1,25347.347863060913,0
1595,108905,Brown,726,Germany,Female,21,4,311927.02753622923,4,1,1,54555.667340261585,0
1596,109127,Miller,743,Germany,Female,42,7,206061.52367252953,4,1,1,41836.41409149522,0
1597,106047,Garcia,462,Spain,Female,50,0,23708.43114612314,4,1,0,188917.84641719662,0
1598,108032,Williams,713,Germany,Female,32,9,351003.23803025775,2,0,0,35622.77245450757,0
1599,100001,Miller,700,Spain,Male,34,0,23445.988018877983,3,0,1,15827.684690314289,0
1600,106368,Miller,707,France,Male,50,6,9268.043461856798,3,1,0,68517.15474219878,1
1601,101949,Johnson,665,France,Female,41,7,114534.44451346809,2,1,1,34566.78000850328,0
1602,106732,Smith,745,Spain,Male,52,9,77608.54445325877,4,1,1,128452.9893853175,0
1603,107833,Johnson,767,France,Female,50,0,27399.619017648878,4,1,1,53736.96003897311,1
1604,100917,Brown,486,Germany,Male,27,8,263495.55281616026,2,1,1,170360.45737224768,1
1605,103174,Jones,645,Germany,Male,42,6,51791.717383381205,3,1,0,38546.17018412427,1
1606,107014,Smith,624,France,Female,48,6,51568.171253073415,2,1,1,40305.08640708837,0
1607,100089,Smith,592,Germany,Female,28,7,99919.92249384263,4,0,1,126076.39437647688,0
1608,101709,Jones,604,Spain,Female,21,7,26239.782318093065,4,0,1,27014.146832651622,0
1609,103041,Smith,668,Spain,Female,38,0,88393.85180500665,1,1,0,21113.017337998066,0
1610,100105,Jones,520,Germany,Female,18,3,45253.336315553344,3,1,0,46230.10138239755,0
1611,109078,Smith,717,Spain,Female,18,10,118747.24673587816,4,1,0,110819.50581380866,0
1612,108619,Miller,613,Spain,Female,48,8,28463.0026507835,2,1,1,114788.72490299217,1
1613,101895,Davis,737,Germany,Male,27,2,20513.410257646105,2,1,0,84067.62657115796,0
1614,106090,Garcia,588,France,Female,34,5,28743.37881090127,3,0,0,99582.53944057778,0
1615,108508,Garcia,582,France,Female,42,3,274785.4378782307,2,0,0,97285.70567418422,0
1616,106082,Johnson,555,France,Female,38,0,189199.26597923524,3,1,1,97786.9199627797,0
1617,100634,Miller,588,France,Male,27,2,176549.77127752948,2,0,1,61747.68391706213,0
1618,101925,Smith,569,France,Male,68,2,151729.02873583348,2,1,1,43515.82564807479,1
1619,102056,Williams,693,Spain,Male,37,2,101321.67026326027,4,1,1,85342.63919385064,0
1620,106917,Jones,754,Germany,Female,80,10,10358.345544187103,3,0,1,98903.2363040262,1
1621,103144,Miller,688,Spain,Male,24,5,39252.704563698215,4,1,1,191213.82759635587,0
1622,109631,Smith,642,Germany,Female,33,8,82523.6684718912,3,1,0,152597.66629693098,0
1623,100552,Garcia,698,France,Female,39,6,11176.95953101576,4,0,1,173884.9354600563,1
1624,108907,Garcia,646,France,Male,40,6,3057.919953475142,4,0,1,84356.58663646618,0
1625,105383,Jones,652,Spain,Female,53,0,9808.543285857651,1,1,0,119467.70627947991,0
1626,103911,Williams,619,France,Male,18,8,11436.722683370683,4,1,1,151443.90511767275,0
1627,109905,Smith,733,Germany,Male,61,3,11601.528641038127,4,1,1,46150.783266057624,1
1628,103389,Smith,393,France,Male,18,7,21093.367739860925,2,0,1,98106.97059013629,0
1629,109299,Williams,436,France,Male,27,0,69134.21145533824,2,1,1,77204.39379222413,0
1630,108442,Williams,752,France,Female,39,7,33610.32054865751,3,1,1,114791.47039265346,0
1631,102430,Williams,630,Germany,Male,45,8,196705.9742168987,1,1,0,66621.37001430317,1
1632,100458,Garcia,741,Spain,Male,36,4,208859.19254002135,3,1,1,78404.56144684312,0
1633,100207,Jones,589,Germany,Female,31,6,252885.5455514663,2,1,1,168388.82427682585,0
1634,100899,Miller,817,Germany,Female,39,10,63706.77209655567,3,0,1,158068.55467199092,0
1635,100021,Davis,636,Spain,Male,33,9,148740.52452829457,2,1,0,88286.57857768967,0
1636,108601,Williams,694,Germany,Male,55,1,89399.81073313126,2,0,0,30028.293849865066,1
1637,100894,Jones,605,Spain,Male,49,0,15592.027091679467,3,1,1,65414.85826573821,0
1638,100514,Johnson,560,France,Male,45,10,100977.37349910908,2,1,1,149484.97141289638,0
1639,107294,Smith,475,Spain,Female,54,5,181413.41396859573,2,1,0,153953.88060999903,1
1640,104904,Smith,728,Germany,Male,44,8,42761.97346765434,1,1,1,72733.74616604573,1
1641,107867,Davis,689,France,Female,35,0,137308.3320213504,1,1,1,188631.16713821274,0
1642,104109,Davis,659,France,Female,18,9,148951.16051363363,2,1,0,106114.60302522671,0
1643,107179,Brown,536,France,Female,66,0,103165.47992124192,2,1,0,177072.54100799537,1
1644,101560,Johnson,791,France,Male,55,3,214792.85029556378,4,1,1,111401.76983152106,0
1645,101266,Miller,660,Spain,Male,20,9,15644.489701156963,4,0,1,13858.237171925997,0
1646,103638,Davis,720,Germany,Female,49,5,185416.67663806872,2,1,1,30330.9216571553,1
1647,108941,Williams,649,Spain,Male,45,8,94348.48348154493,1,1,1,31409.94144861169,0
1648,103427,Williams,541,Germany,Female,24,1,193559.95667367714,2,1,1,146796.42869234044,0
1649,104780,Miller,749,Germany,Female,59,4,76073.59412902218,1,1,1,173656.65937385804,1
1650,101927,Garcia,695,France,Male,41,6,39744.11904894255,1,1,1,110630.46617466364,0
1651,102356,Johnson,631,Germany,Male,21,3,227490.82205261016,4,1,0,172534.60632199174,0
1652,104790,Williams,693,Germany,Female,20,5,209885.75632350458,2,0,1,81638.2201187173,0
1653,100306,Davis,731,Spain,Female,45,5,31153.450265490374,1,1,0,30779.647248077614,1
1654,107979,Brown,716,Germany,Female,24,3,136300.06621429426,2,0,1,60377.40099926477,0
1655,103665,Jones,478,Germany,Male,27,3,9573.444978149333,3,1,1,33817.75782592757,0
1656,107057,Smith,500,France,Male,45,8,8990.056593599247,3,1,1,178467.39457429445,0
1657,100661,Johnson,723,Germany,Male,29,10,71622.02380492551,4,1,0,56637.731284262954,0
1658,104644,Smith,580,Spain,Female,31,0,3641.670271798902,3,0,1,153015.23725474294,1
1659,108503,Jones,545,Germany,Male,27,4,56872.50516101432,3,0,1,25021.28284247093,0
1660,102920,Johnson,687,France,Female,49,10,156421.41900864893,2,0,1,157608.59155578673,0
1661,109274,Davis,542,France,Female,57,8,220250.1539321886,4,1,1,27608.22739728937,1
1662,108946,Jones,602,France,Male,18,8,29407.772415104606,4,1,1,190135.14164837432,0
1663,106236,Williams,735,Germany,Female,24,8,8010.466515603571,3,1,1,132281.76004586575,0
1664,106078,Miller,498,France,Female,18,1,99602.24652814088,2,1,0,139011.21946671366,0
1665,100352,Williams,513,Spain,Female,40,6,30765.73785305543,2,1,0,139883.87390928503,1
1666,109094,Davis,488,France,Male,42,9,2372.7462190876304,4,1,1,63342.25169012516,0
1667,107005,Miller,563,France,Female,24,7,14064.00038101617,2,1,0,95038.83641027762,0
1668,100158,Williams,658,Spain,Female,32,0,278637.5295691795,2,1,0,182156.3907848642,0
1669,100956,Jones,588,Germany,Male,45,1,208005.22209110262,4,0,1,50562.87990650253,0
1670,102071,Jones,800,Spain,Female,62,0,176970.88076082635,2,1,1,110997.56175213539,1
1671,108595,Jones,695,France,Male,27,8,41471.80962511916,1,0,0,72424.33988294944,0
1672,109579,Smith,648,France,Male,40,9,125359.28839267805,4,0,0,155448.64299686742,0
1673,103453,Davis,776,France,Female,47,10,314689.8968739946,3,1,1,97540.59817672161,0
1674,106675,Jones,516,France,Female,65,4,83836.04781875828,1,1,0,76158.50764146124,1
1675,100955,Williams,736,Spain,Male,45,3,40510.94848770427,1,1,1,123306.1822292177,1
1676,106295,Brown,626,France,Female,67,7,160609.06913821577,4,0,1,31559.660741255462,1
1677,101712,Davis,604,Spain,Female,18,2,56271.11603031591,3,0,1,117083.21078221827,0
1678,104703,Jones,711,Spain,Female,45,7,86119.59403633764,4,1,0,159199.4492099527,1
1679,106563,Brown,608,Germany,Female,34,2,77916.56118043371,2,1,0,193016.4109400005,0
1680,109465,Miller,668,Spain,Male,38,5,24515.6384093257,4,1,0,170824.8272533951,0
1681,105631,Williams,640,France,Male,20,3,66.76370472958571,2,1,0,127705.23186167996,0
1682,109633,Jones,680,France,Female,57,7,675593.7115321641,3,0,0,113441.34212137065,1
1683,109989,Smith,599,Germany,Male,47,6,53927.9580298047,4,0,1,73507.60385265041,0
1684,101394,Smith,742,France,Male,42,4,33381.88202974761,3,0,0,101623.29898899619,1
1685,109461,Miller,445,Spain,Male,18,2,145192.83377095548,3,1,1,128110.58081716037,0
1686,104732,Brown,714,Spain,Female,52,4,89777.49928754258,1,0,1,36037.169036870386,1
1687,103714,Garcia,460,Spain,Male,29,3,212410.32183028926,4,1,0,147863.674804847,0
1688,100529,Smith,574,Spain,Male,27,7,151914.48860548183,4,1,1,57743.385457145,0
1689,102958,Davis,702,Germany,Male,18,10,33096.44019131803,1,1,0,33314.07672395611,0
1690,107904,Smith,448,Germany,Male,34,4,89708.69658952873,3,1,1,30042.62395688754,0
1691,103591,Smith,666,France,Male,30,9,69856.57436966812,4,1,1,71810.23996983477,0
1692,106895,Williams,512,Spain,Female,59,9,310295.3792695235,3,1,0,71946.12061650299,0
1693,109131,Smith,553,France,Female,23,4,27387.13986760217,3,0,1,119413.85466170598,0
1694,100525,Johnson,548,Spain,Male,28,1,33384.39764068051,4,1,0,97879.86022957492,0
1695,106477,Jones,515,Spain,Female,30,8,253109.56066212998,3,1,1,152878.24681649686,0
1696,100001,Miller,477,France,Male,26,5,61214.03654725367,1,0,1,15191.06442459593,0
1697,100374,Smith,850,France,Female,19,10,61111.4776109559,3,1,0,28709.9876744249,0
1698,104648,Garcia,631,France,Female,48,0,202653.49021143434,3,1,1,58297.11202240045,1
1699,102365,Davis,526,Spain,Female,36,2,35104.8711062352,4,1,1,18920.06391468689,0
1700,101525,Garcia,593,Spain,Female,30,3,119368.4707538038,3,1,0,42469.961173156196,0
1701,101646,Smith,653,Germany,Female,29,9,127842.00717880875,3,1,0,148616.5614823776,0
1702,100013,Smith,612,Spain,Female,40,9,58411.04545107794,4,1,1,161989.2439834686,0
1703,104599,Johnson,523,France,Female,29,1,40640.63266583499,2,0,1,123228.6617123733,0
1704,102278,Smith,560,Germany,Male,37,10,137300.56013852803,2,1,1,119154.09468471004,0
1705,103155,Smith,768,Germany,Male,46,9,29561.177854109217,3,1,1,129691.33744221042,0
1706,108321,Jones,509,France,Male,44,3,171097.18930816426,1,1,0,162539.4091052806,1
1707,103814,Garcia,450,France,Male,60,1,53855.91234615832,4,1,1,170376.5043369797,0
1708,103216,Johnson,611,Spain,Male,53,5,1854.8279772416097,4,1,1,75455.85337144295,1
1709,108219,Garcia,456,Spain,Female,43,9,84227.65139349127,2,1,0,90034.89963078951,1
1710,102113,Johnson,559,Germany,Female,44,8,21619.000236693668,1,1,0,163950.26075000194,0
1711,109444,Garcia,524,Spain,Female,68,0,62841.84752888673,2,1,0,51276.05346684903,1
1712,104356,Smith,525,France,Male,27,4,165200.86813282088,2,1,1,189196.47996321367,0
1713,105543,Garcia,656,Spain,Female,46,8,21073.714309494233,3,0,1,169514.6946614526,1
1714,104555,Garcia,675,France,Female,26,10,23333.63518627348,4,1,1,94646.25740600446,0
1715,107062,Johnson,569,Germany,Male,51,6,64216.130587540254,3,0,1,108370.87429993394,1
1716,103374,Miller,640,France,Male,48,10,64722.04162431801,3,1,1,94002.86467508489,0
1717,106430,Brown,564,Spain,Female,35,5,60453.19587034817,1,1,0,54735.840793398354,0
1718,103466,Johnson,690,France,Female,58,6,118578.25146772862,4,1,1,56795.72081881371,1
1719,103081,Johnson,502,France,Female,39,8,31347.581315166528,1,1,1,68625.22248712122,0
1720,100629,Johnson,666,France,Female,44,2,30181.859249273402,1,1,1,88503.38157500903,0
1721,100269,Williams,674,France,Male,18,7,2261.4892700611904,3,0,0,179978.05782064184,0
1722,105724,Miller,850,France,Male,72,0,48083.76005843747,2,1,0,79137.24662747803,1
1723,105897,Williams,474,Germany,Male,23,9,21787.39699458461,4,1,1,117560.23181689212,0
1724,103432,Williams,850,France,Female,20,5,89550.4069425877,2,0,1,28255.69450795431,0
1725,109472,Johnson,725,France,Female,48,8,19987.962922521456,4,1,0,83992.66429144671,1
1726,106276,Brown,832,France,Male,41,0,224933.87017895238,2,0,0,92168.626930521,1
1727,105895,Johnson,740,France,Female,18,4,189057.02969070442,3,1,0,106320.42448621242,0
1728,107115,Smith,555,Germany,Female,26,7,144889.3106640261,4,0,1,98596.49397516521,0
1729,106656,Brown,715,Germany,Male,32,9,165299.37752681656,2,1,1,136094.44224590302,0
1730,100575,Williams,583,France,Male,27,10,320851.14232965244,2,1,1,171740.15993933068,0
1731,107029,Davis,641,France,Female,41,5,38538.15503160904,4,0,0,130637.53184572492,0
1732,106099,Garcia,532,Germany,Male,52,5,390500.7723780443,1,1,1,84563.93343076462,1
1733,109499,Garcia,582,Germany,Female,71,2,221203.77433154683,1,1,1,157178.2925390125,1
1734,103192,Miller,739,France,Female,18,7,44924.787142296635,4,1,1,140540.18241694904,0
1735,103178,Davis,693,France,Female,38,0,199564.3930322599,3,0,1,141673.43360770814,0
1736,106052,Jones,752,France,Female,40,3,227598.98639707695,4,1,1,159828.49367831074,0
1737,102734,Miller,510,France,Female,40,7,3675.559919642926,4,1,0,32472.793787131508,1
1738,106116,Brown,462,France,Female,41,5,208717.02861103433,2,1,1,79740.10526650451,0
1739,103568,Williams,760,France,Male,40,10,56782.747518644224,3,0,1,43272.95111336518,0
1740,109847,Brown,752,France,Male,56,8,166782.9846494398,1,1,0,157133.2827219249,1
1741,109771,Brown,671,Germany,Female,44,0,11784.252781819376,2,1,1,118350.4331600502,0
1742,102203,Garcia,691,Spain,Female,18,1,18896.800853176643,2,1,0,198015.18284335008,1
1743,101390,Johnson,736,Germany,Female,19,0,385262.8524235639,1,1,1,139443.73003205712,0
1744,101742,Smith,668,Germany,Male,52,10,53816.34440501324,2,1,1,25979.58449979145,1
1745,101925,Jones,703,France,Female,46,3,160174.4265981467,3,1,1,65863.12260537938,1
1746,100619,Williams,731,France,Male,34,8,138727.1276884382,2,1,0,185939.60214545988,0
1747,101274,Brown,640,France,Male,46,3,154200.95271375857,1,1,1,196479.51660358254,0
1748,100956,Jones,615,Germany,Female,48,8,144656.41642203552,1,1,0,53673.73208812669,1
1749,101939,Brown,688,Germany,Male,54,5,245293.8085728877,3,1,0,104663.36236999476,1
1750,103953,Davis,850,Spain,Male,35,4,89792.75607318728,3,0,0,81295.44276557594,1
1751,100968,Garcia,565,France,Male,50,9,55417.65112741372,4,1,1,51083.943055419695,0
1752,109508,Smith,606,France,Female,37,3,259333.67926053866,4,1,1,80939.63822443128,0
1753,109235,Garcia,474,Germany,Male,18,9,44153.71722229042,1,1,0,92258.0961432983,0
1754,100281,Jones,693,Germany,Female,44,1,99614.26769455014,3,1,0,137214.05260691795,1
1755,106262,Williams,597,France,Male,57,7,193252.66126455087,1,0,0,106278.682396231,1
1756,101058,Brown,509,Germany,Male,50,2,247714.57483977484,3,1,1,167969.18423635562,1
1757,104293,Smith,643,France,Male,56,0,298439.91598263686,1,1,1,189120.19133108456,1
1758,105178,Davis,799,Germany,Male,41,10,107861.18521257264,3,1,0,83680.74221401957,1
1759,106980,Garcia,614,France,Male,26,9,127368.15245543032,3,1,1,105999.46396051566,0
1760,109200,Davis,623,Germany,Female,41,6,68820.08270465855,4,0,1,148602.07925267302,1
1761,101229,Jones,795,Spain,Female,33,7,33532.23846770515,4,1,0,167248.73490729326,0
1762,109227,Garcia,649,Spain,Male,43,6,1631.1843211395505,4,1,0,53130.092815825104,1
1763,104585,Brown,529,Spain,Male,39,3,25108.11153129231,3,0,0,135552.06340806777,0
1764,108467,Brown,718,Germany,Male,54,7,390999.2255387427,3,1,0,165915.66835829764,1
1765,102740,Davis,762,France,Male,18,9,164186.72545603194,4,1,1,151036.30551004654,0
1766,102289,Williams,629,France,Female,18,3,65207.43089083677,4,1,1,143072.51547827816,0
1767,101239,Smith,663,France,Female,40,4,42097.13714734717,2,1,1,189475.13685993152,0
1768,105370,Johnson,518,France,Male,33,7,6650.778890841841,1,1,0,152069.15449234165,1
1769,100125,Garcia,562,France,Female,31,1,1018.8593295752476,4,1,1,103742.2260244051,0
1770,107473,Brown,616,Germany,Male,28,9,140674.4344156614,1,0,1,175380.76141080045,0
1771,109400,Jones,657,France,Male,38,7,423867.923948513,2,1,1,93912.19389406564,0
1772,105342,Garcia,588,France,Female,45,4,29280.03649437884,3,1,0,161757.64525960275,1
1773,107351,Williams,612,Germany,Female,47,4,32094.488541134346,3,1,0,129288.07959071454,1
1774,106638,Williams,637,Germany,Male,18,6,272837.85077592666,1,0,1,125678.84386590097,0
1775,106570,Brown,550,Germany,Male,37,3,92145.85998303512,1,1,0,150768.4719188737,1
1776,103249,Brown,623,Germany,Male,18,2,19093.18748589427,1,1,1,143364.98576093503,0
1777,109110,Davis,765,France,Female,52,5,4676.30581485438,2,1,1,112144.56167163275,1
1778,107595,Brown,590,France,Male,48,5,82914.0597624883,1,0,0,178411.35149304973,0
1779,106294,Davis,559,Spain,Female,23,9,60249.743831099855,4,1,0,147560.26846878126,0
1780,106527,Miller,850,France,Male,40,5,56580.005693218125,4,0,1,120975.34662465201,0
1781,105757,Johnson,672,Germany,Female,18,6,348233.05407395057,2,1,1,144200.30207113145,0
1782,101969,Brown,572,France,Female,45,3,30500.120748500038,2,1,0,76366.54724490235,0
1783,100891,Garcia,714,Spain,Female,45,2,66941.2283397569,1,1,1,199898.69099381275,1
1784,104470,Garcia,675,Germany,Male,50,2,23996.424628732402,1,0,1,100003.37513924678,0
1785,107175,Davis,592,Germany,Male,48,2,38829.70519313899,1,0,0,101061.60674817134,1
1786,109556,Miller,645,France,Male,30,1,145197.86029652978,3,1,1,85225.37458137584,0
1787,108320,Miller,620,Spain,Female,23,5,21977.484819576828,3,1,1,72156.20855197862,0
1788,109206,Smith,749,Germany,Female,28,0,112850.81969042902,4,0,0,193085.18252858755,0
1789,109991,Jones,718,France,Female,37,5,13885.346123848172,3,1,1,194307.58886700924,0
1790,106812,Brown,435,Germany,Female,20,7,21142.837521132136,1,1,1,190182.03963663697,0
1791,107519,Davis,840,France,Female,33,5,2336.413779465931,2,1,1,72395.78123047564,0
1792,104612,Garcia,621,France,Female,33,1,99550.87035021718,2,0,0,128240.88482745875,0
1793,109710,Miller,822,France,Female,55,6,463774.3760924436,4,1,1,46334.104815271785,1
1794,101198,Garcia,721,Spain,Male,46,2,106849.6384425554,3,1,1,147532.18374995122,0
1795,105238,Garcia,674,Germany,Female,28,8,256813.03503019302,2,0,1,62895.802041469076,0
1796,106089,Miller,640,Germany,Female,43,10,74740.88894203014,3,1,1,140870.48525160315,0
1797,106257,Johnson,850,Germany,Female,45,7,114032.9749143569,2,1,0,146588.5254350603,1
1798,107705,Miller,622,Germany,Female,18,5,259739.87381673616,1,0,0,199356.80405341164,0
1799,103719,Miller,582,France,Female,70,0,9016.435814020058,1,0,0,159677.4765965912,1
1800,100302,Jones,591,France,Male,36,1,90990.39146854155,2,1,0,120368.14176616195,0
1801,100986,Davis,650,France,Female,25,7,85691.15333402187,3,1,0,104021.89859424964,0
1802,104440,Davis,649,France,Female,39,5,3371.34540508465,1,1,1,22215.010396452835,0
1803,104909,Miller,750,Spain,Female,25,0,16983.89746515359,2,1,0,189654.95855242497,0
1804,103072,Williams,725,Spain,Male,18,8,80374.24278252177,3,0,0,46079.97222313801,0
1805,103124,Davis,725,France,Female,47,7,68850.82009867817,2,1,1,19322.977517080137,0
1806,109519,Davis,627,France,Female,39,1,42133.283226297055,3,1,1,77457.47195286001,0
1807,108125,Davis,717,Spain,Male,42,9,119639.36799502779,2,1,1,54865.46471301882,0
1808,103291,Miller,728,France,Female,18,4,44664.954450149235,2,0,1,102942.85997770562,0
1809,104033,Garcia,642,Germany,Female,45,2,146476.95966341314,1,1,0,185713.31733966124,1
1810,105105,Brown,677,France,Male,35,0,165672.5016569935,4,1,1,191748.2025973836,0
1811,100703,Garcia,728,Germany,Male,20,6,103444.97999826838,3,1,1,65468.70254596759,0
1812,108133,Jones,671,Spain,Male,25,8,32708.97411778434,1,0,1,182940.0093028164,0
1813,100574,Williams,680,Spain,Female,62,10,162281.75275435115,1,1,1,181351.14890564006,1
1814,105704,Miller,790,Germany,Female,32,6,29006.784235976724,4,0,1,94229.40694991879,0
1815,107848,Johnson,671,Germany,Female,61,2,36098.35258439452,1,0,1,113740.91588151472,1
1816,105208,Smith,589,Germany,Female,24,5,93855.03427531825,2,1,1,20830.08089149774,0
1817,106924,Miller,515,France,Female,30,2,116810.910793626,4,1,1,15498.081255341183,0
1818,103828,Brown,661,France,Male,32,3,46408.57289411872,2,1,1,40617.5532017605,0
1819,103230,Smith,616,Spain,Female,50,0,89498.84100015,1,0,1,110158.643720079,1
1820,100488,Johnson,730,France,Male,42,1,28500.381424796084,3,1,0,100428.71260051682,0
1821,107114,Jones,807,France,Female,41,0,158384.42074009712,2,1,0,13961.094189020903,0
1822,109539,Jones,547,Germany,Male,54,9,484446.2737682088,1,1,0,32564.81019709107,1
1823,103173,Johnson,561,Spain,Male,48,1,119854.74572533004,4,0,1,90599.71738425757,0
1824,101667,Garcia,647,Germany,Female,18,3,38472.93957945429,2,0,1,163617.82624276113,0
1825,109829,Johnson,570,Germany,Male,53,5,42887.30590209907,1,1,0,113534.26607266752,0
1826,104114,Davis,627,Germany,Female,22,10,3100.1065421759445,2,1,1,141176.4851137241,0
1827,103553,Davis,596,Germany,Female,53,7,104115.47079861407,1,0,0,97307.64617975132,1
1828,107761,Miller,549,Germany,Male,45,9,91634.36365747807,4,1,1,83072.59894222446,0
1829,101000,Brown,732,Spain,Male,47,8,309199.2630374967,3,1,1,182799.21868067546,0
1830,109042,Davis,657,Germany,Female,32,9,51438.9525712824,3,1,1,167822.4675558375,1
1831,101388,Williams,833,France,Female,22,6,270193.04445961345,3,1,1,49143.15478814742,0
1832,105450,Miller,685,Spain,Female,36,3,142814.965100967,4,0,0,165014.15830062696,1
1833,103712,Miller,778,Spain,Female,43,6,33968.1747497428,3,1,1,59038.29294281499,0
1834,101367,Miller,577,France,Male,47,0,1656.939032312722,4,1,1,18949.53732474689,1
1835,108189,Smith,575,France,Female,31,10,129704.30782465498,3,0,1,159924.5261031059,0
1836,109013,Smith,850,Spain,Male,28,9,68586.92060122102,1,1,0,40520.493661311346,0
1837,100454,Jones,589,France,Female,34,10,326638.6749929077,4,0,1,64841.85351294574,0
1838,109816,Miller,555,Germany,Female,50,10,2235.3128518223143,2,1,0,156025.32746264714,1
1839,102772,Garcia,532,France,Female,18,5,73794.54401284581,4,1,1,102975.5150534153,0
1840,103726,Davis,841,France,Male,34,0,155505.92331401823,1,1,0,142012.59577749253,0
1841,107232,Jones,622,Germany,Male,28,7,155956.5941728044,3,1,1,17110.15193634699,0
1842,104806,Brown,690,France,Male,46,3,111492.30111412432,1,0,1,74834.13259829162,1
1843,102190,Johnson,665,France,Female,55,7,50149.0130310868,1,0,0,78456.92016497445,1
1844,109108,Smith,577,France,Female,18,7,6961.023873130274,1,0,1,57682.623745716184,0
1845,102875,Miller,620,Spain,Male,43,1,35919.1068499833,1,1,0,82285.331663695,0
1846,105592,Brown,734,Spain,Female,52,5,105312.00872810026,3,1,1,80328.58482407838,1
1847,101440,Jones,527,Spain,Male,24,9,147429.05668541256,1,0,1,189458.72766630532,0
1848,108927,Jones,717,Germany,Male,53,3,170034.884394188,1,1,0,171564.20995260714,0
1849,106059,Smith,793,Germany,Female,24,2,148757.98152385897,4,1,0,166315.91581131436,0
1850,107010,Jones,679,Spain,Male,47,8,39125.420128145895,1,1,0,12195.082148833933,0
1851,107117,Garcia,783,Spain,Female,56,9,118446.11500870684,3,1,1,80451.06187201808,1
1852,109153,Jones,512,Spain,Female,27,8,347631.1804532991,4,0,1,40985.57061344761,0
1853,102989,Williams,466,France,Male,35,1,14676.324838700757,4,0,0,69277.42002135745,0
1854,109218,Davis,674,France,Female,55,4,131438.82319585347,1,1,0,43361.54081292577,1
1855,106228,Johnson,591,Germany,Male,18,9,52760.05774659353,2,0,0,25376.90764433847,0
1856,106471,Jones,737,France,Male,46,9,25488.405513224345,3,1,0,115816.59796167721,0
1857,102863,Davis,618,France,Male,65,6,38572.5035291257,3,0,1,154729.93686722085,1
1858,101177,Davis,664,Germany,Female,18,8,18208.80043785592,4,1,1,104306.98608455868,0
1859,104760,Williams,658,France,Male,55,7,168925.183357024,1,0,1,65642.97484060888,1
1860,100011,Brown,661,Spain,Female,51,9,49014.339178394795,3,0,0,30627.094749062748,1
1861,105252,Jones,595,France,Male,38,3,277450.01382913574,2,0,0,173732.9999713234,0
1862,104399,Garcia,513,Germany,Female,45,2,339281.42816828593,2,1,1,131931.9959829885,0
1863,108234,Brown,628,France,Male,42,0,337384.55085928994,2,1,1,40186.39413657833,0
1864,109135,Davis,795,Spain,Male,30,0,16926.09052545544,4,1,1,67539.50197365842,0
1865,105445,Davis,589,France,Female,57,8,42523.84045299688,4,0,1,159193.70242369754,1
1866,106570,Miller,588,Spain,Male,38,3,37162.16042037673,3,0,0,154860.57593531246,1
1867,109196,Jones,665,Germany,Male,44,7,255978.51371090746,3,1,0,136661.13124216042,0
1868,108212,Smith,532,France,Female,24,3,9044.477456335411,2,1,1,29142.66882074366,0
1869,100406,Williams,750,Germany,Female,18,5,88822.67775157643,3,0,1,133073.9271539624,0
1870,109206,Williams,541,Spain,Male,21,3,66431.19096605598,3,0,1,126574.44171798816,0
1871,104431,Smith,621,France,Male,66,1,374099.58472108026,3,1,1,126490.47803635584,1
1872,105243,Johnson,850,France,Female,48,0,330496.8311337921,3,1,0,166596.19563553127,0
1873,106542,Davis,535,France,Male,32,7,55164.51888476725,3,1,1,33914.07523069107,0
1874,106936,Miller,797,France,Female,47,5,58227.51414966757,1,1,1,16536.096036832354,1
1875,108906,Garcia,662,Spain,Female,45,0,48537.703433871655,4,1,1,55119.534521795904,0
1876,104146,Williams,676,France,Male,18,4,155671.33158277732,4,0,0,32294.938829701736,0
1877,100140,Brown,569,Germany,Female,51,2,10556.175568682482,3,0,1,155419.99014166463,0
1878,104882,Davis,729,France,Female,18,1,12346.440769584091,1,1,1,26345.940011314942,0
1879,106012,Garcia,613,France,Male,29,2,121973.9076318654,1,1,1,80037.7728363023,0
1880,100963,Williams,535,France,Male,24,1,1682.7554597767053,2,1,1,180861.67125411422,0
1881,107151,Miller,795,France,Male,42,9,111178.80068765358,3,1,1,180665.6404987675,0
1882,108564,Johnson,611,Germany,Male,42,1,13776.437374660041,3,1,1,79071.22219392729,0
1883,103610,Miller,464,France,Female,18,0,154264.68319678985,1,1,0,125554.41566710945,0
1884,109884,Brown,623,Spain,Female,57,2,134568.4030926847,1,1,0,48679.23192404004,1
1885,106894,Miller,730,Germany,Female,39,2,20121.120682242115,2,1,0,26166.616309176723,1
1886,107311,Garcia,714,France,Male,53,3,141441.695155025,4,1,1,155642.33672584375,0
1887,100105,Davis,585,France,Female,39,2,156174.63598938024,1,1,1,12950.062750584806,0
1888,105539,Brown,552,France,Male,41,7,259779.02619352884,1,1,1,167743.9992366936,0
1889,109873,Davis,513,France,Female,18,3,128896.68031778703,3,1,1,75028.8063366563,0
1890,106787,Smith,647,France,Male,27,9,202193.6472851292,3,1,0,36507.234298042786,0
1891,102137,Jones,665,Spain,Male,35,0,101467.4911487153,1,0,1,106856.68787253015,0
1892,104445,Smith,720,Spain,Female,49,1,98220.71856874431,4,0,1,194831.39213155693,0
1893,103530,Garcia,635,Spain,Male,32,6,112498.90315174167,2,1,1,150198.03966460153,0
1894,101286,Jones,632,France,Female,28,5,52146.77295002731,2,1,1,154791.40107163414,0
1895,107052,Smith,622,France,Female,25,8,25951.42280244038,4,1,0,88268.03315553923,0
1896,103654,Jones,665,Spain,Female,44,5,53326.67101399993,3,1,0,96373.04326045285,0
1897,107102,Williams,636,Germany,Female,37,1,89990.13214431504,4,1,0,170527.96408468336,1
1898,102359,Miller,743,France,Male,25,7,117120.0208444831,2,1,1,27423.38471656795,0
1899,108105,Brown,681,France,Female,36,8,61010.02922980744,1,0,0,21909.302888765975,0
1900,108636,Jones,660,France,Female,27,4,40064.2404982078,3,0,0,141453.37245277956,0
1901,106441,Williams,645,Germany,Female,24,5,28354.53896951656,3,0,1,62938.92292761413,0
1902,105047,Miller,555,Spain,Male,18,3,20235.979602457555,4,1,0,199862.05507211457,0
1903,108227,Miller,649,France,Female,18,10,64696.980619567345,1,1,0,198929.63706199435,0
1904,105203,Johnson,585,France,Male,38,1,122550.5829920446,4,1,1,132682.34485000878,0
1905,109667,Davis,684,France,Female,18,4,177106.41550869733,4,1,1,98791.70372790439,0
1906,101798,Smith,629,France,Female,26,4,42359.64683619032,3,0,1,13054.219558143202,0
1907,109600,Johnson,816,Germany,Female,48,0,94459.8307494938,3,1,0,124988.18264898832,1
1908,105291,Davis,523,Germany,Female,53,4,64952.850333301714,4,0,0,28432.89830647197,1
1909,105495,Davis,339,France,Female,44,0,338913.57099164696,2,1,0,181914.09196183138,0
1910,109900,Garcia,676,Germany,Male,51,2,214040.5654930426,3,1,1,33183.76180051887,1
1911,106284,Williams,585,France,Male,39,10,213939.07170448222,4,1,0,30291.011922905836,0
1912,107285,Johnson,666,Germany,Female,23,8,86560.02086151596,2,1,1,147249.1351666008,0
1913,101300,Johnson,526,Germany,Female,49,3,57417.83409203829,4,0,0,40389.04480324246,0
1914,106869,Davis,840,France,Female,46,8,105514.23006807694,2,1,1,122005.79472261999,0
1915,109435,Miller,611,Germany,Male,30,5,17393.971169685134,4,0,0,161491.28020941376,0
1916,103097,Williams,579,France,Female,29,0,214534.83725064326,3,1,0,12004.49524310163,0
1917,104616,Miller,839,France,Male,38,2,31640.08893685638,4,0,1,40294.4069965625,0
1918,100009,Brown,734,France,Female,55,2,175388.05580094684,3,1,0,45134.84974293088,1
1919,105752,Jones,788,France,Female,33,3,35453.58599208382,4,0,1,115972.51489465068,0
1920,109852,Garcia,632,Spain,Female,18,9,73818.54416127814,1,1,1,162005.07104201824,0
1921,106295,Garcia,654,France,Male,45,3,147962.23545386438,4,1,1,173678.15274986374,0
1922,104815,Smith,590,Germany,Female,22,7,50044.45405898283,4,1,1,23414.22066259954,0
1923,101072,Miller,578,Spain,Male,45,2,44317.285600153795,3,1,0,107383.05384982374,0
1924,103225,Jones,689,France,Female,45,10,218811.60185789125,3,1,1,175432.03712966092,1
1925,101316,Davis,613,France,Male,62,3,7139.8254389679605,4,1,1,24980.98469825076,1
1926,105699,Smith,850,France,Male,37,2,184221.70055551126,3,0,1,16467.03090178653,0
1927,106807,Garcia,734,France,Female,46,6,263384.9241975532,3,0,1,20439.291896639857,0
1928,106674,Jones,838,France,Male,41,5,82819.04731296161,1,1,1,187073.32177500814,0
1929,103683,Johnson,427,Germany,Female,52,0,119063.08424860265,3,0,0,86794.67607794121,1
1930,107227,Brown,839,France,Female,18,9,197650.80896795375,3,1,0,22931.970634898007,0
1931,103273,Davis,411,Germany,Female,28,0,57186.427777984216,4,1,0,199243.5624233507,0
1932,107000,Johnson,523,France,Female,35,5,211021.3544054961,4,1,0,191387.05879598105,1
1933,100145,Brown,474,France,Male,39,2,46563.13517998726,3,1,1,90312.2907046477,0
1934,105010,Davis,674,France,Female,20,8,36596.28242926412,4,1,0,31025.480912671217,0
1935,103040,Miller,648,France,Male,43,1,408640.86138450116,2,0,0,151653.58996920136,1
1936,109654,Williams,729,France,Female,52,2,3164.341007615913,1,1,0,22879.515479640668,0
1937,109776,Smith,641,Germany,Male,28,8,38501.68023586725,4,1,0,129852.17611786084,0
1938,100482,Smith,772,Germany,Female,24,5,61350.4669012958,2,1,0,155080.60806851104,0
1939,103179,Williams,556,France,Male,44,0,37234.60594483215,3,0,1,51618.69735532111,1
1940,101249,Jones,774,Germany,Female,41,1,33151.2603626603,3,0,0,189332.28977146684,1
1941,100630,Williams,646,France,Female,42,6,46311.65631865522,4,1,0,199198.2222629445,0
1942,108853,Miller,850,France,Female,18,5,50759.916595883515,4,0,1,79182.67067437887,0
1943,102852,Garcia,737,Spain,Male,80,0,7429.698933542873,1,1,0,193147.61876730126,1
1944,100987,Williams,619,Spain,Female,18,9,149273.08758598493,2,0,1,55229.59308226236,0
1945,107622,Brown,646,Spain,Female,51,1,18421.95689198556,4,1,0,162696.56716425266,0
1946,107327,Garcia,549,France,Male,28,5,4188.667295946658,2,1,1,151166.24905537028,1
1947,109738,Williams,685,Spain,Male,84,5,89252.33259243376,3,1,0,19368.830825625755,1
1948,108841,Smith,619,Germany,Female,45,5,110440.99734571471,2,0,0,60423.89817037019,1
1949,109160,Johnson,722,Germany,Male,55,8,142828.02168387047,2,1,1,84054.81268172823,1
1950,101100,Brown,516,Spain,Male,46,1,9187.882482574754,4,1,1,14337.375981562525,1
1951,106652,Miller,617,Spain,Female,18,9,18841.00391355409,3,0,1,190111.31574551508,0
1952,108632,Brown,534,Germany,Male,40,9,20128.10495520925,3,1,1,51639.852786932,0
1953,107421,Davis,540,Spain,Male,44,10,90051.64913687583,2,1,1,185900.6795200324,0
1954,105016,Jones,710,France,Male,46,8,220474.55113297762,3,1,1,94464.69292277088,1
1955,100769,Johnson,762,Germany,Female,56,8,122562.9117345271,1,1,0,35584.51978551387,1
1956,101343,Brown,416,France,Male,42,9,37790.94168384321,3,1,1,92265.51474329614,0
1957,104358,Davis,836,Spain,Female,51,8,191841.29835756225,2,1,0,127095.34557335282,1
1958,109769,Williams,790,Germany,Female,27,8,110803.73930817164,2,1,1,101010.45299887533,0
1959,106780,Brown,515,Spain,Male,18,2,116618.59546402264,3,1,1,71468.71742859707,0
1960,106602,Brown,732,France,Female,25,9,315496.5791239649,1,1,0,165033.43159388928,0
1961,102349,Brown,603,Spain,Female,27,8,300305.18220264115,3,1,1,191689.41811383693,0
1962,105699,Jones,640,France,Female,25,9,48722.74147976762,1,1,1,29529.109242186783,0
1963,101241,Brown,710,Germany,Female,20,8,101014.82080977476,4,1,0,115084.86559348533,0
1964,101125,Brown,697,Spain,Male,24,2,22567.211603600404,1,1,0,71558.73760995467,0
1965,109382,Jones,592,France,Female,32,3,53087.911424953025,4,1,0,152282.21669907885,0
1966,106764,Davis,592,France,Female,23,3,31939.702457757914,1,1,1,131187.59907873612,0
1967,105101,Garcia,598,Germany,Female,77,3,45786.15640258243,1,1,0,16797.04600621043,1
1968,107843,Johnson,764,France,Male,18,6,112518.12287992447,1,1,0,131249.49484053833,0
1969,100072,Davis,463,France,Male,45,4,23603.2732728508,4,1,1,148052.6128865201,0
1970,105472,Miller,633,France,Female,30,6,19885.221338026375,1,1,0,156777.70834664232,0
1971,105189,Garcia,807,France,Female,47,5,47696.927903359545,2,1,1,179445.2585852243,0
1972,102472,Smith,720,Spain,Male,35,6,10329.369215538576,1,0,1,189689.96893606518,1
1973,100707,Jones,755,Spain,Male,51,7,168143.75044453391,1,1,0,61854.32318046802,0
1974,101804,Jones,635,Germany,Male,33,5,318202.7929521531,2,1,1,136205.03981950198,0
1975,106704,Brown,533,France,Female,40,8,161614.4097463492,1,1,1,116510.99611110047,0
1976,103713,Brown,655,Spain,Male,18,3,75802.29561029133,2,0,0,166333.1556881114,0
1977,105051,Miller,581,Germany,Male,18,4,112127.71228021874,1,1,1,18758.396070478924,0
1978,102475,Smith,850,Spain,Female,18,8,163772.61959284268,4,1,0,88772.1336834425,0
1979,103610,Brown,634,France,Female,61,8,7066.755683205808,4,0,1,76131.17663812144,1
1980,104255,Williams,713,France,Male,52,1,54149.79103948337,2,0,1,134587.68344819895,0
1981,107397,Brown,820,Germany,Female,41,1,15522.843266372922,4,0,0,90336.61303960848,0
1982,101735,Brown,540,France,Female,54,8,9512.747819835953,3,1,1,85751.35665996127,1
1983,109777,Williams,422,Spain,Female,23,5,142284.65645442923,4,0,0,82327.03534451332,0
1984,108258,Smith,699,Germany,Male,61,7,195242.73090096816,4,1,1,167164.51391989124,1
1985,107979,Williams,717,France,Female,40,7,8751.604983358982,2,1,1,102653.28780120195,0
1986,102428,Jones,608,Germany,Female,35,7,19699.08011935165,3,1,0,86852.5315446583,1
1987,107426,Williams,534,France,Female,54,4,24951.466728818818,2,1,0,174707.70112720414,1
1988,108533,Johnson,680,France,Female,53,10,194458.27139127505,3,1,1,11921.465241738631,0
1989,105249,Jones,647,France,Female,18,10,244840.84641965805,3,0,1,71638.29245885072,0
1990,105291,Brown,682,France,Female,51,9,144806.37100732146,2,1,1,138540.08628863175,0
1991,102817,Miller,536,France,Female,36,3,159148.383399819,4,0,0,31276.27306075578,0
1992,109424,Jones,682,France,Female,43,2,41959.82420723693,1,1,0,120770.23683668885,0
1993,103874,Smith,731,France,Female,32,3,52478.04129269173,3,1,1,96214.23808662148,0
1994,109686,Smith,499,France,Male,22,7,32918.38366498863,2,0,1,137640.85425556367,0
1995,104211,Williams,796,Spain,Female,18,3,317917.74820650084,4,0,1,111586.56199808251,0
1996,100661,Jones,675,France,Female,29,7,130069.08435198684,3,1,1,48271.27842455156,0
1997,103374,Brown,735,France,Female,45,7,41755.6536845353,2,0,0,36589.380643580764,0
1998,109208,Smith,522,France,Female,42,0,14580.678279032747,3,1,0,69322.39713802349,0
1999,100207,Garcia,718,France,Female,42,10,21667.664058963604,2,1,1,189185.80896836528,0
2000,102665,Brown,485,Spain,Female,50,10,22826.114770366486,1,1,1,51159.068289652874,1
2001,102493,Garcia,555,Germany,Male,38,8,95402.14250938517,3,1,1,98484.35879956066,0
2002,106813,Johnson,676,Spain,Female,67,2,233259.43132050103,1,1,1,190591.5899542385,1
2003,100632,Garcia,622,France,Female,44,5,203010.10546185457,2,1,0,49642.89507950639,0
2004,103083,Davis,652,Germany,Male,24,2,7226.700492008605,1,1,0,57661.82902633344,0
2005,103719,Smith,842,Spain,Male,18,8,123462.71301872433,1,1,1,101676.38703861012,0
2006,107123,Williams,651,France,Male,43,0,18354.568415315036,2,0,0,31371.71550530841,1
2007,101679,Johnson,720,Germany,Female,35,6,37158.34065316262,2,1,1,26676.759242022308,0
2008,100236,Jones,643,Germany,Female,21,4,78483.86365816268,1,0,1,68576.94563620357,0
2009,107446,Brown,640,Spain,Female,36,2,183833.6729163224,2,0,0,38514.34955932284,0
2010,104443,Smith,552,France,Female,30,10,27016.37664585847,4,1,1,91966.48626406543,0
2011,106770,Johnson,686,Germany,Female,32,6,207012.72733213246,2,1,1,32011.254029848176,0
2012,109732,Johnson,850,France,Female,59,0,132704.89846330936,2,0,1,122258.46627583909,1
2013,106099,Davis,658,Spain,Male,49,5,112166.54677875832,1,1,1,104398.5262311814,0
2014,108555,Smith,623,Germany,Female,54,6,14260.647151954967,4,1,1,123217.9191995479,1
2015,102368,Jones,764,Spain,Female,64,8,64288.36381987422,3,1,1,181315.02928792872,1
2016,100285,Jones,752,Spain,Male,40,8,32176.145105242394,1,1,1,76623.1239252483,0
2017,100148,Williams,693,Germany,Female,42,6,88707.89030206182,4,0,1,62148.75246061709,0
2018,104037,Miller,619,Germany,Male,43,4,111962.97927011715,3,1,1,119773.90239898654,1
2019,106549,Garcia,764,Germany,Male,55,6,6760.179935980168,3,1,1,58119.26782597525,1
2020,107121,Jones,662,France,Male,54,10,103334.99055109703,4,1,1,24114.93681328583,0
2021,109958,Davis,741,France,Male,30,0,68938.48178175514,3,1,1,22650.297490942252,0
2022,104895,Williams,568,France,Female,21,6,182443.74806475878,3,1,1,24061.338589328934,0
2023,105280,Garcia,591,France,Female,22,9,157631.0176017874,4,1,0,56316.02233965154,0
2024,101012,Johnson,659,Spain,Female,39,3,53268.30231970504,4,1,0,149082.6703039292,0
2025,109715,Smith,526,France,Female,20,1,373826.6185456422,4,0,0,40589.453767225685,0
2026,102785,Jones,613,Spain,Female,44,5,88408.5668919565,1,1,0,60147.47208581426,0
2027,103725,Williams,522,France,Female,18,6,331442.72078422137,4,0,0,173577.40903216595,0
2028,104576,Johnson,495,France,Male,67,10,127034.0500653769,1,0,0,93890.64855549598,1
2029,105782,Jones,850,France,Male,18,6,52349.03983775153,1,1,1,19365.686363946796,0
2030,106257,Brown,589,France,Male,29,7,26628.387014701115,4,1,1,58194.98255324697,0
2031,109793,Miller,597,France,Male,30,4,62625.29142829599,3,1,0,68303.88245965602,0
2032,102408,Johnson,658,Germany,Male,60,9,274962.5568391963,1,1,1,46461.73538193043,1
2033,100340,Davis,543,Germany,Female,38,10,13952.284240910461,1,1,1,193761.93621282803,1
2034,102817,Davis,599,Spain,Female,23,9,61677.32180572939,3,0,0,88172.60447765778,0
2035,102496,Jones,833,Germany,Male,37,10,42599.61131399208,3,0,0,86117.51808307908,0
2036,105962,Davis,685,Spain,Male,39,7,201946.44997893306,2,1,1,195781.4013074638,0
2037,105299,Johnson,748,Spain,Female,44,3,162993.71207154152,2,1,1,115007.55951518418,0
2038,109917,Smith,807,France,Female,22,9,80327.07929396554,1,0,1,27127.939653263034,0
2039,107574,Smith,671,France,Female,52,0,53625.99475776768,4,1,0,95140.50865226872,1
2040,101689,Miller,627,France,Female,40,7,115258.34433012657,1,1,1,134866.82332178683,0
2041,103267,Smith,506,France,Female,61,3,305936.1561268776,1,0,1,119015.81117520417,1
2042,104406,Garcia,611,Germany,Male,36,4,10665.202387509777,1,0,1,170821.1345656114,1
2043,108453,Brown,633,Spain,Male,37,3,229092.77170724937,3,0,0,192989.920071165,0
2044,101442,Smith,569,Germany,Male,36,6,34846.65727105654,3,0,1,22649.165861451234,0
2045,108597,Davis,804,Spain,Female,57,9,422.57280124216527,4,1,1,59678.14833294654,1
2046,104437,Brown,760,France,Male,49,2,135093.44829782163,2,1,1,181093.2372020112,1
2047,105435,Smith,748,France,Male,28,1,155317.58399266304,4,1,1,175894.5063242689,0
2048,108435,Garcia,638,Spain,Male,79,9,36349.64419706492,3,1,1,14616.625075101172,1
2049,104107,Davis,546,France,Female,29,1,150709.4399742688,4,0,1,120414.84541436684,0
2050,100560,Johnson,782,Spain,Female,31,6,159957.8656528249,3,1,1,71781.4807312245,0
2051,108785,Jones,683,France,Female,53,10,112486.56313379527,1,1,0,111541.80462153861,0
2052,105548,Jones,727,Spain,Female,36,9,3940.6830638548563,2,0,0,53027.12465365798,0
2053,101826,Smith,711,Spain,Male,22,5,110087.06019811376,3,0,1,144551.65954979535,0
2054,107629,Jones,681,Germany,Male,57,1,269423.35014636896,3,0,0,74012.61339882172,0
2055,108325,Smith,849,Spain,Female,69,7,96841.38705205252,2,1,1,132558.09052080344,1
2056,103138,Smith,584,France,Female,23,5,45716.39519804403,1,1,1,25770.85895047158,0
2057,107693,Davis,619,France,Female,57,7,82892.4503252468,1,0,0,193000.31332158035,1
2058,108264,Miller,814,France,Male,31,5,498290.71262623154,4,0,0,59315.85339521306,0
2059,107842,Williams,658,France,Female,18,3,63976.213324798824,1,0,1,88392.3459264148,0
2060,106721,Williams,637,France,Male,48,7,184232.05992462265,3,1,1,83351.60340502382,0
2061,107002,Miller,624,Spain,Female,18,3,14911.99602004255,3,0,0,123867.39466486232,0
2062,104225,Williams,717,France,Female,28,5,5813.867473538176,4,1,0,31570.097059759628,0
2063,102978,Brown,627,Spain,Female,34,4,49453.870197671036,2,0,1,74471.84875161387,0
2064,107373,Williams,615,Spain,Male,38,3,14823.621623776218,3,1,0,177514.91332395357,1
2065,105907,Smith,716,Germany,Female,55,6,40126.523295678,1,1,0,86523.88214612912,1
2066,106097,Garcia,659,Spain,Male,29,7,125676.83539071068,1,1,1,56348.46574206746,1
2067,105656,Garcia,549,Spain,Male,59,5,58966.67507147314,3,1,0,181732.1801976124,1
2068,108984,Johnson,653,Germany,Female,37,0,38744.97438407268,3,1,1,121623.86381814841,0
2069,104259,Davis,789,Germany,Male,22,6,222104.12452450083,1,1,1,90025.14186132167,0
2070,108286,Williams,726,Germany,Female,47,3,947.355816572398,4,1,1,188329.28737409,0
2071,105901,Garcia,801,France,Female,66,1,168216.10196835452,3,1,0,143131.00901310905,1
2072,109325,Williams,576,France,Female,32,2,97092.85376007074,3,1,0,137735.85856588124,0
2073,104917,Davis,757,Germany,Female,23,9,4756.940554999821,2,0,1,73300.40456695243,0
2074,108429,Johnson,585,France,Male,30,3,3475.099406194901,4,1,0,117041.69919818394,0
2075,102530,Garcia,526,Spain,Male,18,6,18862.208909285357,2,1,1,100057.41930071813,0
2076,101960,Smith,569,Germany,Female,43,8,379006.52650210046,3,1,1,86785.27942254007,1
2077,107045,Brown,663,France,Female,18,9,8960.628682149676,1,1,1,12818.294432836938,0
2078,101048,Miller,752,France,Male,48,10,134268.23710272403,1,1,1,66975.17518480982,1
2079,105772,Miller,681,France,Male,35,5,51348.27457187396,3,1,0,196114.26608472597,0
2080,102529,Miller,634,France,Male,49,9,27003.29431166995,3,1,1,158602.8207300998,1
2081,102964,Williams,546,France,Male,35,4,85567.66865063044,2,1,1,127439.66438136918,0
2082,107137,Garcia,720,Spain,Female,46,8,45916.30974410879,1,0,1,90119.81258626032,1
2083,100963,Davis,746,France,Male,24,7,37132.78945259994,1,0,1,26072.555894105833,0
2084,100536,Davis,679,Germany,Male,43,7,27393.995880235954,2,1,1,126408.73935700953,0
2085,107340,Garcia,544,France,Female,29,7,61215.2332441122,4,1,1,62897.739525598045,0
2086,107179,Johnson,730,Spain,Female,48,7,18585.377039824936,1,1,1,120134.20626062097,0
2087,107967,Smith,772,Germany,Male,36,7,191018.95717746828,2,0,1,190004.10394075228,0
2088,108734,Jones,803,Germany,Female,55,9,89585.77917251164,4,0,0,159669.6345874484,1
2089,100845,Garcia,606,Spain,Male,35,9,6494.55268532047,1,0,1,192560.5306429618,1
2090,105777,Brown,693,Germany,Female,27,6,61072.62018668536,3,1,1,169416.79841596773,0
2091,103036,Johnson,596,France,Male,41,1,99314.5728748406,2,1,1,28090.015254425034,0
2092,105947,Garcia,557,France,Female,74,1,197768.3214790153,4,1,0,29835.342814046173,1
2093,102494,Garcia,808,France,Male,55,10,2375.9692884262345,2,0,1,139168.32258384515,1
2094,102719,Johnson,706,France,Female,26,4,60931.24611468989,4,0,1,135250.99738700353,0
2095,101884,Johnson,779,France,Male,38,5,122363.44626285211,4,1,1,83157.02249518261,0
2096,104349,Williams,527,Spain,Female,29,8,21831.501536127183,1,1,0,21682.862716792217,0
2097,105179,Garcia,678,France,Female,25,0,25018.833823965382,4,0,1,146063.1329798921,0
2098,106610,Jones,700,France,Female,39,10,67270.50771539506,2,1,1,31350.72509788621,0
2099,106430,Brown,566,Spain,Female,35,6,215843.8267695281,2,1,0,131299.1340442333,0
2100,107154,Smith,798,Spain,Female,23,6,50794.8573478037,1,1,1,20643.182704169307,0
2101,106488,Smith,625,Spain,Male,29,7,66259.16434719767,3,0,0,45850.82276645072,0
2102,104737,Jones,695,Germany,Female,39,0,100993.75086608877,4,1,1,116434.62568636306,0
2103,106525,Davis,594,France,Female,30,9,37220.13237950592,4,1,1,124115.88815727276,0
2104,103850,Johnson,530,Spain,Male,38,3,201805.2845014677,1,0,1,138197.8430102172,0
2105,100689,Johnson,741,France,Male,28,9,326648.00461868854,1,0,1,32441.86797992913,0
2106,105175,Davis,687,France,Female,46,4,105070.07222835552,1,0,0,95347.57544568156,1
2107,108648,Johnson,673,France,Female,28,1,101742.73672365409,4,1,1,36797.396894292164,0
2108,105078,Davis,622,Germany,Female,48,1,111948.08747517555,2,1,0,187998.31110726416,1
2109,105448,Garcia,685,France,Male,34,10,21554.381539200087,3,0,0,168781.2480666544,0
2110,101179,Davis,776,Spain,Female,18,3,131815.89240588597,2,1,0,117989.31599020318,0
2111,109074,Johnson,581,France,Male,35,2,42614.34363353661,1,1,1,92736.11908824807,0
2112,106406,Johnson,706,France,Male,46,6,501353.9401944853,4,1,1,72771.42133381666,1
2113,108591,Garcia,670,France,Male,30,6,139500.28106595355,2,1,0,159622.62207607646,1
2114,106907,Davis,631,France,Female,36,1,87650.8982132045,3,0,1,107627.00764056166,0
2115,108800,Garcia,485,Spain,Female,48,4,243309.9616541867,1,1,1,13866.918306718968,0
2116,101638,Jones,648,Spain,Female,61,4,350789.94026986824,3,0,0,119039.69171857127,1
2117,105671,Williams,717,France,Female,56,7,170415.79988551006,4,1,0,173056.0258446714,1
2118,106928,Garcia,682,Spain,Male,40,7,141303.78223811902,1,1,1,125860.48140309521,0
2119,101382,Brown,506,Germany,Female,47,10,6257.433237637837,1,0,0,24869.167120890343,1
2120,101403,Johnson,774,France,Male,40,3,122422.998102887,1,1,0,122827.10497411211,0
2121,109011,Williams,814,Germany,Female,18,9,40910.38013162319,3,1,1,152867.36632462684,0
2122,103292,Smith,639,Spain,Male,57,0,265801.6443430031,4,1,0,150723.54745209034,1
2123,109011,Jones,850,France,Female,58,5,94613.97320641819,1,1,1,113619.97795691932,1
2124,100419,Davis,567,France,Female,18,6,46307.323572006644,2,1,1,153446.1104990935,0
2125,104517,Williams,522,France,Male,33,0,41396.83651757392,1,1,1,33791.239083690016,0
2126,103302,Garcia,548,France,Female,62,7,80930.21581190193,1,1,0,60855.345556839275,1
2127,107857,Johnson,674,France,Female,42,8,67628.60151182271,1,1,0,54357.20108278891,0
2128,109700,Johnson,472,Germany,Male,24,7,49573.18396447591,2,1,0,77270.68094956886,0
2129,107870,Johnson,618,Spain,Male,57,2,23376.690249694886,2,0,0,131544.86121112795,1
2130,105693,Williams,850,France,Male,40,8,159195.33513983787,4,1,1,108421.83959466519,0
2131,100767,Johnson,499,France,Male,58,9,56812.097152484144,3,1,1,99575.50926091401,1
2132,102044,Garcia,595,Spain,Female,40,2,10413.43537198616,1,0,1,117811.91536996074,0
2133,101549,Davis,546,France,Female,18,3,8927.244027969917,3,1,1,87099.3969125937,0
2134,109956,Williams,621,Spain,Male,66,5,27196.1436834986,3,1,1,193355.96090957313,1
2135,106140,Johnson,615,Spain,Female,22,6,80347.44301784827,1,1,1,14094.687005593709,0
2136,103716,Smith,583,Spain,Female,32,7,16014.326811093351,1,0,1,69697.45749498082,0
2137,104481,Smith,634,Germany,Male,57,6,24209.32654375316,2,1,0,197273.9716936886,1
2138,107898,Brown,713,France,Male,73,2,69655.94306819791,4,1,1,185626.28302609271,1
2139,106548,Johnson,788,France,Female,38,10,24559.41824642355,2,1,1,168580.86096738678,0
2140,102293,Johnson,621,Germany,Female,44,10,195238.14729425602,3,0,1,40791.4452525577,0
2141,104837,Williams,650,Spain,Male,21,1,89161.89947350546,1,0,0,163585.64622560647,0
2142,107758,Williams,696,France,Male,34,10,8973.491761339634,3,1,0,28957.020126489668,0
2143,106793,Miller,526,France,Male,55,1,15069.009402250558,2,0,1,26280.46524318397,1
2144,107638,Davis,634,Spain,Female,43,8,21712.922594100262,3,1,1,26837.283810633893,0
2145,107993,Johnson,599,France,Male,65,6,99396.6741118386,1,1,1,121314.52506032524,1
2146,106007,Brown,745,France,Male,18,6,11165.85308766581,4,0,0,141570.33061356292,0
2147,105542,Davis,825,Spain,Female,18,4,4425.466748323487,3,0,0,59825.52908620086,0
2148,109092,Johnson,572,France,Male,28,5,130364.72318161021,4,1,1,134612.09223395088,0
2149,106356,Davis,777,France,Male,29,6,65033.03914022813,3,1,0,97902.37746021975,0
2150,108433,Garcia,504,Germany,Male,53,8,188910.62747475522,1,1,1,195006.9957132569,1
2151,107380,Williams,670,Spain,Female,32,9,157434.98321033223,1,1,0,76418.75655967591,0
2152,102385,Johnson,675,France,Female,21,3,31952.740205530226,4,1,0,140301.52076956665,0
2153,104268,Davis,501,France,Male,44,5,21351.415336267328,1,1,0,35681.06667280898,1
2154,100671,Williams,567,Germany,Female,27,0,72631.0086042904,4,0,0,22649.192680881526,0
2155,100163,Johnson,557,Germany,Male,22,6,8349.479838908934,2,0,1,129513.73686578445,0
2156,108656,Jones,518,France,Female,54,3,100201.68115112495,4,1,1,59355.12044294268,1
2157,104592,Williams,383,France,Female,58,1,1225.4188988430815,3,0,0,183960.58229807718,1
2158,104795,Davis,629,Germany,Male,53,3,162508.58025866328,4,1,1,14548.557599396658,1
2159,104798,Brown,641,Spain,Male,26,7,221363.34541361712,4,1,0,188984.9029494705,0
2160,106036,Jones,640,Spain,Female,30,1,557285.8064578073,3,0,0,15436.968430215084,0
2161,102355,Garcia,726,Germany,Female,47,0,42175.808832827155,1,1,1,133592.78173275333,0
2162,105887,Johnson,456,Spain,Female,50,0,82536.80517066023,1,1,1,170607.18987584417,0
2163,107961,Miller,611,France,Female,35,6,198749.20740451614,2,1,1,92588.88534278357,0
2164,105827,Garcia,850,Spain,Male,57,6,62015.51247188245,1,0,0,135949.8666831397,1
2165,108737,Williams,738,Spain,Female,18,3,39937.177116547704,2,0,1,66921.01910381242,0
2166,104719,Jones,739,Germany,Male,30,4,5005.735657064538,2,0,0,99142.13174111536,0
2167,100593,Garcia,548,France,Male,72,4,50099.644696066345,2,1,1,44194.16426440022,1
2168,104839,Brown,630,Germany,Female,38,6,8217.725858543023,1,1,0,54714.93641391473,0
2169,107394,Miller,420,Germany,Female,31,2,45097.94253312716,3,1,1,180075.30754205183,0
2170,109651,Williams,708,France,Female,46,4,42011.99776221603,1,1,1,145398.82576350373,0
2171,103493,Jones,790,Germany,Male,24,6,104179.93972247794,3,1,0,170235.6991021092,0
2172,106164,Garcia,505,Spain,Male,18,10,45582.72641669369,1,0,1,88379.78507128748,0
2173,102672,Jones,534,Spain,Female,84,6,48478.54034261382,2,1,0,35624.090806912915,1
2174,104200,Jones,646,France,Female,26,8,33736.35636259518,3,1,1,183545.96503450017,0
2175,100016,Garcia,665,France,Female,42,3,93644.60879508987,1,1,1,193558.37618940632,0
2176,103191,Smith,595,Germany,Male,41,0,49323.15341175546,1,1,1,172102.76022269265,1
2177,100392,Johnson,568,Spain,Male,46,4,296788.4196617737,4,0,1,117663.14516065743,0
2178,108616,Davis,569,Germany,Female,27,10,222535.95562687147,3,1,1,105994.14730170177,0
2179,106272,Williams,645,Germany,Male,18,3,27038.842230729188,2,1,1,180182.13455927468,0
2180,100571,Williams,708,France,Male,29,2,51746.8074919537,2,0,0,89166.52968269138,0
2181,103631,Miller,645,Germany,Male,39,6,100671.49157897512,3,1,0,122176.55923041503,1
2182,106172,Miller,635,Spain,Male,40,8,1644.6129662019491,1,1,0,89622.64162747304,1
2183,109312,Miller,474,Germany,Female,62,3,25800.9219663628,2,1,1,26378.257539579045,1
2184,107177,Williams,736,Spain,Female,34,5,33551.44115229625,1,1,0,178535.36348978506,0
2185,108433,Jones,644,Germany,Female,42,0,51482.85675669991,4,1,1,147649.5877910002,1
2186,103897,Miller,606,Spain,Male,27,0,220104.22789095246,2,1,0,99055.31122499924,0
2187,108123,Garcia,675,France,Female,30,2,10128.774759118514,1,1,0,42169.95678584102,0
2188,102279,Johnson,565,France,Female,69,4,6810.012586699123,2,1,1,44925.12733861649,1
2189,108980,Brown,608,France,Male,28,5,109188.9692996569,1,0,1,136697.20211293275,0
2190,107451,Williams,660,France,Male,33,8,45333.403492223224,4,0,1,188157.06049060577,0
2191,108906,Garcia,582,France,Male,55,8,19567.501830974874,4,1,0,92317.21632628802,0
2192,100775,Johnson,485,Germany,Female,67,9,121001.03994686782,4,1,0,95380.36702698442,1
2193,106869,Johnson,469,Spain,Female,51,10,27831.347934289086,1,1,1,140769.97563563747,0
2194,102247,Smith,694,Germany,Male,51,0,83388.10810000217,2,1,1,172682.0411654909,0
2195,107088,Davis,646,France,Female,20,1,52552.73004745126,2,1,1,163017.9857743497,0
2196,100078,Garcia,643,Spain,Female,46,10,44818.91176375903,1,1,0,146233.31416885447,1
2197,108080,Williams,533,Germany,Male,34,7,127705.14144307397,4,1,0,60397.295338991265,0
2198,107099,Miller,647,Germany,Male,46,4,95038.78949410896,4,1,0,43913.2124658564,1
2199,103926,Jones,609,Spain,Female,34,2,72122.14909675867,3,0,1,12935.069217057737,0
2200,109047,Miller,589,Spain,Female,30,8,13706.306433698031,1,0,0,194256.8046681492,1
2201,107340,Johnson,642,Germany,Male,18,1,88102.15294666876,4,0,1,93267.884401634,0
2202,107083,Johnson,679,Spain,Male,37,6,118009.99162715134,3,1,0,49056.806639835326,0
2203,106230,Brown,824,Germany,Male,41,9,168631.578159464,4,1,1,34647.17157497657,0
2204,109223,Miller,706,France,Male,18,7,35582.54120617151,2,1,1,39754.32203063061,0
2205,104940,Davis,735,Germany,Female,29,1,30694.8032246124,3,1,1,74725.90675909558,0
2206,103271,Davis,760,France,Female,35,0,138139.6592368642,1,1,1,173354.7057990307,0
2207,103456,Smith,573,France,Female,47,2,63008.540814449334,2,1,1,194395.362434734,1
2208,107788,Davis,617,Germany,Female,30,7,52063.249289292755,2,0,1,107138.35705970383,0
2209,108599,Johnson,559,France,Female,48,3,17509.27645760546,3,0,1,71582.77446130912,0
2210,107650,Johnson,581,Germany,Male,43,4,56943.39495910844,2,1,1,44639.92429110107,0
2211,102711,Davis,607,Germany,Male,52,8,129509.14394802741,3,1,1,65734.02345126153,1
2212,101668,Jones,579,Spain,Male,31,3,59884.22018502982,1,1,0,128213.79433613535,0
2213,100147,Jones,672,France,Male,34,8,206144.74481438036,4,0,0,189677.75267769044,0
2214,106420,Davis,693,Spain,Female,47,5,421.80154233757827,2,1,0,104113.340857866,1
2215,100365,Brown,519,Spain,Female,23,6,19841.004026718507,1,1,0,37924.02661311943,0
2216,109866,Garcia,618,Germany,Male,38,7,95351.65301654354,4,1,0,189852.3608481567,0
2217,104531,Brown,619,Spain,Female,53,9,111468.59694295426,3,0,1,192994.68503873618,1
2218,105330,Brown,502,France,Male,28,9,32255.17671677466,3,1,0,180239.28318378257,0
2219,105510,Davis,573,Spain,Female,43,0,284544.17734669556,1,1,1,173456.10466578556,0
2220,108754,Jones,737,Germany,Female,38,8,40143.79463252959,4,0,0,158056.49587473206,0
2221,108964,Miller,736,France,Female,61,1,52965.20675605478,3,0,0,35350.191650512905,1
2222,106493,Miller,487,France,Female,40,2,374559.31291926635,4,1,1,73232.48763254653,0
2223,105439,Davis,697,Germany,Female,47,0,65237.07147900726,3,0,0,153671.3941606511,0
2224,109765,Miller,502,France,Female,36,9,94898.68450863547,4,1,1,174793.93796168975,0
2225,106511,Garcia,609,Spain,Female,31,10,77691.67433358681,1,0,1,54435.1732278258,0
2226,107504,Jones,640,France,Male,42,2,19541.298856687907,1,1,1,128563.70928904966,1
2227,101246,Davis,725,Germany,Male,30,1,476782.8847757416,2,1,0,22703.999964290564,0
2228,103839,Smith,632,Germany,Female,54,6,6088.984023158402,2,1,1,172845.1991239032,0
2229,108551,Williams,548,Spain,Male,56,6,410412.9153274588,1,0,1,77045.44164288977,1
2230,102376,Williams,531,Germany,Male,40,5,63110.37158170739,2,1,0,48622.841317129154,0
2231,103009,Davis,666,Spain,Male,32,9,21023.523333974885,3,1,1,169401.85097605645,0
2232,109154,Davis,586,Spain,Male,42,10,18263.856031970598,2,1,1,43711.004503991935,1
2233,101827,Smith,609,Germany,Male,19,3,106589.3891096094,2,0,1,98379.87605042185,0
2234,106979,Miller,747,Spain,Female,27,2,124066.40509808125,4,0,1,29586.562211709002,0
2235,109805,Williams,693,France,Female,22,6,228961.4620924282,3,0,0,95422.82300873131,0
2236,109832,Garcia,808,Spain,Female,27,10,26986.71880869303,1,1,0,185699.99542622248,0
2237,108569,Davis,548,France,Male,29,2,56776.89347565902,3,1,1,142265.84172441377,0
2238,104285,Jones,579,Spain,Male,19,8,354709.7606574643,4,0,1,197045.06696535097,0
2239,106910,Williams,668,France,Female,35,9,55862.08877487918,2,1,1,95993.53012146412,0
2240,108561,Garcia,831,France,Male,36,7,61541.11868076618,3,0,0,179118.29043011204,0
2241,102196,Jones,570,France,Female,47,6,34042.30209249219,4,1,0,183272.49558466376,0
2242,103747,Davis,653,France,Female,40,1,204756.4095358172,1,1,1,28622.673440201354,0
2243,108843,Garcia,782,France,Male,60,9,45511.01043072647,2,1,1,196041.5261638797,0
2244,105978,Smith,654,Germany,Male,47,2,100934.06951431121,4,1,0,179681.39182940283,0
2245,105607,Davis,752,Spain,Male,74,7,20162.589214189047,4,1,1,129601.64294729148,1
2246,100769,Brown,845,France,Female,21,10,95644.28697130771,4,1,0,112649.74923479266,0
2247,100780,Smith,679,France,Female,53,2,271757.1812680398,1,1,1,84152.89480401181,1
2248,109908,Williams,695,Germany,Female,18,7,149982.82262553464,1,1,1,122040.87601489715,0
2249,106303,Jones,724,France,Female,54,3,7009.245321108208,4,1,0,150368.35568459908,0
2250,103983,Garcia,559,Spain,Male,44,4,100502.28318352965,3,0,1,145085.0769871223,0
2251,109503,Williams,501,France,Female,35,8,81796.96469181479,1,0,0,68162.79392375729,0
2252,108714,Williams,665,Germany,Male,42,10,41335.801544523645,3,1,1,138138.92990104627,0
2253,100521,Davis,587,France,Female,31,9,184961.65514749894,3,1,1,12457.743327756893,0
2254,109127,Brown,755,France,Female,30,1,156881.294375996,4,0,1,43580.6059860331,0
2255,107569,Miller,681,Spain,Female,45,2,104584.74589050577,4,1,0,40194.538968179055,1
2256,105784,Williams,753,France,Female,18,0,136328.81117481744,2,1,1,151197.98448017536,0
2257,104583,Brown,529,Spain,Female,43,7,21463.29183308932,1,1,1,180581.0887852809,1
2258,105946,Jones,750,Germany,Female,37,10,253030.7085739607,1,0,0,27848.809269089645,0
2259,104941,Jones,420,Spain,Male,34,8,110271.73949761741,1,0,1,183380.01230821016,0
2260,106267,Garcia,538,Spain,Female,31,9,63076.849549967075,4,1,1,69350.50990492349,0
2261,107128,Miller,713,France,Male,42,8,21456.57800364268,1,1,1,128900.31303430171,0
2262,102461,Brown,599,Spain,Male,54,2,114810.7285730727,4,0,1,42467.48894087037,0
2263,100685,Smith,609,France,Female,72,4,10171.938311089149,1,1,1,87472.06750809838,1
2264,102160,Jones,660,Germany,Female,55,8,38529.15228066911,3,1,1,98618.00020253737,1
2265,107031,Davis,792,Germany,Female,51,4,85280.33679386329,4,0,1,82154.76266340404,1
2266,109759,Miller,457,France,Male,27,0,103872.7202642316,2,1,0,166479.42098792896,0
2267,105341,Garcia,774,France,Male,30,0,1748.2104892640973,2,0,1,121534.51718693992,0
2268,100038,Smith,780,Germany,Male,38,3,884.902435908738,1,1,1,105058.37968017634,0
2269,104875,Jones,599,Spain,Male,45,6,11817.737628750294,3,1,1,159289.321288965,0
2270,101256,Jones,580,Spain,Female,32,6,146243.7123403187,3,1,1,145231.15111223047,0
2271,107697,Garcia,638,Germany,Male,56,6,83725.43336273504,1,1,1,31337.58105094066,1
2272,102196,Garcia,578,France,Male,28,5,93754.97821606322,2,0,1,109148.54054354872,0
2273,107165,Johnson,684,Spain,Male,20,0,92490.05090820663,1,1,1,161912.08579771197,0
2274,100301,Davis,697,Spain,Male,54,10,3751.2136632306624,3,1,1,131788.27928368823,0
2275,107527,Williams,494,France,Female,42,2,18907.97170965548,1,0,1,145886.69745110322,0
2276,106381,Williams,557,France,Female,34,4,130146.1892070888,1,0,1,119604.54612896057,0
2277,100646,Smith,531,Spain,Female,18,3,103766.22830906947,1,1,1,186434.38379619856,0
2278,109951,Williams,671,Spain,Female,53,10,58931.00800378282,3,1,1,108512.74289987574,0
2279,108789,Smith,737,France,Female,74,3,2061.0485396305194,2,1,1,117795.67309007677,1
2280,108853,Miller,542,Spain,Male,46,8,53930.129703393795,4,1,0,177231.66857327987,0
2281,104330,Jones,736,Germany,Male,29,6,28495.801638085453,1,0,0,127407.75041870621,1
2282,109560,Johnson,557,Spain,Male,42,8,119491.14569906311,4,1,0,94027.23624057714,0
2283,107003,Johnson,721,France,Male,47,6,174112.4833655357,4,1,0,59356.70999069998,0
2284,103537,Davis,621,Germany,Male,46,9,70078.9463089032,2,1,1,193491.05789855463,0
2285,104558,Davis,605,France,Female,26,2,51671.89445090763,2,1,1,156849.43261604474,1
2286,106579,Jones,764,Spain,Male,31,10,31888.70982007976,3,0,0,27177.70893481598,0
2287,108474,Garcia,828,France,Female,27,9,9718.376614261493,4,0,1,35191.231063813066,0
2288,109678,Davis,455,Spain,Female,44,3,46481.44248290751,4,1,1,50272.80025794474,0
2289,104082,Davis,709,France,Female,38,8,113330.31752732075,1,1,1,56227.54036100122,0
2290,104183,Brown,667,Spain,Male,56,0,109684.67357966788,1,1,1,133121.1710046847,0
2291,108652,Brown,715,France,Male,42,2,53235.151295052885,2,1,1,112002.54978995776,0
2292,103754,Williams,506,France,Male,49,10,338075.91055026866,2,1,1,56010.24843521073,0
2293,101724,Garcia,541,France,Female,34,3,281465.7609912659,2,1,0,39767.083407836166,0
2294,101376,Smith,582,France,Female,18,3,208466.13194154057,3,1,0,141922.39731659277,0
2295,108706,Miller,671,Spain,Male,59,6,57234.329620804645,4,1,0,21485.771961634346,1
2296,108894,Johnson,576,France,Female,40,10,137251.81734624147,3,0,0,52888.82509873785,0
2297,101653,Williams,617,France,Female,45,3,264507.281585989,4,1,0,67299.06261045902,0
2298,102066,Davis,733,France,Female,51,9,133802.6145033812,2,1,1,45737.84669431296,1
2299,100022,Jones,850,Germany,Male,42,7,37944.74568583749,3,1,0,119745.15110901331,0
2300,102460,Garcia,725,France,Female,18,0,7043.10396672575,3,1,1,146694.5324132796,0
2301,105926,Davis,735,France,Male,33,2,317038.1850587788,4,0,1,88334.14449574545,0
2302,106251,Johnson,631,Germany,Male,31,9,488305.71429234615,4,1,1,42974.49784857244,1
2303,109496,Smith,560,Germany,Female,32,9,118299.78774453218,3,1,0,87208.8453249666,0
2304,107295,Smith,617,Germany,Female,35,5,37885.18861544741,1,1,1,99359.05033173531,0
2305,103300,Brown,644,France,Female,39,2,200269.32626728134,4,0,1,177336.25617630183,1
2306,106279,Williams,533,France,Male,67,7,306732.3809835779,4,1,1,111736.714039078,1
2307,108553,Davis,731,Spain,Male,46,6,70611.67493706846,3,1,0,22364.641986273717,1
2308,107353,Jones,801,Spain,Female,49,4,37345.67936747921,2,0,0,195881.57729162727,0
2309,103727,Johnson,662,Germany,Female,31,1,52148.17727611245,1,1,1,47142.91729717017,0
2310,106272,Davis,758,France,Male,61,10,7671.698987817925,2,1,1,111132.30507941557,1
2311,105995,Miller,770,Germany,Female,41,4,83394.6160290145,3,1,1,75899.18803345054,0
2312,109476,Smith,546,Spain,Male,38,8,47618.82997988987,2,1,1,143123.1539993863,0
2313,100514,Davis,476,Germany,Female,18,10,215883.66776489408,2,1,1,47534.740849108224,0
2314,100448,Johnson,600,Spain,Female,49,4,32234.57633102359,3,0,0,108130.94845131034,0
2315,106019,Jones,659,France,Female,52,2,840.5561481933971,4,0,1,108462.79091084159,1
2316,105343,Johnson,530,Germany,Male,52,6,133621.95884283143,2,1,0,134246.41275259134,0
2317,108033,Williams,792,Germany,Female,18,2,743.5929313009649,3,1,1,121243.4124528191,0
2318,102520,Brown,844,Germany,Female,53,7,78959.44369103796,3,1,0,35307.57793719305,1
2319,103081,Johnson,667,Germany,Male,34,4,19998.743072577352,3,1,1,142384.6380777842,0
2320,101428,Garcia,551,Germany,Male,20,4,94283.79259252008,2,0,0,98825.68010985329,0
2321,103967,Davis,698,Spain,Male,71,5,22050.23823375663,4,1,1,46906.22436391681,1
2322,106445,Brown,551,Spain,Male,61,10,69690.84766925797,2,0,0,86966.07778721194,1
2323,109114,Jones,764,France,Male,48,9,40807.18075387864,2,0,1,81167.81300180625,0
2324,102159,Brown,626,Germany,Male,46,5,20157.153235267277,1,1,0,95126.95899648416,1
2325,105132,Johnson,722,Spain,Male,62,2,93262.98258495535,2,1,1,180142.61410157828,1
2326,102547,Johnson,740,France,Male,31,10,8579.608718145073,3,1,0,175793.9074763575,1
2327,102979,Garcia,703,France,Female,76,6,283252.9638008232,3,1,1,16112.83789536264,1
2328,102649,Smith,828,France,Female,39,8,150566.16835577314,1,1,1,108248.28366838569,0
2329,108505,Davis,667,France,Female,53,0,247536.38230988098,1,0,1,25403.735284090864,0
2330,103083,Garcia,599,Spain,Female,47,3,4339.536148319884,1,1,1,18430.06950355003,0
2331,101037,Johnson,439,France,Male,23,3,214.1998372566188,1,1,1,51379.5746115441,0
2332,103489,Miller,421,Germany,Male,39,0,44305.53680267639,2,1,0,193509.1911870194,0
2333,107604,Brown,715,France,Male,61,5,95888.65340525816,2,1,1,186968.7937242674,1
2334,107544,Garcia,631,France,Male,27,1,28023.726010092232,3,1,0,145967.42180796553,0
2335,102634,Garcia,568,Spain,Male,59,10,79701.05470657747,2,1,1,69736.06205919766,0
2336,103983,Davis,538,Germany,Female,48,10,93140.85035445276,1,1,1,51409.51142741457,1
2337,101778,Miller,724,France,Female,19,5,16443.487523962678,4,0,0,43866.77345817635,0
2338,107902,Miller,551,Spain,Male,38,0,146478.5407853965,1,0,0,15614.455031701431,0
2339,105110,Miller,813,France,Female,38,9,275449.9644595786,1,1,0,94549.81582407771,0
2340,105189,Davis,850,France,Male,23,4,102200.61251461352,4,1,0,125808.87426560352,0
2341,107378,Smith,559,Germany,Male,43,5,295360.7720815425,4,1,0,123547.05592465353,0
2342,101124,Johnson,716,France,Female,18,9,28254.03712876689,1,0,1,143761.4388053824,0
2343,100697,Johnson,694,Germany,Female,52,1,3719.788299691963,2,1,1,107793.72255207956,1
2344,102179,Jones,551,Germany,Male,25,0,28426.869156660738,3,1,1,112134.01929442285,0
2345,109596,Davis,551,France,Female,34,6,104444.01909993615,4,1,0,192340.164260129,0
2346,105251,Smith,637,Germany,Male,38,0,91039.54454992121,3,1,1,117945.83576280795,0
2347,109235,Jones,536,France,Male,61,6,31116.317727993664,2,1,1,176228.61414811233,1
2348,101929,Jones,759,Germany,Female,20,0,52432.85368407461,1,1,0,35041.37712614257,1
2349,101013,Jones,625,France,Male,31,8,45828.88773149494,2,0,1,167265.80726973788,0
2350,100226,Davis,537,Spain,Male,41,4,300428.3691941512,2,1,0,141296.67105094102,0
2351,107321,Williams,641,Spain,Female,38,5,37737.05732839024,3,1,1,12670.806528020237,1
2352,101828,Jones,696,France,Male,40,6,21457.14778106676,2,1,0,51242.11167757232,0
2353,107909,Garcia,577,Spain,Male,35,0,83381.8624619764,4,1,1,52143.39606307467,0
2354,105588,Brown,450,Germany,Female,43,7,13333.010044524879,1,1,1,86439.04938083542,0
2355,102023,Garcia,662,Germany,Female,18,5,70901.21410420637,4,0,1,85365.82887983552,0
2356,104966,Garcia,528,Spain,Female,60,1,116137.53413906753,2,1,1,77383.34520218102,1
2357,105891,Johnson,570,France,Male,37,0,286933.0283091424,3,1,0,93454.45182395933,0
2358,101080,Williams,696,France,Male,79,0,222801.29812909148,3,0,0,167406.4100638324,1
2359,105036,Davis,591,France,Female,33,3,184020.9913957014,4,0,1,21098.596414809483,0
2360,102563,Jones,635,France,Female,54,2,50066.537476045756,4,0,0,171234.80413586565,0
2361,103292,Johnson,795,France,Male,27,10,224407.4073412753,3,1,1,184643.6235806633,0
2362,103586,Smith,614,Germany,Female,39,5,126103.32116540366,4,0,1,42954.26788353708,0
2363,104431,Smith,850,France,Male,23,9,58254.908969562355,2,0,1,80569.10144003583,0
2364,106841,Davis,723,Germany,Male,34,7,83029.28945086677,1,1,1,134261.9811112428,0
2365,106643,Johnson,556,France,Female,28,0,57289.76143053694,1,0,1,195954.49098020216,0
2366,103959,Brown,602,France,Male,46,6,21913.619671383833,1,1,0,174777.0362317066,1
2367,100161,Davis,523,France,Female,63,7,60090.97515501639,3,0,1,151180.18069764684,0
2368,100593,Johnson,713,Germany,Male,45,4,164719.00364742187,3,1,1,188568.68043888605,0
2369,103390,Johnson,782,Spain,Male,82,7,31004.773882858823,3,1,0,196673.6219080361,1
2370,105997,Williams,614,France,Male,49,10,102259.75118953745,1,1,1,180798.45264457862,1
2371,106354,Davis,463,Spain,Female,25,0,80580.80766307724,4,1,0,46688.803216379936,0
2372,100663,Smith,686,Spain,Male,75,1,252709.076675175,3,1,0,146082.5755710578,1
2373,109324,Smith,563,Spain,Male,52,3,137108.90095461975,3,0,1,86807.24122803644,0
2374,100541,Jones,578,Germany,Female,18,0,44846.35602414853,2,1,1,165581.2547528374,0
2375,105433,Garcia,681,France,Female,38,4,82491.19071261353,3,1,0,22042.769290428736,0
2376,105093,Davis,773,France,Male,51,9,242150.37833989665,3,0,1,167781.04982627762,1
2377,100867,Johnson,723,France,Female,47,2,25680.45115314424,1,1,0,67059.46186383379,0
2378,108623,Davis,692,Germany,Male,51,1,64337.334435685836,1,0,1,156789.05415411692,1
2379,105469,Johnson,634,France,Male,54,6,25061.83283231202,2,1,1,43273.87856827803,1
2380,106256,Brown,517,Germany,Male,29,1,54201.43593434705,1,1,1,20775.21293724242,0
2381,109398,Davis,684,France,Male,46,8,5998.7009442337185,4,0,0,134056.06326306053,1
2382,101169,Miller,721,France,Male,42,5,208723.5397394619,4,1,1,95259.35602560802,0
2383,100830,Miller,590,Spain,Male,35,7,382794.6206651385,1,0,1,171127.93574725976,0
2384,101651,Smith,613,Spain,Female,51,2,83888.6359224962,3,1,1,183577.9119059093,1
2385,101136,Brown,761,Germany,Male,41,4,80760.21329795959,2,0,0,88101.36165107244,0
2386,102810,Williams,610,France,Male,55,2,311955.98234475905,3,1,1,127790.42956296932,0
2387,108667,Jones,622,Spain,Female,43,8,49962.47323877677,3,0,0,64260.334338307635,0
2388,109518,Brown,641,France,Male,34,0,97045.86885754648,2,1,1,60412.21321202075,0
2389,101019,Smith,716,Germany,Male,41,7,181560.82862568827,1,1,0,173439.0427080339,0
2390,105237,Williams,679,France,Male,49,5,70470.19514025461,2,1,1,38987.10620434866,1
2391,101283,Johnson,671,Germany,Male,39,6,25038.385178486,4,0,0,95443.91973133113,0
2392,100659,Williams,801,Spain,Female,32,1,167505.17797916583,3,1,0,97131.02048190196,0
2393,102010,Garcia,609,Spain,Male,41,6,31626.736146826213,4,1,0,121691.68666186606,1
2394,108590,Davis,554,Germany,Female,60,0,185646.3887752007,2,1,1,130505.29915648632,1
2395,101733,Brown,752,Spain,Female,49,6,289341.1402179842,1,1,1,93077.81593361468,1
2396,102125,Smith,673,Germany,Female,44,10,78976.75162751829,2,1,0,94805.98665738426,0
2397,102171,Brown,591,Germany,Male,36,7,5055.4194551164865,4,0,1,128698.24271684744,0
2398,108266,Johnson,614,France,Male,42,1,311491.7107193257,4,1,1,143907.1081165873,0
2399,103471,Miller,522,France,Female,24,9,177977.7387024573,3,1,1,161087.8018190683,0
2400,109028,Johnson,673,Spain,Female,36,1,12483.707126511801,3,1,1,140438.97980517903,0
2401,105624,Smith,503,Spain,Male,46,2,99259.85939677845,3,0,0,13000.751258229639,1
2402,108691,Garcia,718,France,Male,40,9,37923.05637594298,3,1,0,55139.298123928966,0
2403,108329,Jones,597,France,Male,33,3,40097.024800576866,1,1,0,37013.592588319276,0
2404,102097,Davis,510,France,Male,20,7,86823.30582830415,2,1,1,164511.61341460593,0
2405,105068,Davis,759,Spain,Male,37,2,124437.82474773386,2,1,0,102198.4877235734,0
2406,106397,Williams,850,France,Female,27,5,1129.7403303131791,2,0,1,83808.22188064127,0
2407,102757,Williams,693,France,Female,38,9,16566.833428943235,1,1,1,152879.4223163433,1
2408,103920,Johnson,621,France,Female,43,10,233099.98731230147,2,0,0,25990.29197360753,0
2409,108186,Brown,553,France,Male,60,7,68318.10157057746,2,1,1,144171.93098960287,1
2410,101900,Miller,676,Germany,Female,52,9,67703.15464907703,1,1,0,110008.1934502349,0
2411,102610,Brown,713,Spain,Male,42,1,183455.12912530245,3,0,1,91216.6230311202,0
2412,106900,Garcia,650,France,Female,70,3,13854.387370647295,3,1,1,135955.52929594222,1
2413,101449,Jones,739,France,Male,45,0,125059.04161557631,1,0,0,15542.800160275474,1
2414,108738,Davis,801,Spain,Female,28,10,70567.66088087215,1,1,1,30922.193109235326,0
2415,105017,Brown,524,Spain,Female,35,7,135320.34762057778,3,0,0,86541.1863079962,0
2416,107999,Davis,679,France,Male,77,0,113714.72864288322,1,1,0,29119.83655922845,1
2417,106052,Williams,459,France,Male,28,8,109806.5678726586,2,1,1,102549.19285013172,0
2418,102096,Davis,568,Spain,Female,34,5,193820.5046664872,4,1,1,123720.58408669742,0
2419,108895,Miller,721,Germany,Female,54,2,80024.24124642053,4,1,1,133022.96466410102,1
2420,106404,Davis,645,Spain,Male,25,7,52399.46949330139,2,0,1,56184.215291817214,0
2421,109817,Brown,488,France,Male,54,1,22126.452208229268,1,1,1,155567.22988679554,1
2422,103331,Miller,754,Germany,Male,56,10,42155.9202227952,3,1,1,28753.698245674772,1
2423,107462,Davis,595,Germany,Female,43,2,203967.19034920787,4,0,1,186564.05106655456,0
2424,105105,Jones,735,Spain,Female,63,6,41169.39924439178,4,0,1,37268.01225163738,1
2425,102978,Williams,701,Spain,Male,36,10,422836.12300889334,2,0,1,93386.1857116164,0
2426,102839,Davis,566,France,Female,53,0,93646.33026273178,3,0,0,18837.274619773863,1
2427,103384,Miller,736,Germany,Male,18,8,168722.53371359297,4,0,1,102765.79185337259,0
2428,100685,Brown,681,France,Female,49,9,67975.98038261496,2,0,0,186155.23096257352,1
2429,107531,Williams,667,Spain,Male,59,8,106292.02054541437,3,0,1,51992.208402867414,1
2430,104283,Johnson,603,Spain,Male,51,2,455925.8067172786,1,1,1,182339.7140714218,0
2431,107736,Johnson,539,Spain,Female,33,3,69368.71468619134,2,0,1,106587.11373994793,0
2432,107710,Garcia,608,France,Male,18,1,30565.487540942697,4,1,0,31919.240995026805,0
2433,101619,Johnson,605,France,Male,56,9,104947.15026590184,2,1,1,156979.2348342819,1
2434,106868,Brown,735,France,Female,26,10,252083.14491762195,2,1,1,93956.63460235171,0
2435,101431,Jones,485,France,Female,28,0,1734.8229705223591,4,1,1,101906.55731042934,0
2436,109067,Williams,797,France,Female,35,10,490029.3765433643,1,0,1,127078.93886683627,0
2437,104713,Miller,802,Spain,Female,49,7,78646.57908743313,4,0,1,167888.32984183842,0
2438,109557,Smith,585,France,Male,57,10,160666.3701108757,4,1,1,88825.69816986994,0
2439,109435,Johnson,790,Germany,Male,69,8,12581.475268406386,1,1,0,153260.24184855976,1
2440,104998,Johnson,549,Spain,Male,41,8,34460.83992167724,4,1,1,41890.353369630204,0
2441,100162,Smith,762,Spain,Male,43,9,377920.70171631465,3,0,0,20618.811329351374,0
2442,101974,Miller,568,Germany,Male,46,4,33954.346246749876,3,1,0,20479.986690801903,0
2443,103291,Miller,753,France,Female,32,4,53139.41911758838,4,1,0,19481.96568061674,0
2444,108461,Smith,506,France,Female,50,4,32947.83590698228,3,1,1,110722.45298982649,1
2445,100631,Miller,758,France,Male,30,5,63199.10925358586,2,0,1,85103.74157847914,0
2446,100905,Brown,778,Spain,Female,56,3,17322.727335429496,3,1,1,159643.33632915613,1
2447,102014,Miller,503,Germany,Female,25,1,71100.10812314776,3,1,1,12165.34502301591,0
2448,109833,Williams,825,Germany,Female,53,1,35444.84068002242,2,1,1,138068.4624985152,0
2449,107896,Miller,751,Spain,Female,53,5,168807.83531525137,3,0,0,82074.64295741123,1
2450,100204,Davis,450,Spain,Female,18,4,49390.908472964846,4,0,0,100264.06792143123,0
2451,100581,Davis,601,Spain,Male,44,3,157368.61365647713,2,1,1,37011.91831815459,0
2452,105675,Johnson,753,Spain,Female,63,5,102653.71162049088,2,0,1,155903.5030719902,1
2453,109032,Jones,722,France,Male,43,3,246621.33290324194,4,1,1,175484.37911259153,0
2454,105347,Brown,661,France,Male,41,9,166402.08820282176,4,1,1,18229.83662078422,0
2455,109911,Brown,742,France,Male,32,3,231383.396625652,4,0,0,75270.94483781449,0
2456,102643,Miller,562,Germany,Male,47,5,74579.31560625149,3,1,0,89956.77192399472,0
2457,108017,Jones,654,Germany,Male,34,10,244697.55885151163,3,1,1,172887.98141818313,0
2458,102297,Jones,565,France,Female,47,3,16811.046827374845,3,1,0,161405.2306333919,0
2459,100874,Garcia,663,Spain,Male,51,8,8821.88541156666,4,1,0,114950.5392409343,1
2460,105560,Jones,750,France,Male,44,6,74659.40335179323,1,0,0,45504.24248531445,0
2461,100689,Miller,728,Spain,Male,56,5,174897.67892586955,3,1,1,115969.18658686533,1
2462,104000,Miller,672,France,Female,46,2,23847.966339349037,1,1,1,94645.1037374953,1
2463,109614,Smith,748,France,Female,34,10,346142.3555353636,2,0,0,181742.29256555322,0
2464,100671,Johnson,758,France,Female,18,3,20486.3791053089,4,1,1,62048.84095409245,0
2465,107927,Davis,829,France,Female,33,1,123340.04624214108,4,1,0,161437.20429405145,0
2466,101171,Garcia,766,France,Male,37,2,246651.66953869088,2,0,1,118080.2470577702,0
2467,105591,Miller,715,Germany,Male,48,10,336274.220203673,3,1,0,17852.492319353165,0
2468,109135,Smith,743,France,Male,18,0,108297.11093175133,3,1,0,58715.77652323366,0
2469,106342,Garcia,674,Spain,Male,18,8,85380.43504163521,3,0,1,36189.85335062124,0
2470,101449,Johnson,622,France,Male,18,9,9525.735372398283,1,0,0,99824.82103228864,0
2471,102539,Garcia,736,France,Female,38,2,2000.6590836217354,2,1,0,160859.18591831884,0
2472,103959,Smith,725,Spain,Male,20,7,425164.32064388896,1,1,1,122160.51791113494,0
2473,106285,Williams,679,France,Female,46,3,32071.113981700644,3,0,1,73141.27140200204,0
2474,105432,Davis,630,Germany,Male,34,10,7498.232442842686,1,1,1,148516.17996259942,0
2475,104260,Miller,624,France,Female,18,7,77322.82819613318,2,1,1,128414.14998949261,0
2476,102361,Davis,609,France,Female,55,6,37483.53179543945,3,1,1,24680.424581602856,1
2477,106164,Johnson,775,France,Female,39,3,44253.43990806929,1,0,1,31939.39949927239,1
2478,103670,Brown,767,Germany,Male,56,6,43658.961161809304,2,1,0,30664.235109264955,1
2479,101753,Johnson,763,France,Female,40,7,28593.60930735601,3,1,1,71664.94631542763,0
2480,108100,Johnson,544,Germany,Male,63,9,343206.2898222004,3,1,1,120666.52435554129,1
2481,101938,Johnson,614,Spain,Male,49,2,30818.522428563094,4,0,1,187023.83333451735,0
2482,108562,Williams,624,France,Female,19,4,81429.77139868836,3,1,1,137518.7736900422,0
2483,105976,Miller,589,Spain,Female,32,10,27262.85376068726,4,1,1,145087.70423621772,0
2484,106588,Smith,836,France,Female,30,2,143489.72380915552,3,0,1,29844.179039797094,0
2485,108616,Miller,690,Spain,Female,18,6,26009.044980844938,1,1,1,31431.638237899864,0
2486,106304,Brown,682,Spain,Male,53,5,95361.6320743389,1,0,0,37635.86697274634,1
2487,107345,Smith,603,France,Male,46,0,179552.55812858345,3,1,0,121364.64758590035,0
2488,107875,Garcia,736,Spain,Male,62,9,31694.908192200244,3,0,1,151615.40723851722,1
2489,109086,Garcia,850,France,Female,18,4,162578.10152267778,4,1,1,160678.1332249741,0
2490,106633,Garcia,658,France,Female,23,3,9704.787940184691,1,1,1,51243.61482436367,0
2491,100597,Smith,626,Germany,Female,25,1,12375.672369549848,1,0,1,147712.5727350254,0
2492,103062,Jones,640,Spain,Female,62,0,51179.90842925284,3,0,1,72431.38159611265,1
2493,102336,Williams,617,Spain,Male,61,6,52243.66725759664,4,1,0,116662.536856369,1
2494,109879,Jones,649,France,Male,20,6,72666.36527960551,3,1,1,107719.24927986678,0
2495,100572,Miller,588,Germany,Male,45,5,2397.3188086398427,1,1,0,25338.43706905888,1
2496,107521,Garcia,561,France,Female,49,4,12458.890766605331,1,1,1,170022.16480509966,1
2497,106171,Williams,647,France,Female,38,8,1032.8128947817204,1,1,1,149973.56260699502,1
2498,107097,Smith,658,Germany,Female,70,1,309053.0992356902,1,1,1,139115.35124676474,1
2499,102090,Garcia,622,France,Female,18,10,37592.98933703291,3,1,0,75657.58259452166,0
2500,106566,Smith,795,France,Female,18,10,116497.66200591542,1,1,1,198457.35045407503,0
2501,104624,Williams,691,Spain,Male,41,2,93761.81253204089,3,0,1,23418.122225568506,0
2502,101633,Smith,724,Germany,Female,22,8,128992.55542010003,1,1,1,68555.01927970884,0
2503,101517,Smith,726,Spain,Male,53,1,214431.90586708215,1,1,0,36384.07332139124,1
2504,103648,Brown,660,France,Female,18,2,26546.139162674488,2,0,1,55955.436301658796,0
2505,101537,Miller,671,Spain,Male,49,5,55469.395102458795,4,1,1,95660.8876807262,0
2506,103137,Jones,563,France,Female,39,9,39815.83775938872,2,1,1,127050.45798151886,0
2507,106985,Davis,715,Germany,Female,67,6,8606.453626066308,2,1,1,30046.704319428525,1
2508,100097,Jones,616,Spain,Male,27,1,3244.627668509236,1,0,1,121047.11682465179,0
2509,103750,Jones,586,Spain,Female,64,7,144727.3504415707,4,0,1,158250.11813275493,1
2510,108535,Johnson,780,France,Female,51,8,13837.450710605839,2,1,1,184878.35499647667,1
2511,108174,Brown,516,France,Female,25,0,1548.3258999091709,2,0,1,50892.1251248521,0
2512,108103,Davis,821,Germany,Male,25,5,57698.30051642056,3,1,1,179677.48089448613,0
2513,105413,Garcia,813,France,Female,56,3,38900.20663636985,4,1,1,175697.22731400686,1
2514,104666,Garcia,627,Germany,Female,41,9,6839.380824920796,2,1,0,64675.64621714792,1
2515,100610,Garcia,828,France,Female,37,10,5297.0035988216705,2,1,1,141108.5813839202,0
2516,101727,Jones,561,France,Female,66,9,244364.35974711066,3,1,0,142251.81246412138,1
2517,101854,Miller,749,France,Female,51,4,280798.3417050817,1,1,0,190086.76926964262,1
2518,105055,Jones,651,France,Male,27,5,65834.10981337207,2,0,0,55134.138198444714,1
2519,102324,Davis,469,Spain,Male,31,5,188574.98264206946,4,1,0,29035.140675632127,1
2520,109369,Miller,586,France,Male,46,6,160990.237972524,3,1,0,117009.39730110198,0
2521,109283,Brown,632,Germany,Male,43,8,86596.15085812696,4,0,1,60035.8138037036,0
2522,105774,Miller,727,France,Female,50,3,138951.1669994462,4,0,0,56014.38474465783,1
2523,106519,Davis,602,France,Female,51,8,266702.416185558,4,1,0,185508.64038046554,1
2524,101749,Smith,622,France,Male,62,0,83541.45642116744,3,1,0,147825.3881754706,1
2525,100781,Jones,704,France,Male,33,8,71676.22484455681,4,1,0,137776.24245139273,0
2526,107548,Garcia,698,Spain,Male,75,7,354.99088037416556,2,0,0,190987.14164581624,1
2527,106823,Smith,640,Spain,Male,53,1,78119.67337472798,3,1,0,24589.249745585694,1
2528,102105,Jones,619,Spain,Male,43,6,170101.0235455452,2,0,1,122202.80609568185,0
2529,103867,Williams,743,Germany,Female,36,6,143591.93840528632,1,0,1,103424.76668744918,0
2530,107193,Johnson,619,Germany,Male,45,1,103788.35579109781,2,1,1,68509.13176825538,0
2531,104976,Jones,531,Spain,Female,18,7,2489.1991396778385,4,0,1,122109.64635879388,0
2532,102113,Williams,610,Germany,Female,37,5,259513.86302413396,1,1,1,162361.3420573158,0
2533,105879,Davis,704,Germany,Male,58,5,56055.168846295586,4,1,0,117351.34706026154,1
2534,103970,Brown,635,Germany,Female,33,10,84754.6063252951,3,0,1,44347.20798383977,0
2535,109259,Williams,599,Germany,Female,18,4,50704.72196558627,3,1,1,117791.28708558324,0
2536,107264,Brown,524,Germany,Female,19,10,42906.05004372818,1,1,1,48595.302524394254,0
2537,101577,Jones,635,Germany,Female,34,7,71456.25725223223,2,1,1,40053.214287684175,1
2538,109203,Brown,672,Germany,Male,44,9,68260.0584346381,4,0,1,114603.50156159338,0
2539,102274,Williams,549,Spain,Female,26,8,44070.05050532264,2,1,1,31566.56298414692,0
2540,104869,Miller,631,France,Female,18,4,162889.6844562348,4,1,1,82457.44852884143,0
2541,106744,Johnson,540,Germany,Male,28,0,5194.120587861053,4,1,0,134028.28273845144,0
2542,102426,Smith,637,France,Male,67,10,12445.565812601499,2,0,0,121452.51228955395,1
2543,105546,Smith,822,Spain,Male,78,5,8614.593638815888,3,0,0,102727.86847591739,1
2544,106852,Johnson,667,France,Female,46,0,83239.28778083358,3,0,1,57363.46351466625,1
2545,102551,Garcia,491,France,Male,43,4,53190.71956586853,1,0,0,68179.34670982286,0
2546,106411,Smith,683,Spain,Female,55,5,60156.044894008235,2,1,0,53010.47109202608,1
2547,100007,Davis,781,Germany,Male,18,2,85978.66347627009,3,1,1,110570.84498012582,0
2548,108087,Jones,511,France,Female,30,0,39151.50718565589,3,1,1,178837.91687763683,0
2549,102555,Garcia,545,France,Male,18,1,20227.09102498674,4,1,0,170382.01145552692,0
2550,100475,Jones,675,Spain,Male,46,10,36648.30875074267,4,0,1,162282.8016645433,0
2551,105416,Williams,641,France,Female,38,2,511402.91970033676,3,1,1,65058.8828551544,0
2552,108676,Davis,771,France,Male,27,2,305100.7731372321,1,0,1,100373.44046470494,0
2553,107239,Williams,631,Germany,Male,68,1,313810.6802261612,3,1,1,85372.15587743315,1
2554,106710,Garcia,732,Germany,Female,57,5,2801.941693458605,1,1,1,110842.25601869728,1
2555,105000,Garcia,802,Germany,Male,38,6,9370.768727057955,1,1,1,95429.7632460025,1
2556,104654,Davis,563,Germany,Male,27,4,4678.71297807223,4,0,1,97659.03537046748,0
2557,108078,Davis,724,Spain,Female,43,6,168995.12253739178,1,1,1,24445.08754924638,0
2558,106063,Garcia,609,Spain,Female,40,2,475232.48188842385,2,0,0,49496.56585654882,0
2559,102285,Garcia,428,Spain,Male,31,10,78304.61735032225,2,0,1,82385.31696210602,0
2560,105223,Brown,697,France,Male,24,4,120674.85203350974,4,1,0,55610.02371129293,0
2561,106971,Miller,709,France,Female,42,2,43420.88376637277,3,0,1,176513.22316261168,0
2562,103525,Garcia,495,Germany,Female,42,3,144987.924271443,2,0,0,181508.15926875977,0
2563,102822,Davis,604,Germany,Male,22,5,106735.56464738956,2,1,1,141773.11228420326,0
2564,104943,Miller,587,France,Female,18,3,161425.2923305453,3,0,0,191228.16184987768,0
2565,106530,Garcia,730,Germany,Male,33,3,69319.51205326902,4,1,1,32219.860240032227,0
2566,100258,Williams,495,Spain,Male,18,6,21569.35158099474,1,1,1,76884.59800349509,0
2567,100282,Jones,660,France,Female,27,5,64573.56865125397,1,1,1,197069.69760755566,0
2568,101898,Miller,416,Germany,Female,30,0,37410.12186179985,3,1,1,134375.9034242677,0
2569,104135,Williams,687,Germany,Female,45,7,118451.96880660065,3,1,0,191539.53100933996,1
2570,106629,Smith,662,France,Female,30,0,14716.646629480065,2,1,1,51413.46044295518,0
2571,103200,Davis,598,Germany,Male,43,8,40333.39008241534,1,1,0,96799.73703602736,1
2572,105110,Brown,792,France,Female,25,3,659.8874171823932,4,0,1,60176.99412070353,0
2573,107167,Brown,387,Germany,Male,43,6,169024.35244239419,2,1,1,182245.15782376908,0
2574,100612,Jones,648,Spain,Male,34,4,52193.091102292834,1,1,1,132184.99703047515,1
2575,100687,Garcia,769,Spain,Male,43,9,149694.53186040072,4,0,1,139611.6967243888,0
2576,103690,Williams,662,France,Male,58,2,10269.623678362579,1,1,0,125400.79389221348,1
2577,108804,Smith,786,France,Male,36,7,21541.829835611927,2,0,0,160967.98328569383,0
2578,102307,Williams,604,Spain,Female,36,9,190024.6716278233,4,1,1,107560.98817268423,0
2579,107133,Davis,633,France,Female,45,1,90500.48544814452,1,0,0,175074.48827435376,1
2580,106509,Davis,773,France,Male,46,10,591.7751996407601,1,1,1,19404.936545822784,1
2581,109973,Garcia,739,France,Female,18,9,235523.0992227919,1,1,0,162088.3828522919,0
2582,105906,Garcia,850,Germany,Female,21,2,410426.7801577552,2,1,0,14911.39342068036,0
2583,102591,Davis,660,Spain,Male,42,4,108230.1164834562,2,1,1,73757.68872507347,0
2584,107183,Johnson,670,Spain,Male,63,4,130130.9806641447,4,1,0,96835.07858228163,1
2585,105248,Davis,603,France,Female,18,4,14340.955669469602,3,1,1,115850.86371469009,0
2586,108766,Williams,629,France,Male,30,6,145350.01055352265,1,1,1,181848.26283743835,0
2587,105108,Jones,757,Germany,Female,42,7,10424.391353107098,1,0,1,181115.08309337718,0
2588,103604,Williams,649,Spain,Female,24,7,220499.06037303558,1,1,1,166325.7075601836,0
2589,100669,Brown,569,France,Male,47,10,70280.56952797974,2,1,0,196916.62054764718,0
2590,104364,Smith,612,France,Female,49,2,15219.424420702419,1,1,0,67768.18231902616,1
2591,107329,Miller,640,France,Female,45,7,9289.674813494055,4,0,0,150839.2781616602,1
2592,101283,Jones,575,Spain,Male,42,9,58002.32698125366,2,1,1,23553.68702404235,1
2593,100923,Johnson,604,France,Male,23,1,535.3025944107511,2,0,1,71777.02873161504,0
2594,101125,Smith,550,Spain,Female,34,3,325002.37247296766,2,1,1,72605.43878477444,0
2595,101529,Smith,607,Germany,Male,58,1,18715.442407495477,2,0,0,60808.348896043746,1
2596,109786,Miller,766,France,Female,44,4,54389.69182546589,3,1,0,195540.17955069317,0
2597,108438,Brown,654,France,Male,18,2,93310.89707463277,2,0,1,189553.7040591941,0
2598,103711,Brown,850,France,Male,51,9,112336.46691506758,3,0,0,85654.7986143751,1
2599,108004,Brown,573,Germany,Female,45,9,83197.13954809788,2,1,1,81555.49337190748,0
2600,109752,Jones,698,Spain,Female,33,10,19673.313788737956,2,0,1,103407.25738136245,0
2601,106274,Williams,672,France,Female,35,2,63828.027503824866,1,1,0,92133.27718928995,0
2602,103864,Smith,715,Germany,Male,29,4,38948.81126780444,2,0,1,68482.94262440148,0
2603,107833,Williams,589,Spain,Female,40,3,9362.943377771155,4,1,0,61200.32334487917,0
2604,106788,Williams,613,France,Male,39,5,49024.58448849122,4,1,0,186919.2730514907,0
2605,100226,Brown,690,France,Male,35,4,93862.1082665582,4,0,0,49376.41533642277,0
2606,100264,Williams,599,France,Female,42,9,10764.210039182082,1,0,1,86511.08533076635,0
2607,109587,Smith,472,France,Female,37,4,18029.650784145117,2,1,1,141868.0394587421,0
2608,100645,Smith,781,France,Male,54,2,9022.517808746461,4,0,0,194937.02900872307,0
2609,107544,Garcia,738,France,Female,51,3,111.885751616801,4,1,0,145289.05382495353,1
2610,105569,Johnson,608,France,Male,18,2,275568.7255339977,4,0,1,114018.41191438537,0
2611,102990,Jones,671,Spain,Male,44,2,182190.30863813765,3,1,0,98923.32597051455,0
2612,102504,Williams,750,France,Male,34,9,26337.357048285383,3,1,0,133075.4156517225,0
2613,109346,Jones,784,France,Female,24,8,86188.07965873872,3,1,0,140910.3039743036,0
2614,100587,Jones,660,Spain,Male,43,9,161748.14772079288,4,0,0,198649.94667825382,1
2615,109177,Jones,591,France,Male,45,5,45655.42486891701,4,0,1,77400.22414312525,0
2616,104079,Miller,796,France,Female,80,9,134342.91254449353,2,0,0,51606.41616555343,1
2617,103348,Davis,659,France,Female,18,1,202995.33869876646,4,1,1,91691.52569214025,0
2618,106299,Garcia,635,Spain,Female,31,0,69045.84959003438,4,1,0,57973.52863892518,0
2619,103831,Jones,676,France,Male,76,2,218963.83711680977,4,0,0,20274.829136739558,1
2620,109433,Davis,765,Spain,Female,27,2,23568.681240115875,4,1,0,193830.4440086855,0
2621,108381,Davis,646,Germany,Male,44,3,231712.62887114784,1,1,1,23091.254846912565,1
2622,109172,Garcia,748,Germany,Male,42,3,163726.33041045655,2,1,1,102292.59303121603,1
2623,109890,Smith,629,Germany,Male,40,4,183299.05091137954,4,1,1,101630.558218857,0
2624,101715,Miller,710,France,Female,30,3,450.83442375316,1,1,0,46510.302831887886,0
2625,106450,Williams,555,France,Male,31,1,108952.7795668035,3,1,1,120390.92045459889,0
2626,105433,Garcia,756,France,Male,43,10,51191.31295547122,1,1,0,166909.5327414494,0
2627,101098,Johnson,582,France,Female,36,0,92776.67470929821,3,1,0,176697.89605117543,0
2628,107096,Davis,695,Spain,Male,43,9,8736.574926245261,1,1,1,80512.64265470397,0
2629,102326,Jones,501,Germany,Female,46,6,26980.974419376224,1,1,1,48168.40650459143,1
2630,109087,Davis,652,France,Female,53,8,43275.85941490882,1,1,1,107098.39511107972,0
2631,106416,Miller,668,Spain,Female,54,8,126737.19368886798,3,0,1,34522.39931986027,0
2632,106980,Johnson,581,Spain,Female,41,10,80500.4868935943,3,1,1,171779.85562964182,0
2633,106763,Smith,639,Spain,Male,22,0,1473.673816783147,3,1,1,98302.62814462683,0
2634,101674,Smith,676,Spain,Male,58,8,40763.093482002136,4,1,1,179214.4954212916,1
2635,107950,Brown,706,France,Male,44,0,281275.4978367466,3,1,1,18678.971516529426,0
2636,109122,Jones,660,France,Male,51,0,19826.86834726155,1,0,1,170960.35172950893,1
2637,108915,Brown,783,France,Female,46,1,27020.53145763893,3,0,1,60494.32330516839,0
2638,106049,Miller,765,France,Male,36,9,36728.08683256721,2,1,1,191607.79825880312,0
2639,101089,Johnson,646,France,Female,34,10,31195.83291081818,4,1,0,26116.92017557194,0
2640,104578,Davis,516,Spain,Male,63,10,12979.568431454485,1,1,0,169572.3157595544,1
2641,109127,Williams,601,Spain,Male,40,5,37492.6510878606,2,1,0,112166.32907097523,0
2642,100155,Brown,427,Germany,Female,38,8,77529.28156359083,3,1,0,48149.860100503225,1
2643,109262,Smith,631,Germany,Male,27,4,112479.09198077615,1,1,0,92823.69025429821,0
2644,101958,Jones,790,Germany,Male,35,8,102961.6671381895,3,1,1,68767.36139459167,0
2645,106344,Davis,729,France,Female,54,8,17754.402017225846,1,1,1,56475.01929648221,1
2646,105779,Johnson,658,Spain,Male,40,7,95327.68094046568,4,1,0,128699.19626208582,0
2647,106144,Garcia,577,France,Male,59,10,44367.282659325516,1,1,1,138834.55273116293,1
2648,105063,Miller,662,Germany,Male,44,6,172505.02184476165,3,1,0,31640.085998868693,1
2649,103830,Miller,850,France,Female,41,2,45006.1996356827,3,1,1,148229.65613108926,0
2650,109046,Smith,798,Spain,Female,33,9,375368.46471157216,1,1,1,102585.1197927018,0
2651,108831,Garcia,634,Germany,Male,40,2,95404.84246638791,2,0,1,111455.51347536841,0
2652,109794,Miller,501,Germany,Male,26,3,56032.94001213948,4,1,0,151705.94886304226,0
2653,106659,Williams,850,France,Male,49,8,69939.11027714825,1,0,1,92939.41931559434,1
2654,100441,Davis,577,France,Female,38,2,19352.784525210092,4,1,0,123412.30619954085,1
2655,106040,Jones,703,Germany,Male,36,7,113986.53206982571,3,1,0,108243.11108599088,0
2656,105925,Davis,494,France,Female,35,7,329866.7485017093,4,1,0,33953.03620233825,0
2657,107358,Williams,617,Spain,Female,50,5,72352.04160055876,4,0,0,92165.17513240414,0
2658,104628,Miller,493,Spain,Male,30,1,487324.56007869926,3,1,1,169118.9005109297,0
2659,106370,Williams,533,France,Female,55,5,16306.304510346185,4,0,0,17232.01922851461,1
2660,109528,Davis,557,France,Female,33,3,101523.80399455059,2,1,1,17911.779718329515,0
2661,100948,Miller,697,Spain,Female,49,6,113293.81682953524,2,1,1,186654.3969991435,0
2662,108179,Jones,640,France,Female,32,10,37356.326079961975,1,1,0,166107.31587299085,0
2663,106115,Jones,850,France,Female,30,0,43319.3434913735,1,1,0,12246.985185026851,0
2664,100459,Garcia,763,France,Male,61,2,290900.93201095134,2,0,1,187659.4584823838,1
2665,107568,Williams,765,France,Female,49,7,94659.32989735613,1,1,0,67679.38025058214,1
2666,104646,Johnson,700,France,Female,40,0,152108.71141989424,4,1,0,96457.2328549763,0
2667,100392,Garcia,677,France,Female,18,9,129457.24855722918,3,0,1,55927.701450652174,0
2668,101787,Jones,768,Germany,Female,45,2,94413.01516554225,1,0,1,44905.78471859475,1
2669,107374,Smith,411,Germany,Female,54,2,4905.5364557820985,1,1,0,34718.09699869499,1
2670,101138,Miller,587,Germany,Male,42,7,108675.60416369129,2,1,1,142878.25829722802,0
2671,104741,Garcia,513,France,Male,39,0,42298.706329893976,3,1,1,14229.27763398807,0
2672,107418,Brown,461,Spain,Female,42,9,63303.74011923923,1,0,0,84852.92126517896,1
2673,106362,Johnson,573,Germany,Male,45,4,190686.09006046865,1,1,0,97208.53916442678,1
2674,102454,Miller,535,France,Female,30,6,346437.7804794218,3,1,0,66770.10314617639,0
2675,109658,Garcia,769,Germany,Male,38,3,118509.20301599932,3,0,0,58735.16274136308,0
2676,103674,Jones,659,France,Male,41,9,26394.014392327957,3,1,1,127367.49623876739,0
2677,101377,Davis,449,France,Female,53,2,38226.918817374215,1,1,0,167637.62426070328,1
2678,106701,Jones,681,Spain,Female,18,9,14862.830919593336,2,0,1,106846.50258551982,0
2679,102597,Johnson,548,France,Female,53,5,86917.47107292857,4,1,0,145688.39063346316,1
2680,100141,Brown,656,Germany,Female,18,4,265806.7089289519,1,1,1,149339.97080528436,0
2681,102659,Garcia,689,France,Male,29,1,166566.48973976588,1,1,1,182535.27057152614,0
2682,104596,Davis,574,Spain,Female,39,5,78446.99297070468,3,1,1,149793.9246244789,0
2683,109031,Garcia,671,France,Male,49,10,283700.73230543715,3,1,1,62623.92861031363,1
2684,105661,Williams,690,France,Female,55,2,227059.85425753408,4,1,0,47347.80279607319,1
2685,106142,Smith,633,Germany,Female,29,8,44796.91510036995,1,1,0,182677.34192415565,0
2686,105626,Jones,578,Germany,Male,48,2,79801.78804864251,3,0,1,156019.697534008,0
2687,108787,Garcia,650,Germany,Female,26,8,35092.27720730822,1,0,0,129402.34545725377,0
2688,108472,Garcia,636,Germany,Female,22,5,881.0469987067431,3,0,1,190236.89514162584,0
2689,100423,Miller,681,France,Male,62,7,60000.00877377341,4,1,1,138401.474493513,1
2690,106999,Miller,623,France,Male,61,8,138673.61503303,2,0,0,131273.19770149348,1
2691,104249,Garcia,530,Germany,Female,34,7,100558.65385206656,4,1,0,175290.53266304842,0
2692,101750,Brown,633,Germany,Male,18,10,261481.65857658055,1,0,0,160095.2207173636,0
2693,104757,Smith,682,France,Female,22,1,115764.34442432725,1,1,0,67392.15905554188,0
2694,101967,Garcia,668,Germany,Male,55,2,15228.584380243432,3,1,0,105681.75738955215,1
2695,104088,Johnson,638,Spain,Female,45,7,31036.16064054791,1,0,0,135503.42612734466,1
2696,104178,Jones,601,Spain,Male,23,4,13392.161555586279,1,1,0,56015.25027889873,0
2697,107789,Williams,596,France,Male,41,9,158345.57419622864,1,1,0,132022.68565339537,1
2698,102946,Miller,606,France,Male,27,3,300974.2185724546,3,0,1,150525.27320366274,0
2699,109641,Johnson,757,France,Female,18,5,25652.597759520064,4,1,0,61460.65849538108,0
2700,105394,Jones,555,France,Female,23,5,145039.9960048015,3,0,0,62408.314573825424,0
2701,107880,Davis,659,France,Female,55,6,57448.01089596522,1,1,1,198742.57120310617,1
2702,105075,Miller,524,France,Male,18,4,43883.76732678321,2,1,1,80495.88878157103,0
2703,107230,Brown,726,France,Male,36,0,433398.60699260957,2,0,1,16946.93918736244,0
2704,101531,Miller,596,France,Male,22,7,42446.36923476444,4,0,0,43614.787402116184,0
2705,102990,Smith,567,France,Male,56,0,108184.28311533688,4,0,1,153640.39851750087,1
2706,107155,Smith,671,France,Female,36,3,124756.97863515432,4,0,1,138528.4141809187,0
2707,104493,Jones,403,France,Male,54,2,148293.35550823907,4,0,1,168871.05928203976,0
2708,109335,Johnson,520,France,Male,28,2,198055.47229743228,4,1,1,135599.6594610768,0
2709,100933,Williams,686,France,Female,42,5,83514.09510740501,1,1,0,126074.7840932728,0
2710,101460,Brown,751,Spain,Female,29,7,92734.3686630698,2,1,0,146498.08378332396,0
2711,102723,Jones,695,Spain,Male,18,4,124180.40057246227,1,1,0,181360.85647600875,0
2712,100285,Davis,663,France,Male,26,5,16121.08716607802,4,0,1,147399.4681611806,0
2713,100264,Brown,850,Spain,Male,32,5,22320.65814432181,3,0,1,31777.864633561723,0
2714,106816,Smith,699,France,Female,19,0,144523.79214366007,2,1,1,161509.65529977894,0
2715,101762,Garcia,545,Germany,Male,50,6,14498.570470089691,2,1,1,196797.4012202844,1
2716,100040,Garcia,752,France,Male,26,0,116625.21101693816,1,1,1,12110.170962965842,0
2717,105827,Williams,585,Spain,Male,54,6,3295.104568061313,1,1,1,104230.99369425338,1
2718,108259,Brown,579,France,Female,27,7,41180.662088014884,3,0,1,18425.810346420316,0
2719,100987,Jones,511,France,Male,33,3,108543.27153504714,2,0,0,191542.28861534898,0
2720,107804,Williams,608,France,Female,26,7,122660.69763846749,2,1,0,192172.71036584515,0
2721,107789,Miller,527,Spain,Female,38,5,99456.81795729735,2,0,1,130275.54234707534,0
2722,105717,Miller,705,France,Female,26,5,58257.17252996031,4,0,1,106987.94187416355,0
2723,103198,Davis,637,France,Female,25,10,29393.03054235827,2,1,1,17911.64760286907,0
2724,105374,Johnson,513,France,Female,61,10,95010.01294190396,1,0,0,193665.80974307036,1
2725,104790,Garcia,641,Spain,Male,56,8,20453.375252587342,3,0,1,194564.46908233152,1
2726,107183,Jones,749,France,Male,68,5,6215.859862169248,4,1,0,151613.54389095787,1
2727,102524,Brown,812,Germany,Female,37,10,1979.729217605086,4,1,0,17029.48177404869,0
2728,109277,Williams,471,France,Female,18,4,31160.964556121096,2,0,0,161572.12070899998,0
2729,102479,Jones,572,Germany,Male,37,9,3042.446899806802,3,1,0,117458.71717814397,0
2730,109885,Williams,521,France,Female,27,9,28662.75249222323,1,0,1,194636.33257311498,0
2731,105154,Williams,685,France,Male,31,5,34165.338610907915,1,1,1,140093.86559090303,0
2732,100778,Williams,509,Spain,Male,38,7,42301.82161573707,1,1,0,191684.7426397697,1
2733,109777,Brown,755,Germany,Female,64,8,124994.7671206846,3,1,0,31215.457337702042,1
2734,101492,Jones,770,Spain,Male,40,9,58216.416101876224,3,1,1,153990.69426804013,0
2735,100660,Smith,731,Spain,Male,69,9,421997.22061449767,2,1,1,177895.97923660983,1
2736,101348,Smith,578,France,Male,28,10,294421.92971286585,3,0,0,131401.96944928437,0
2737,109491,Brown,584,Germany,Female,61,7,399200.2060026594,3,1,0,113561.63246381885,1
2738,107851,Miller,604,Spain,Male,41,7,53141.8875304408,2,1,1,157614.0525127283,0
2739,107156,Brown,760,France,Male,18,6,4520.930286420679,4,1,1,172663.20920314692,0
2740,102044,Garcia,480,France,Male,41,0,196824.12444203018,1,1,1,129021.05959310415,0
2741,107368,Williams,688,France,Female,49,3,57072.84458304174,4,1,1,150071.96632040662,0
2742,103516,Jones,556,France,Female,18,3,102488.30075722706,1,1,1,86927.57466336343,0
2743,109250,Jones,608,France,Female,34,2,185423.52576296573,4,1,1,77146.69042526241,0
2744,109168,Johnson,723,Spain,Female,31,3,93472.56874765991,3,0,0,50023.49808856853,0
2745,104577,Johnson,498,Spain,Male,53,1,133523.20757899623,4,1,0,129360.26198528199,1
2746,100727,Davis,622,Germany,Male,32,2,28601.452978542584,4,0,1,165673.71130976334,0
2747,107468,Smith,637,France,Male,33,2,21698.115922603713,2,1,1,136590.92375558242,0
2748,100342,Johnson,646,France,Male,25,9,81028.62384798998,3,0,0,85517.46825038445,0
2749,101447,Johnson,639,Germany,Female,24,0,101596.14166488023,3,0,0,197585.5831870636,0
2750,106581,Smith,705,Germany,Female,24,6,205402.03465301055,1,0,0,12744.025297149577,0
2751,106317,Garcia,604,Spain,Female,21,3,172259.9013579624,2,1,0,69967.66565617156,0
2752,100526,Miller,686,Spain,Male,20,7,451468.707011914,3,1,1,193997.28452730295,0
2753,106748,Smith,682,France,Female,61,8,339184.30079996743,4,0,0,84191.10043981532,1
2754,100405,Miller,678,France,Female,59,1,97686.32016956677,4,1,0,128424.24244686641,1
2755,107986,Davis,702,France,Male,56,1,70011.36920689531,4,1,0,56740.71169748784,0
2756,109765,Johnson,678,France,Male,40,1,142979.78988272787,3,1,1,141586.5699752104,0
2757,103740,Jones,641,France,Male,32,7,30296.16576437077,3,0,1,133808.38358996934,0
2758,101846,Johnson,523,Spain,Female,46,1,43444.51435869835,1,1,1,127854.76694924984,1
2759,101478,Williams,785,Spain,Male,61,5,145725.73794692787,1,1,0,82429.66166756484,1
2760,100771,Davis,819,Spain,Female,42,4,299514.66911946377,3,0,1,191764.28410206418,1
2761,105525,Miller,614,Spain,Female,33,9,225720.27756698834,4,1,1,132844.0967895149,0
2762,108770,Miller,695,Spain,Male,47,8,7564.767882119098,2,1,0,29075.653889428115,1
2763,100193,Williams,595,Spain,Female,89,1,26385.683708237833,1,0,0,150327.25781620012,1
2764,102007,Williams,577,Germany,Female,27,0,31923.8645238069,3,1,0,71787.8434823021,0
2765,101185,Garcia,655,France,Male,23,1,48319.25599853957,4,1,0,73784.52706481243,0
2766,102394,Brown,850,France,Female,57,9,7335.139310556838,1,1,0,54126.56269076373,1
2767,109984,Williams,809,France,Female,54,4,26251.219609255637,1,0,1,133666.11178013522,1
2768,109302,Miller,794,France,Female,23,7,125928.4288335218,3,1,0,191666.83745555006,0
2769,104005,Jones,701,Spain,Male,43,7,28031.097612364847,4,1,1,165821.444415385,0
2770,107429,Miller,558,France,Female,33,1,285669.761802892,1,0,1,185691.85453126044,0
2771,102261,Miller,753,France,Male,20,4,54997.17974734588,1,1,1,186944.23378633446,0
2772,103736,Garcia,365,France,Male,21,1,10501.141821676169,3,1,1,11872.244746125496,0
2773,106716,Brown,689,France,Female,30,6,184942.47668876912,1,1,0,129210.85833900249,0
2774,104875,Brown,759,France,Male,41,9,247101.4900028617,3,0,1,186819.85799987873,0
2775,108921,Williams,665,France,Female,49,7,263266.1350190584,3,1,0,115472.72070987686,1
2776,104378,Davis,815,France,Male,33,4,68107.86769871121,3,1,0,139735.4410881682,0
2777,107815,Johnson,507,France,Male,34,10,253213.6147929587,1,1,1,93866.29809483147,0
2778,103451,Miller,810,Germany,Female,47,0,123508.17790971216,2,0,1,172079.4069826226,1
2779,107616,Smith,634,France,Male,34,6,21767.819414060225,4,0,1,42352.921520783086,0
2780,109836,Johnson,795,Germany,Female,35,2,76183.81399191181,4,0,1,28937.22094313307,0
2781,102800,Johnson,752,France,Female,56,1,56712.01184544506,4,1,1,81788.5586416962,1
2782,108333,Brown,801,France,Female,33,5,59975.41184427644,2,0,1,26443.807687931985,0
2783,105410,Brown,747,Germany,Female,29,1,53329.12195415576,1,1,0,38257.94049171255,0
2784,101455,Garcia,719,France,Female,29,9,19270.430096640892,1,1,1,41253.999869896616,0
2785,106892,Garcia,786,France,Male,36,7,49435.004970418486,4,0,1,12513.73523408501,0
2786,105808,Brown,655,Spain,Female,58,2,71744.26593718589,3,1,1,164966.3111433516,1
2787,106796,Jones,710,Germany,Female,45,1,33641.62662838171,4,1,0,179736.20971387922,1
2788,104796,Jones,649,France,Female,37,7,19461.763957189916,2,1,1,19132.701455678707,0
2789,105093,Smith,581,Spain,Female,37,5,22094.024357966468,2,0,0,55486.75863705226,0
2790,101325,Brown,702,Spain,Male,50,3,21439.481895023757,1,1,1,75845.66156044845,1
2791,104976,Williams,669,France,Male,37,4,59194.59217092445,3,1,1,161977.84505518858,0
2792,109405,Garcia,775,Spain,Male,37,9,23455.783489071575,1,1,1,55529.90578327717,1
2793,101159,Brown,630,Spain,Male,43,6,126346.4623432776,1,1,0,86801.29153049241,1
2794,104650,Jones,573,France,Female,28,3,40891.263604371874,2,1,0,195047.68391450602,0
2795,104987,Brown,774,Germany,Female,68,10,280320.1319154464,1,1,1,167538.1962007664,1
2796,104697,Jones,656,France,Female,67,6,6478.303128866241,2,1,1,30358.72278212073,1
2797,100340,Brown,570,Germany,Female,40,5,37099.511885516826,1,1,1,71785.9621801088,0
2798,103828,Miller,788,Germany,Female,37,4,134074.91010021477,2,0,1,120285.9118889121,0
2799,101968,Williams,742,France,Female,25,2,115449.51813546942,2,1,1,140244.18250734868,0
2800,100703,Davis,834,Spain,Female,40,0,54581.77937657988,4,1,0,133038.88777538945,0
2801,105482,Smith,615,Spain,Female,24,7,204174.28373219963,2,1,1,27482.688094970952,0
2802,106376,Miller,601,Spain,Female,36,10,7404.709377055031,2,1,1,198712.95017130772,0
2803,101800,Williams,541,France,Female,50,6,71151.08402542675,3,0,0,46051.54288789101,0
2804,105463,Jones,593,France,Male,54,5,22366.093940035204,2,1,1,44699.99236673233,1
2805,104912,Garcia,611,Spain,Male,60,3,46831.45335287806,3,1,0,57155.65249828775,1
2806,104648,Garcia,718,France,Female,45,4,120085.14565403922,3,1,0,88964.27933869317,0
2807,100855,Johnson,557,France,Female,25,4,10421.931196826848,1,1,1,72034.47496076353,0
2808,102866,Williams,583,Spain,Male,61,1,4475.8552802245,2,1,0,108052.1140262028,1
2809,100182,Brown,819,France,Female,53,5,54615.96786324756,1,0,0,183172.7541103482,0
2810,103112,Smith,356,France,Female,32,10,31666.01073151241,1,1,0,19207.636807129536,0
2811,105670,Brown,698,France,Female,24,4,127482.45567909838,2,1,1,84482.96017345416,0
2812,104492,Brown,520,France,Female,41,0,6779.779414439072,2,1,1,197323.67818282856,1
2813,105823,Williams,569,France,Female,58,8,339637.21775483614,4,1,0,58300.230623320196,0
2814,101517,Davis,792,France,Male,32,6,96956.54244708238,1,1,1,165797.89771125428,0
2815,105002,Smith,657,France,Female,41,10,69568.18017992644,1,1,1,85435.97568023339,0
2816,101356,Johnson,850,Spain,Male,47,1,53196.35641999333,4,0,1,183082.56104863825,1
2817,103629,Miller,712,France,Female,18,5,138232.32144329397,2,1,0,131590.37587375575,0
2818,103628,Brown,567,Germany,Female,29,0,44055.94522461966,4,1,1,179883.9413769528,0
2819,108210,Smith,705,France,Female,63,1,150034.99583077623,3,1,0,131165.76454607863,1
2820,106132,Johnson,762,Germany,Male,18,6,124026.51915895546,3,1,0,179319.1009742929,0
2821,109324,Miller,702,Spain,Male,57,2,80150.98885093517,1,0,1,181924.17892597732,1
2822,106588,Brown,628,Germany,Female,56,6,219527.8907199912,4,1,0,68025.5381305127,0
2823,103311,Smith,480,Germany,Male,45,5,42462.6200438845,3,1,1,169621.86896916633,1
2824,106048,Miller,617,France,Male,41,4,5959.095800524312,1,1,1,169854.32470121872,0
2825,106246,Williams,816,France,Male,18,9,47192.73249335452,2,0,1,144424.292269859,0
2826,100987,Davis,570,Spain,Female,46,8,208212.44558703506,1,1,0,57015.59582603575,0
2827,103321,Garcia,608,Spain,Male,32,9,8046.808145726924,3,0,1,31901.209231596396,0
2828,104615,Garcia,749,Germany,Male,57,4,144034.080760224,3,1,1,128024.31255065495,0
2829,108365,Brown,711,Spain,Male,44,4,174445.01550087263,3,0,1,134786.6677370984,0
2830,103741,Brown,519,France,Female,18,7,55853.36092441091,2,1,0,194381.43208061546,0
2831,103052,Miller,639,Germany,Male,27,6,21631.611048216488,4,0,0,86598.5366317548,0
2832,106574,Smith,790,France,Male,18,0,43930.46897943519,2,1,0,147749.80317143525,0
2833,100726,Garcia,652,Germany,Female,19,9,50828.16216853564,2,1,0,177223.7186597729,0
2834,103760,Brown,793,France,Female,51,1,269206.1807891747,3,1,1,162087.504531217,0
2835,105806,Johnson,798,Spain,Female,35,3,33494.486529830625,2,0,1,87751.60297090567,0
2836,101875,Brown,557,Spain,Male,28,8,359767.2933912918,2,1,0,56698.86593906841,0
2837,106993,Garcia,620,France,Female,38,6,11520.934586766307,2,0,0,17608.052589511175,0
2838,104033,Jones,715,Germany,Female,33,1,365079.0989461157,4,1,0,154413.07418640214,0
2839,105443,Davis,496,Spain,Male,41,10,25272.592294445923,1,1,0,84078.54043927201,1
2840,100989,Garcia,627,France,Female,70,7,18363.409141365602,3,0,0,106136.75020659348,1
2841,103744,Johnson,704,France,Male,38,0,12794.75090997394,3,1,1,196654.7877240376,0
2842,108611,Smith,587,France,Female,55,7,38017.57334790211,3,1,0,12481.957482931119,1
2843,100593,Johnson,708,France,Female,18,4,95857.63276801824,2,1,0,63490.676997166076,0
2844,101774,Jones,589,Germany,Male,33,0,109760.28482578186,4,1,1,196431.0084984255,0
2845,100935,Jones,588,France,Male,20,2,46196.41981498947,2,1,0,103518.38961253577,0
2846,103808,Brown,724,France,Male,42,10,26234.979531123077,2,1,1,188246.39841655665,0
2847,100331,Brown,786,Germany,Male,50,6,530410.2575694737,1,1,0,171994.56806703346,1
2848,107922,Garcia,578,Spain,Female,52,6,31551.53748183353,1,0,1,145664.095375871,1
2849,102702,Williams,528,Spain,Female,37,7,47528.23688822695,4,0,0,146058.8501062453,0
2850,105889,Davis,646,Germany,Male,57,10,65581.19536457799,1,0,1,12454.615719773801,1
2851,105054,Johnson,696,France,Female,43,10,134549.05085424572,4,0,1,67576.60446629558,0
2852,103868,Garcia,577,France,Male,47,3,16498.63623053241,2,1,1,94644.48796868071,1
2853,104200,Williams,816,France,Female,31,5,30942.9048436962,2,1,1,109517.93576947041,0
2854,100201,Garcia,635,Germany,Male,31,6,577818.7090379891,3,1,0,95206.77371468178,0
2855,102497,Davis,577,France,Male,34,7,174387.85771416518,1,1,1,93819.51937911006,0
2856,101842,Davis,843,France,Male,58,2,58675.91414443796,2,0,1,174106.79231364976,0
2857,109101,Jones,776,Spain,Male,31,4,11506.202093834814,1,1,0,194264.90414037515,1
2858,104658,Brown,577,France,Female,18,7,201521.80674241576,4,0,1,171171.5725196713,0
2859,107544,Brown,756,Spain,Male,35,5,152787.73503057644,1,1,1,141801.8629161888,1
2860,107718,Davis,584,Spain,Male,30,0,86913.93044210492,2,0,1,150306.45592355952,0
2861,100770,Garcia,726,France,Female,54,1,51828.18645807881,4,0,1,150502.1028491374,0
2862,103155,Davis,827,Spain,Female,41,2,274287.0750363539,1,1,1,162254.04214194955,1
2863,101628,Brown,529,France,Male,45,6,35049.53378784136,1,1,1,22116.013692851895,0
2864,100386,Smith,596,Spain,Female,55,9,38700.76889391047,2,0,1,25671.11556209958,1
2865,106031,Garcia,598,France,Female,43,2,208372.65709130248,2,1,0,29927.704468307085,0
2866,106439,Jones,676,Spain,Male,24,8,98441.55533918658,4,1,0,183257.99798179453,0
2867,106401,Miller,697,Germany,Male,44,8,301390.51135484845,1,1,1,128734.05727291107,1
2868,104008,Garcia,641,Germany,Male,57,10,103566.90617600945,3,1,0,97368.61525920355,1
2869,102466,Garcia,481,Germany,Female,39,7,3354.736091476574,4,1,1,156701.64265641372,0
2870,102282,Brown,526,Spain,Female,40,8,19455.135004574062,3,1,0,53051.833612329756,1
2871,101856,Jones,561,Spain,Female,31,7,33101.91737664608,3,0,0,163254.53992968664,0
2872,107980,Garcia,705,Germany,Male,42,8,201936.8964506587,4,1,0,76744.38416598558,0
2873,101998,Brown,510,Germany,Male,45,3,177700.1863767983,4,1,1,131122.57299210143,0
2874,105476,Davis,558,France,Female,56,3,156220.63996571745,4,1,0,197628.29153464077,1
2875,109428,Johnson,536,Spain,Male,65,4,80640.0138631308,4,1,1,25123.661022851695,1
2876,104669,Jones,684,Germany,Female,46,6,14961.425927571445,2,1,1,191982.73925313485,0
2877,109342,Williams,763,Spain,Female,61,8,14064.3211663512,3,1,1,156241.92429939675,1
2878,104318,Smith,665,Germany,Male,44,3,13478.011502876469,2,1,0,95504.96200929375,0
2879,107064,Williams,849,France,Male,48,6,192834.9177939675,1,1,1,30898.811846550907,1
2880,107446,Miller,665,France,Female,77,5,15263.509840449376,2,1,1,32626.219649188206,1
2881,101431,Davis,640,France,Male,37,8,165301.0635934726,4,1,1,121317.58249849448,0
2882,105624,Jones,571,Germany,Male,22,8,186271.57403314966,3,1,1,110581.41665504065,0
2883,107461,Garcia,670,France,Male,72,8,11096.971149712093,3,1,0,112455.39244923332,1
2884,101819,Brown,567,Germany,Male,49,4,232282.00593293936,3,1,1,63949.0709158383,1
2885,101130,Miller,552,France,Male,21,2,227826.4847945235,3,0,1,28871.737946171914,0
2886,106563,Jones,549,France,Male,36,5,101669.62370227012,4,1,1,162204.25530595653,0
2887,102658,Smith,627,France,Female,45,1,71951.0894720978,3,1,0,53364.09299037403,1
2888,103500,Jones,599,France,Male,27,6,104215.33019362116,1,0,0,133179.39448837854,0
2889,108566,Miller,850,France,Female,20,6,51888.49557730596,1,1,1,80320.77718010727,0
2890,102120,Brown,670,Germany,Female,51,1,88833.58201746966,1,0,1,131039.07082587483,0
2891,104020,Williams,669,France,Female,18,5,349085.73329033394,1,1,1,156546.66492192718,0
2892,103259,Johnson,594,France,Male,31,3,12023.703782797058,2,1,0,48128.88812980678,0
2893,101823,Williams,850,Spain,Female,30,6,26630.01092799784,3,1,1,14166.950880188037,0
2894,101474,Brown,557,France,Male,24,7,74252.70381376157,3,1,1,64167.78837209154,0
2895,102242,Miller,602,Spain,Female,33,9,29922.652112975375,1,0,1,192696.65767785878,0
2896,103243,Brown,749,Spain,Female,36,10,492943.85179489205,1,1,1,46080.71160175081,0
2897,106990,Davis,670,Germany,Female,18,0,127393.17667372698,4,1,1,100763.25156102708,0
2898,105160,Smith,522,Germany,Male,43,4,56911.954304022795,4,1,1,81932.38048093245,0
2899,103134,Jones,652,France,Female,51,8,233038.5742829467,4,0,1,69901.13892482899,1
2900,102070,Davis,717,France,Female,61,1,15600.715777159077,1,1,1,149294.63545461322,1
2901,100359,Jones,701,France,Male,38,3,33954.392167264305,4,1,0,147552.74497105685,0
2902,101141,Williams,716,France,Female,18,7,312205.00200240937,2,1,1,158566.55409532177,0
2903,101635,Miller,850,France,Female,51,4,81412.2171618201,2,1,1,75485.07230600514,1
2904,104000,Johnson,677,Spain,Female,40,7,253405.15170387313,1,0,1,79259.61220731649,0
2905,103361,Johnson,729,France,Female,50,9,414821.7255122084,3,1,1,114688.33343969508,1
2906,106583,Smith,407,Germany,Female,40,9,44664.04246124857,2,0,1,12295.165619999894,1
2907,107835,Brown,836,Germany,Female,47,0,85916.62966862321,4,0,0,191292.67134023536,1
2908,100006,Smith,656,France,Male,25,6,187532.35808064404,1,0,1,55753.69833745318,0
2909,103267,Jones,563,France,Female,21,5,31847.272878426735,1,1,0,44056.6756834766,0
2910,106564,Garcia,630,France,Male,37,1,59195.296317635,1,1,1,131670.03095274008,0
2911,109783,Garcia,716,Germany,Male,38,6,16643.209186679887,3,1,0,171373.1163693926,0
2912,104928,Garcia,753,France,Male,26,2,105709.71479387055,4,0,1,132531.0851318059,0
2913,102606,Brown,640,Germany,Male,27,3,420.3226617970548,4,1,1,130130.0955638914,0
2914,105906,Smith,710,Germany,Female,26,10,59658.012910225436,4,0,0,103598.71232004964,0
2915,103273,Davis,623,Spain,Female,56,5,264711.9630594508,2,0,1,179396.3994305919,1
2916,107611,Miller,699,France,Male,24,2,227596.71317468237,4,1,0,193815.6340955933,0
2917,100913,Williams,670,Germany,Male,46,0,162846.6746137814,4,1,1,123735.33549095846,0
2918,102011,Jones,680,France,Female,27,9,15217.159708447562,3,1,0,26442.554014318768,0
2919,101442,Garcia,618,France,Female,45,0,73451.11040399199,4,1,1,30588.679354814474,0
2920,105546,Miller,690,France,Female,59,5,126989.57805832267,2,1,1,90568.70277264726,1
2921,101829,Johnson,567,Germany,Male,55,3,10666.534516801568,3,0,1,104323.10355648867,1
2922,108767,Davis,669,Spain,Male,34,6,15900.036396753118,2,1,1,132272.04165297997,0
2923,106468,Smith,586,France,Male,43,8,4089.0417831093746,3,1,1,198739.932168062,0
2924,100929,Jones,550,Germany,Female,32,7,39019.275712323484,4,0,1,144941.8136334289,0
2925,103699,Jones,579,France,Male,53,2,209819.4974707818,4,0,0,176124.58307883822,0
2926,109655,Johnson,629,Germany,Male,37,6,70821.16318315976,1,0,0,189208.3322358189,0
2927,101054,Davis,597,France,Female,59,0,191916.59574105317,3,1,1,48447.734166711794,1
2928,105744,Johnson,689,France,Female,24,1,8735.707872181616,1,0,0,74445.91569551332,0
2929,101900,Johnson,657,Germany,Female,27,8,5773.794396667115,4,1,0,141203.55279929555,0
2930,109649,Garcia,751,Germany,Female,48,9,162913.5997786497,4,1,1,134603.06685734473,0
2931,106980,Davis,641,France,Female,45,7,68865.75910889414,3,1,1,91321.88098224967,0
2932,107069,Garcia,668,Germany,Male,66,6,63663.27245661655,1,1,0,172499.60237554266,1
2933,109591,Smith,836,France,Male,35,10,64559.44992535071,4,0,0,196401.5682827793,1
2934,103415,Johnson,606,France,Female,30,9,47976.512797419324,1,1,1,86643.58595864763,0
2935,100442,Williams,621,France,Male,30,1,217511.66540859485,3,0,0,77037.84637790253,0
2936,106218,Jones,770,Spain,Female,34,1,73604.86899936105,3,0,1,65878.02146880423,0
2937,104652,Davis,554,Spain,Male,44,6,364533.6197909784,3,1,0,117329.0956624042,0
2938,107939,Johnson,781,France,Female,18,6,187422.37672342992,3,1,1,126932.44036350516,0
2939,107833,Davis,626,Germany,Female,20,5,133777.4773212173,4,1,1,45878.16085132617,0
2940,109370,Jones,566,Germany,Male,42,9,101117.2952973123,4,1,0,64715.27584728248,0
2941,107597,Brown,740,Spain,Female,44,4,180284.1985445671,3,1,0,34322.360651817035,0
2942,104458,Miller,624,Spain,Female,34,5,213479.11220336554,1,1,1,181979.25604611327,0
2943,106591,Brown,832,Germany,Female,45,8,14299.415487219261,1,1,0,133759.07179250193,0
2944,109449,Johnson,658,France,Male,18,3,44588.24679670507,4,1,0,116341.93855314239,0
2945,102309,Jones,657,France,Male,27,9,163706.07219834192,2,1,1,185633.9813004746,0
2946,106268,Miller,591,Germany,Female,27,0,25013.668764198137,2,1,1,196733.49073462744,0
2947,100910,Brown,635,Spain,Male,25,8,88236.78371533817,2,1,1,16264.410828113036,0
2948,104340,Johnson,622,France,Male,51,7,151617.76041306517,4,1,1,160459.7792387088,0
2949,104009,Jones,783,Spain,Female,53,10,25352.2714467969,3,0,0,113102.1993410252,1
2950,106628,Johnson,678,Germany,Male,18,1,51418.80769296253,4,0,1,12044.671902992382,0
2951,102169,Garcia,720,France,Female,18,3,246646.58260404266,3,0,1,92528.4608138638,0
2952,102172,Jones,659,Germany,Female,40,2,44006.02161725537,3,1,1,157384.52451057738,0
2953,105668,Brown,608,France,Female,30,2,92816.07306384818,3,1,0,151533.737398816,0
2954,106313,Johnson,687,Germany,Female,36,5,56888.714270497876,4,0,0,186314.12323406324,0
2955,108315,Davis,809,Germany,Male,43,6,209584.75784299723,1,0,0,128667.23955812279,1
2956,108036,Brown,545,Spain,Female,65,7,55190.3923786228,1,1,1,54208.92821990731,1
2957,106789,Johnson,691,Spain,Male,37,6,44508.09595410605,4,1,1,148401.83609115044,0
2958,100785,Davis,799,France,Male,51,8,19028.018792798823,1,1,0,196456.7114211708,1
2959,106139,Davis,568,France,Male,32,1,42961.77738233198,2,1,1,178381.53246625385,0
2960,106344,Smith,742,Spain,Female,45,9,110731.32024646626,2,1,1,11980.054112336351,1
2961,102416,Davis,742,Germany,Female,49,3,19335.520212949854,1,0,1,92921.34208093143,1
2962,108988,Brown,520,Spain,Female,31,1,122204.91867812477,1,1,1,50776.54766248526,0
2963,104154,Brown,761,France,Female,28,10,1070.411582975622,1,0,0,104559.07718323091,0
2964,105619,Williams,590,Spain,Female,31,2,45721.06185236165,1,1,0,85400.19073685328,0
2965,101936,Miller,685,France,Female,52,9,62723.74074059706,1,1,1,117488.81563752248,1
2966,103807,Garcia,752,France,Female,49,0,10105.90448015561,4,0,1,167194.1895228362,1
2967,107151,Brown,770,France,Male,18,7,115232.1340454108,2,1,1,132679.68065102032,0
2968,109493,Jones,496,Spain,Male,32,4,10842.84495770553,3,1,0,79014.87237137085,0
2969,103236,Miller,828,Germany,Female,45,4,9426.869221046241,4,1,0,75279.81225111973,1
2970,102352,Davis,791,Spain,Female,62,7,45876.003057174596,3,1,1,51143.694428257695,1
2971,101932,Johnson,755,Germany,Male,37,10,134055.03742059844,1,1,1,108703.23561391346,0
2972,108556,Smith,686,France,Female,44,8,331524.79585368617,3,1,0,164373.7970653417,1
2973,104916,Jones,606,Germany,Male,40,8,149618.88430691112,4,1,0,11771.17702102251,0
2974,105498,Miller,541,France,Male,31,9,62736.8223897801,1,1,0,145079.64366991923,0
2975,100946,Jones,487,Germany,Female,18,8,31827.511143846965,1,1,0,107115.33920894314,0
2976,109569,Jones,714,France,Female,20,1,35869.66044123638,4,1,1,173622.23079515077,0
2977,101439,Jones,755,Germany,Male,50,6,33365.42874034708,3,0,1,107841.04471099262,0
2978,107730,Miller,641,Germany,Male,40,6,32617.730389049266,4,1,0,177157.09978384935,0
2979,104857,Smith,603,France,Female,27,3,7159.910877055549,3,1,1,150879.72369761983,0
2980,100340,Davis,656,France,Male,18,4,24903.319977578096,3,1,0,103066.31457962838,0
2981,100382,Williams,585,France,Female,50,5,11420.785270947546,4,1,1,67817.22129031448,1
2982,109748,Garcia,652,Spain,Female,24,6,740.1097190566667,1,0,0,195170.6779396904,1
2983,108491,Davis,580,France,Female,49,1,33631.46231706562,2,1,1,50968.028657549374,0
2984,100138,Brown,711,Germany,Female,37,9,43415.9946291663,1,1,1,158270.51144944708,0
2985,100358,Miller,774,France,Male,38,1,262325.07570860564,4,0,0,140495.44906258443,0
2986,104931,Jones,700,France,Female,65,1,526327.8470964506,4,0,1,88939.21250942547,1
2987,109714,Davis,641,Germany,Female,18,4,86616.23060627311,4,0,1,146927.98822459864,0
2988,103456,Brown,748,Spain,Male,25,5,231246.8891980989,3,0,1,36010.845272761806,0
2989,101627,Miller,651,Germany,Male,62,10,96292.65576687732,1,1,1,56997.66404401075,1
2990,109495,Brown,745,Germany,Male,53,5,68831.46929979813,2,1,1,147081.8657111993,1
2991,106626,Jones,586,Spain,Female,35,2,4362.09578453969,4,1,0,35681.95435260603,1
2992,105004,Williams,599,France,Male,67,3,4562.112002403798,4,1,1,182303.5092723382,1
2993,109326,Miller,551,France,Male,54,6,3128.165829327166,2,1,1,124169.62454056245,1
2994,106652,Brown,603,France,Female,31,6,16261.342677351598,1,1,1,24976.243943136244,0
2995,106416,Johnson,748,France,Male,22,5,8001.98859132593,1,0,0,156416.55558810674,0
2996,103170,Brown,562,Spain,Male,59,0,21651.388054997766,4,1,1,94018.46797864782,1
2997,103835,Garcia,419,Germany,Male,26,9,73232.43855495156,4,1,1,67411.8381126761,0
2998,108017,Jones,608,France,Male,42,5,69956.94875075284,2,0,1,111693.64659319322,0
2999,102151,Smith,532,Spain,Female,61,0,42187.317222170364,3,0,1,153101.34222681567,1
3000,109429,Brown,599,Spain,Female,41,10,109653.96482574892,3,1,0,183209.982215109,0
3001,106905,Williams,850,France,Female,39,4,49745.468186503604,1,1,1,71950.7761932958,0
3002,102834,Johnson,561,Spain,Male,18,5,24876.936943866574,4,1,0,142405.97984971976,0
3003,109190,Johnson,713,France,Male,53,6,117815.26775100335,4,1,0,75873.25746727618,0
3004,102567,Smith,641,Spain,Male,18,7,392227.7781375475,3,0,1,14101.242770587292,0
3005,101307,Davis,687,France,Female,59,8,166444.95293093025,4,0,1,192970.90253405715,0
3006,108848,Garcia,599,Germany,Male,18,5,53452.35509643677,3,1,1,67737.78086591249,0
3007,102660,Smith,766,France,Female,26,10,47107.343926578615,1,1,0,99092.06131595552,0
3008,103730,Garcia,692,Spain,Female,56,6,3941.539509132763,3,1,1,133883.8646254353,0
3009,106207,Brown,695,France,Male,60,3,107023.6665093314,2,1,0,139656.76165736883,1
3010,103162,Jones,659,France,Male,40,9,25183.108003135672,1,1,1,166576.42841579395,0
3011,101140,Williams,775,Germany,Male,33,6,115048.89688047524,2,1,1,83536.10441280482,0
3012,108458,Johnson,706,Germany,Female,41,9,142782.23885039787,4,1,0,144896.89007740404,1
3013,101708,Smith,687,Germany,Male,18,0,211856.55209249575,3,1,1,127498.58013279564,0
3014,103630,Williams,715,Germany,Male,55,2,79462.63683021495,2,0,0,197210.53012993798,1
3015,103211,Garcia,474,Spain,Male,29,0,177182.51190203737,4,1,0,150936.016751921,0
3016,106538,Jones,668,France,Male,35,10,128440.696308402,2,1,0,189581.20212824043,0
3017,109702,Johnson,643,France,Male,40,7,43537.98833283255,2,1,0,64993.75103977966,0
3018,100475,Johnson,766,France,Female,43,2,11252.930727331659,2,1,0,97506.37643020267,1
3019,107684,Garcia,579,Spain,Male,45,6,27729.61223482645,2,1,1,111304.59684688473,0
3020,109168,Jones,670,France,Female,57,1,186161.03326467317,1,0,0,171391.092987555,1
3021,101207,Johnson,842,France,Female,58,4,76447.51431353358,1,0,0,91599.30251928123,1
3022,101960,Jones,647,Germany,Male,38,2,109530.53449216776,2,1,1,116543.12353251867,0
3023,100557,Johnson,516,France,Female,50,9,164027.95344861623,4,1,0,37440.34330938051,1
3024,100882,Brown,850,France,Female,52,2,109974.14520717358,2,1,1,47843.906403109766,1
3025,104761,Garcia,578,Germany,Male,18,4,193832.1234516281,3,1,1,85215.10297311195,0
3026,105867,Jones,546,France,Female,32,7,9031.81970091794,1,0,0,21095.38113715963,0
3027,106963,Williams,549,Germany,Female,25,1,233973.5478405934,1,0,1,25968.642304589568,0
3028,107166,Davis,722,France,Female,39,10,167462.67795615748,3,1,1,144268.46230876332,0
3029,107929,Brown,779,France,Female,57,3,233312.19572105847,3,0,1,24951.454915995935,1
3030,105347,Miller,826,Spain,Male,50,3,131251.62172385724,1,1,1,11932.37611547862,1
3031,107269,Williams,651,France,Female,51,10,32074.751622282278,3,1,1,23377.40500586691,0
3032,109802,Garcia,551,France,Male,33,4,12090.216042450542,1,1,0,131935.11623338473,0
3033,108125,Johnson,593,Spain,Female,33,5,13884.622042201336,4,1,0,117489.0213720263,0
3034,102454,Miller,653,France,Female,29,8,69095.90908468082,4,1,1,165096.79445930856,0
3035,104494,Williams,647,France,Male,25,4,49583.25991650734,2,1,0,50320.06752419795,0
3036,101946,Brown,780,France,Female,47,9,106194.51034875882,1,0,1,122609.0759433354,0
3037,102808,Miller,518,Germany,Female,30,7,69972.40416123407,3,0,1,163615.0339385556,0
3038,106642,Miller,538,France,Male,19,4,13389.717081831426,1,0,0,146985.49705244513,0
3039,103825,Jones,619,Germany,Male,43,2,224.80363098315348,2,1,1,71510.44296823288,0
3040,103536,Smith,686,France,Male,40,5,13732.503202202734,2,1,0,127994.03747661281,0
3041,106068,Williams,605,France,Male,43,3,15868.973315933918,1,0,0,149453.85142675793,0
3042,103802,Smith,597,Germany,Male,60,4,127267.47349529117,2,1,1,165901.2785091072,1
3043,104699,Garcia,767,France,Male,39,7,33586.58785716486,2,1,1,197839.1843294935,0
3044,101970,Williams,697,France,Male,29,10,9831.532268639703,1,0,1,86861.21602196588,0
3045,105806,Williams,551,Germany,Male,29,10,140804.52026516243,2,1,1,17290.205358834308,0
3046,106142,Jones,599,Spain,Female,24,3,282154.38672709913,4,0,1,110205.41889542712,0
3047,102819,Johnson,701,France,Male,27,6,10589.652918950933,1,1,1,72179.35531565514,0
3048,109094,Brown,523,France,Female,20,2,329843.52231444576,2,0,1,68485.89219825536,0
3049,100364,Brown,701,France,Female,40,3,300104.1488096808,3,1,1,140333.5336008808,1
3050,104258,Brown,615,Spain,Female,28,7,74048.54244260414,1,1,0,19760.51668859594,0
3051,103119,Davis,686,Spain,Male,40,7,35064.38459510879,4,1,1,113610.79026706777,0
3052,101863,Garcia,661,Spain,Male,33,8,14860.694448634244,3,1,1,131190.799885032,0
3053,100115,Miller,538,France,Female,37,3,173643.94420212467,3,1,0,148414.43447401546,0
3054,107084,Johnson,586,France,Male,65,9,92821.13396208857,4,0,0,192942.47231304293,1
3055,108016,Smith,794,France,Male,56,3,105353.93604111118,3,1,1,13242.394654579015,0
3056,102384,Brown,850,France,Male,18,4,197239.55856946087,4,1,0,110221.0312441391,0
3057,103935,Davis,475,Germany,Male,29,4,58688.66230374905,4,1,0,176245.72214557993,0
3058,107742,Smith,754,France,Female,18,2,45903.74320017755,2,0,0,49999.19542075649,0
3059,105442,Johnson,679,Germany,Male,32,0,143676.5664671058,1,0,0,195490.04832711504,1
3060,102490,Garcia,850,Spain,Female,43,9,35271.16576172034,1,1,1,47422.92565596207,1
3061,106980,Johnson,594,France,Male,55,0,39738.65861363064,3,1,1,131615.3919850593,1
3062,109134,Jones,739,Germany,Female,54,7,47979.74096030089,3,1,0,25653.757701717317,1
3063,107661,Miller,619,France,Female,43,3,194043.1210827529,2,1,0,109396.05302816532,0
3064,101724,Brown,778,France,Male,25,10,151011.50384494817,1,1,0,58778.22268611894,1
3065,108182,Garcia,850,France,Male,51,9,34448.9316510405,1,1,1,70201.96122039123,1
3066,102767,Jones,671,France,Female,39,10,15503.215655724534,2,1,0,81304.97243747776,0
3067,101137,Brown,536,France,Female,41,1,49888.58226300635,4,1,1,55563.94829919704,0
3068,104117,Johnson,791,Germany,Male,68,5,97963.4623136835,4,1,1,174917.223161516,1
3069,103420,Johnson,706,Spain,Male,24,8,112777.42812974764,1,1,0,40244.60831995723,0
3070,105845,Davis,687,France,Male,70,4,22368.134470105542,3,1,1,92617.26413130846,1
3071,104778,Williams,808,Spain,Male,65,2,28688.492639565848,3,1,1,196467.31543649302,1
3072,103906,Williams,536,Spain,Female,40,3,266070.7070171287,1,1,0,122337.41082401508,1
3073,103637,Johnson,578,Germany,Male,41,1,48623.02759078607,3,0,1,130522.97848149505,0
3074,102953,Johnson,709,France,Male,28,6,37708.55961506832,1,1,0,148969.69811573246,0
3075,105929,Smith,576,France,Male,41,3,118977.4879377187,1,1,1,174965.85561487355,0
3076,100276,Davis,618,Germany,Female,40,3,63088.078008828095,2,1,0,166135.1610756166,0
3077,101999,Miller,777,Spain,Male,28,7,28342.70629022102,2,1,0,80181.45363368723,0
3078,101227,Smith,693,France,Female,28,9,52644.21884061807,1,1,1,169378.1503536497,0
3079,106337,Miller,532,Germany,Male,35,4,15571.305570264249,3,0,0,50160.440198215365,0
3080,103735,Jones,690,France,Female,38,2,32789.827904164646,2,1,0,87824.88616039597,0
3081,100695,Williams,773,Germany,Female,18,5,54207.99040668128,3,1,0,137452.37828792856,0
3082,109501,Williams,667,France,Male,55,7,72979.84711673466,1,1,1,57669.78125902417,1
3083,104152,Davis,737,Germany,Female,31,9,135346.84910767496,3,1,1,78410.6325364342,0
3084,107901,Johnson,598,Germany,Female,34,0,48604.12942341686,1,1,1,108123.3055589115,0
3085,107470,Johnson,675,France,Male,41,8,78900.77571673067,3,0,1,57038.2721967347,1
3086,107537,Jones,492,France,Female,34,3,301606.35369165154,1,1,1,154911.0100919649,1
3087,102841,Garcia,712,Spain,Male,56,4,170548.7970534622,2,0,0,148832.34005060827,1
3088,104208,Garcia,686,Germany,Male,34,9,27050.88140245331,2,0,1,185314.73767046334,0
3089,108733,Davis,520,Germany,Male,30,2,24014.136395518104,3,0,1,23949.915857146014,0
3090,101088,Garcia,802,Germany,Female,48,8,108677.21555508154,4,1,1,181154.33927544966,0
3091,103363,Williams,707,Spain,Female,50,5,90468.31977359079,3,1,1,14564.59387747702,0
3092,100024,Smith,580,France,Female,76,0,79158.2751098686,4,1,0,166826.62911086206,1
3093,109764,Garcia,715,Spain,Female,18,8,16743.780851507316,2,0,1,59982.32009252585,0
3094,106144,Brown,551,France,Male,40,10,45038.55659704444,4,1,1,134561.39322516398,0
3095,105668,Davis,565,France,Female,49,4,142449.7023182159,2,1,1,137676.11384907895,0
3096,104236,Jones,552,Germany,Male,25,2,128586.3038590326,1,1,0,84303.93050835504,0
3097,109959,Garcia,549,Spain,Female,60,3,18053.173276189445,2,1,0,50546.92155881173,1
3098,108068,Brown,693,France,Female,28,4,55662.50598719758,1,1,1,18443.89424837123,0
3099,102235,Garcia,659,France,Female,40,0,58467.582592008446,2,1,1,120747.77167306069,0
3100,107295,Smith,724,Germany,Male,55,9,71045.98412238873,4,1,0,144168.4083391481,1
3101,108392,Smith,368,France,Male,22,2,61833.37533480231,1,0,1,82172.14269938787,0
3102,108448,Garcia,610,Spain,Male,37,6,69658.43855385142,4,1,1,47504.80010915689,0
3103,103747,Davis,612,Germany,Male,50,8,167741.94647929867,1,1,0,42146.50094476162,1
3104,103175,Davis,655,Spain,Female,41,5,49342.40218619117,1,1,0,61618.59677601096,0
3105,104897,Brown,652,France,Female,49,3,80301.84740311209,3,1,1,162296.36519913492,1
3106,105037,Jones,672,France,Female,50,3,93335.28140498936,4,0,1,40087.69117848852,1
3107,107427,Brown,658,Germany,Female,31,8,285258.558041522,1,1,1,93447.08341972376,0
3108,108605,Jones,604,France,Male,63,0,106344.66744936144,2,0,0,134370.25502970343,1
3109,102014,Garcia,610,Germany,Male,26,5,14004.76767867039,2,1,1,171223.77063008933,0
3110,101381,Jones,644,France,Male,59,3,87336.93307665312,2,1,1,108045.7511604805,1
3111,101098,Johnson,700,France,Female,44,2,108446.9559526027,1,1,0,139750.58323474604,1
3112,103426,Williams,658,Spain,Female,29,10,954.7077080349967,3,0,1,107777.85100130581,0
3113,103655,Miller,571,Spain,Female,26,0,7829.230070526334,1,1,1,154284.5520004089,0
3114,107938,Williams,566,France,Female,43,4,1918.0877619865366,3,1,0,159585.687359706,0
3115,109101,Smith,700,Spain,Female,35,3,4945.5981095408415,3,1,1,158809.62175941502,0
3116,100187,Johnson,725,Germany,Female,46,9,9394.267415073438,2,1,0,150223.4650761817,1
3117,105409,Williams,757,Germany,Female,35,3,316570.22328381054,2,0,1,163992.9013864156,0
3118,102092,Garcia,600,France,Male,40,7,23158.015074203155,2,1,0,162458.32046429062,0
3119,102130,Jones,462,France,Male,46,10,22885.700803744727,1,1,0,174302.61692041933,1
3120,105242,Jones,688,Spain,Female,38,10,194784.83867995994,2,1,1,99578.91158616394,1
3121,108549,Brown,578,France,Female,35,1,139738.1788705223,2,0,0,178852.26243303265,1
3122,105647,Brown,639,France,Female,44,10,112644.20737754734,4,1,1,25651.630701806578,0
3123,105185,Davis,664,France,Female,33,9,54772.36360250307,1,1,0,78895.60618836766,0
3124,105776,Jones,705,France,Male,49,10,3167.3344384265333,1,1,1,185649.99465961428,1
3125,107913,Davis,739,Germany,Male,45,9,175180.70688042027,3,1,1,89668.42104819132,1
3126,107547,Garcia,766,France,Female,49,3,197181.66736073134,3,1,1,174354.73277472155,0
3127,107823,Jones,781,France,Male,49,10,65738.06419739703,1,1,0,115912.25081833215,0
3128,107355,Brown,660,Spain,Male,35,0,103531.10435826864,1,1,0,60135.00936132824,0
3129,106465,Williams,481,Germany,Female,18,1,64942.56713349087,3,1,1,29986.081565284723,0
3130,101497,Davis,589,France,Male,36,9,35120.25194487644,2,0,0,142915.95755068303,1
3131,102555,Davis,790,Germany,Female,42,9,77717.132164926,4,1,1,53761.90760882318,1
3132,105409,Smith,664,France,Female,37,2,116667.32933901898,3,1,0,120254.43992501398,0
3133,102951,Brown,850,France,Female,28,0,16789.393088057343,2,1,1,85584.70463561016,0
3134,101238,Garcia,612,Germany,Female,57,1,75654.60719938643,3,1,1,137839.697078409,1
3135,109165,Davis,850,Germany,Male,26,6,149592.94024372267,4,1,0,128751.40179901727,0
3136,104727,Williams,649,Spain,Female,28,9,64548.295881631915,2,1,1,126119.41379591046,0
3137,103965,Williams,608,Spain,Female,32,9,17066.313187112642,3,1,1,108749.01752478526,0
3138,105686,Williams,578,Spain,Male,34,5,203810.78688453723,2,0,1,141384.79295905502,0
3139,109242,Johnson,715,Spain,Female,30,1,112042.50227296018,3,1,1,146091.76183239225,0
3140,103701,Johnson,508,Germany,Male,38,0,100110.7752402264,1,0,1,51269.35297747686,0
3141,102780,Miller,595,Spain,Male,40,9,105460.86981755852,4,0,0,123884.79920307746,1
3142,107398,Williams,644,Germany,Female,24,8,28111.73931818241,3,1,1,14069.025187330977,0
3143,101588,Davis,424,France,Female,22,0,67789.12916035458,4,1,0,108907.45184682155,0
3144,102368,Garcia,640,France,Male,49,9,39450.65318973411,1,0,1,161191.0075187808,1
3145,105789,Jones,822,France,Male,38,4,179292.509826071,4,0,1,22963.348211880413,0
3146,100436,Garcia,693,Spain,Female,54,8,88858.7546342462,4,1,1,72390.06061390688,1
3147,102828,Johnson,584,Germany,Female,48,8,126334.71105621252,4,0,1,18433.629808219917,0
3148,101556,Brown,602,Spain,Female,34,5,107969.65333920298,3,0,1,118152.5093937936,0
3149,107570,Davis,683,France,Female,45,2,66110.68214967748,1,1,1,186084.47632494586,0
3150,107480,Miller,598,France,Female,50,1,163401.38109211856,3,1,0,72667.3007742544,1
3151,109496,Johnson,696,France,Female,26,2,95546.51689016749,3,1,1,80441.12423448582,0
3152,100182,Jones,596,Spain,Female,18,0,25719.873004598554,1,0,1,51742.26425732438,0
3153,107190,Smith,547,Spain,Female,24,2,34354.42528306639,1,1,0,150328.85020944147,0
3154,106687,Miller,768,Spain,Male,47,1,175427.54504557487,1,1,1,106942.3734806968,0
3155,105565,Johnson,720,France,Male,64,7,283414.6894510654,2,0,1,63672.566658185366,1
3156,107241,Garcia,461,France,Male,38,9,79408.11461897496,3,1,0,19623.85779693464,1
3157,107651,Miller,616,France,Male,58,6,48701.25205208193,4,1,1,172232.2446238686,1
3158,105575,Davis,754,France,Female,52,0,98086.09322115526,2,1,0,141881.80145464904,1
3159,101589,Garcia,633,Spain,Female,28,0,66069.29049965025,2,1,1,195634.68490536042,0
3160,109779,Williams,591,France,Female,38,4,184322.95678967083,2,0,1,117394.58189158705,0
3161,108851,Williams,624,Germany,Male,48,3,178972.9208605393,2,1,1,192260.44272151563,1
3162,100159,Williams,661,Germany,Male,21,7,60908.84476569985,1,1,0,142794.61670047586,0
3163,106555,Miller,632,France,Female,51,7,163261.55491982278,1,1,0,92697.40229291673,0
3164,109203,Smith,641,France,Male,55,2,21437.75093134755,4,1,1,55644.27353967074,0
3165,108244,Jones,635,Spain,Female,51,4,46826.75913952056,2,1,1,22800.067050333015,0
3166,106846,Davis,552,France,Female,37,6,8294.886973285831,2,1,1,12550.92541028554,0
3167,102307,Miller,547,Germany,Male,46,7,164918.88562978344,1,1,1,168142.66037381938,0
3168,101228,Brown,541,France,Male,53,2,369865.2347078214,1,1,0,129014.34175454872,0
3169,107226,Davis,659,Spain,Female,18,7,85982.60910527388,2,1,1,46769.40687926159,0
3170,105590,Garcia,708,France,Male,18,9,145455.73340544917,2,1,1,140799.04620550727,0
3171,106919,Garcia,555,Germany,Female,46,8,51348.59908815765,1,1,0,184373.84400950742,0
3172,105585,Miller,499,Germany,Female,30,2,82451.63399514997,1,0,1,22219.96035315992,0
3173,109227,Miller,562,France,Female,41,1,42672.30338954651,3,1,0,163099.0451215621,0
3174,106046,Jones,790,France,Female,42,1,119351.8863961058,3,1,1,168986.6111263787,0
3175,104945,Smith,618,Spain,Male,57,4,28268.779892406965,4,0,0,134416.570213448,0
3176,107927,Miller,628,France,Female,41,9,16634.063585407537,3,1,1,187982.56963508646,0
3177,107016,Williams,570,Germany,Male,46,0,228827.89071039495,4,0,0,193651.6377828653,0
3178,107758,Jones,707,Germany,Female,45,5,199717.25267601176,4,1,1,157206.44518854746,1
3179,105086,Brown,637,France,Male,50,6,180156.79102031523,3,1,0,43280.83996104204,1
3180,109456,Williams,577,France,Female,30,4,172340.53362684094,2,0,0,27210.032185215336,0
3181,107161,Brown,546,France,Female,43,10,130750.15856694664,1,0,0,91316.19654812233,0
3182,101884,Johnson,687,Germany,Male,18,7,207752.12894516168,4,1,1,87192.51281811747,0
3183,101809,Brown,676,Germany,Female,29,5,23599.366482019628,2,1,1,38577.40956204589,0
3184,103167,Williams,526,Spain,Female,54,0,204332.33869863336,3,1,1,19118.943193866395,0
3185,106352,Johnson,772,Germany,Female,19,8,249849.8322040957,3,0,1,58420.27445034327,0
3186,109009,Williams,585,Spain,Female,20,4,125879.43957699557,2,1,1,65980.85227699288,0
3187,106056,Garcia,427,France,Male,48,4,91467.0627275772,4,0,1,185570.2681524524,0
3188,102437,Williams,802,Germany,Male,29,0,26927.95192691709,4,1,1,196220.12827611068,0
3189,106468,Johnson,639,France,Female,57,4,201111.54359926077,2,0,0,197212.10396595232,1
3190,109080,Brown,693,France,Female,40,2,85997.51650194131,4,1,1,164603.40181200163,0
3191,105951,Garcia,817,Germany,Female,61,9,94332.61555751695,1,1,0,156891.92327290514,1
3192,105276,Smith,549,Spain,Male,64,2,93283.00693895239,3,1,1,188346.7312417651,1
3193,108859,Smith,697,France,Female,58,10,201574.94622757955,3,1,1,75700.14456742808,1
3194,107818,Davis,767,Spain,Male,31,9,14731.413318650155,4,1,0,113003.1761326672,0
3195,104728,Smith,556,France,Male,22,7,6365.606500641694,2,1,0,122277.29276280395,0
3196,102624,Smith,796,Spain,Male,58,8,25358.182574578725,1,0,1,119911.24636844614,1
3197,105738,Jones,509,France,Male,38,5,67680.1023870785,4,0,0,92948.15058427677,0
3198,104232,Smith,640,France,Female,42,2,63377.67276435789,2,1,1,195390.49733345478,0
3199,105793,Johnson,542,Spain,Female,56,7,71750.33913020753,4,0,0,71773.89296525902,1
3200,104523,Miller,719,Germany,Male,22,2,12141.678457509293,2,0,0,53309.725170048965,0
3201,105571,Smith,553,Germany,Male,47,6,157451.6823549532,2,1,1,150672.19221449466,1
3202,109010,Williams,588,Germany,Female,31,1,35971.37616805555,3,0,0,184596.25650979238,0
3203,109298,Miller,562,Spain,Female,50,5,244449.42049805704,1,1,0,194004.9442406047,1
3204,102224,Smith,529,Germany,Female,44,7,183235.2537449808,2,1,1,162987.46650482275,0
3205,108389,Miller,573,Germany,Female,52,2,6556.552817370934,4,0,1,83777.11552449405,0
3206,106091,Brown,645,Spain,Male,32,8,5505.184116399689,4,1,1,165022.88319244242,0
3207,108662,Johnson,639,Spain,Female,28,10,99149.53579257095,2,1,1,155282.27987298908,0
3208,106361,Johnson,628,France,Male,39,8,8042.519779314522,1,1,0,87446.24814573028,0
3209,101948,Davis,583,Germany,Female,30,2,84825.35554269845,3,1,0,31289.095054480393,1
3210,107094,Miller,614,Germany,Male,29,2,8247.292820227167,2,1,0,172514.8696874075,0
3211,106318,Davis,491,France,Female,28,4,65267.421186898166,4,1,0,69140.72048915508,0
3212,103796,Garcia,580,Germany,Female,48,8,54318.80738321933,4,0,1,32887.09307801085,0
3213,100234,Jones,627,France,Female,68,0,89387.88019308109,2,1,0,197496.42090071485,1
3214,109120,Williams,679,France,Female,50,0,44035.93814843305,3,1,0,186047.9115615818,1
3215,103607,Miller,667,Spain,Male,49,0,15087.776406590961,4,0,1,154165.18298805424,0
3216,108043,Johnson,527,France,Female,49,3,184589.5210977332,3,1,0,24298.51305967868,0
3217,100522,Davis,692,Germany,Female,25,6,35567.66175488822,4,1,1,147791.98941451267,0
3218,105904,Brown,662,France,Male,49,10,6984.636382352223,3,1,1,136063.18767485864,1
3219,104888,Smith,794,Germany,Male,18,1,69433.75365285382,2,0,1,58012.345346831535,0
3220,109821,Johnson,500,France,Male,44,2,210107.3890787533,3,0,1,98019.83087997645,0
3221,105832,Brown,636,France,Male,50,3,32950.488001743375,2,1,0,193304.07858972545,1
3222,107122,Smith,753,Spain,Female,51,0,59920.69152281462,3,1,1,14901.206019255049,0
3223,105842,Jones,620,France,Female,48,1,51511.45984274207,2,1,0,100022.92212138277,1
3224,101316,Johnson,558,France,Female,20,1,4959.78786754909,4,1,1,121589.00597938766,0
3225,101124,Davis,568,France,Female,29,10,202758.53503452486,3,0,1,175164.3571873811,0
3226,105621,Johnson,728,France,Male,56,5,142246.60094448892,2,0,1,144450.85030091886,1
3227,105423,Miller,495,France,Female,44,3,10067.030160816981,1,0,0,30450.564201609057,0
3228,102587,Miller,616,France,Male,43,6,14175.468871958505,4,1,0,82692.49822336655,0
3229,109215,Brown,562,Germany,Female,31,10,1063.8248073294963,3,0,1,35062.33198825904,0
3230,105672,Davis,569,Spain,Male,22,7,424877.0761086556,3,1,0,186976.45074841217,0
3231,101378,Garcia,694,Germany,Male,28,1,53816.28987034007,1,1,1,141832.80587258053,0
3232,103374,Miller,610,Germany,Male,18,1,266484.4267695228,2,1,1,58692.75221087839,0
3233,101519,Williams,673,France,Male,47,4,54497.42248094819,1,0,0,38221.566555071375,1
3234,105777,Jones,525,Spain,Male,18,3,10959.208178045279,1,1,1,34895.953208019746,0
3235,107935,Williams,732,France,Male,28,9,42056.4807381942,2,1,0,107970.89862823776,1
3236,106093,Johnson,671,Spain,Male,68,1,54168.289910261,3,1,0,60923.31138279039,1
3237,108418,Williams,773,France,Male,35,8,19433.06052973805,3,1,1,193864.03641870792,0
3238,105355,Smith,609,Spain,Female,27,8,5499.260915338538,3,0,0,85556.43109821872,0
3239,104968,Jones,694,Germany,Male,72,9,38055.53357290809,1,1,1,198650.00100632565,1
3240,109083,Williams,728,France,Female,32,3,77499.36021634912,2,1,1,173832.050924821,1
3241,105574,Smith,692,Spain,Male,68,1,29480.886332730937,3,0,1,182235.39580567143,1
3242,104072,Brown,819,France,Female,34,2,318650.4735981046,2,1,0,84846.21489788248,1
3243,102257,Williams,483,Germany,Female,52,7,65667.02109191996,1,1,1,34459.73303722085,0
3244,108588,Jones,667,Spain,Male,73,10,13957.44393228808,3,1,0,169755.26149557854,1
3245,104424,Smith,609,France,Female,41,7,53357.122146281414,4,0,0,12530.719184418793,0
3246,103237,Williams,602,France,Female,33,6,122997.4897399428,1,0,1,96044.37204980405,0
3247,103893,Brown,799,Germany,Female,49,3,66776.87753157594,2,1,1,39224.27330268959,0
3248,102005,Williams,587,Germany,Male,24,0,40232.08952951602,4,1,1,181603.92769966647,0
3249,102016,Smith,735,Spain,Male,57,9,11238.512377518835,4,1,0,175220.6637154154,1
3250,109388,Williams,544,Spain,Male,29,8,61536.37611892055,4,1,1,37513.0620638896,0
3251,101772,Jones,751,France,Male,18,6,10246.05389848889,3,0,1,115493.22473230046,0
3252,108353,Johnson,647,Spain,Female,37,0,46343.68698273691,3,1,1,55693.160260534685,1
3253,103976,Davis,621,Spain,Female,32,4,12355.19439345148,3,1,0,108522.00070266875,0
3254,101751,Davis,496,France,Female,18,2,112750.66337798034,4,1,1,195569.14605362643,0
3255,108967,Smith,621,France,Female,39,1,148106.0064962652,3,0,0,54994.86433628989,0
3256,107430,Smith,581,France,Male,22,2,27903.322912879154,4,1,1,23880.706377247803,0
3257,107170,Smith,824,Spain,Male,32,5,7765.446454409694,1,1,0,59523.44888944301,0
3258,106469,Smith,655,France,Male,22,6,42622.476776317344,1,1,0,197020.66021837105,0
3259,109131,Williams,590,Spain,Male,48,9,82218.0406298974,2,1,1,26970.141184306645,1
3260,103220,Jones,586,Spain,Female,38,8,146075.10730906134,3,1,0,18668.44634414791,0
3261,100539,Davis,514,France,Female,18,9,51566.705227770224,4,1,0,40114.39946522057,0
3262,101461,Brown,802,France,Female,60,10,45562.02116325711,4,1,0,163525.00770020334,1
3263,105184,Davis,775,France,Male,43,6,238963.3485056482,2,1,1,100393.50987649815,0
3264,108547,Jones,643,France,Female,31,0,59726.69033813499,1,0,1,75342.46047282229,0
3265,100234,Smith,850,France,Female,27,6,59279.168178969965,2,1,0,135475.84923662536,0
3266,101548,Garcia,648,Germany,Female,38,0,52763.12358913372,4,0,0,29741.33554523798,0
3267,107480,Williams,759,Germany,Female,20,7,45133.04166314592,4,0,1,142820.89891912983,0
3268,104213,Garcia,706,Spain,Female,58,1,130372.98267708081,1,0,1,68842.42029753103,1
3269,101673,Williams,592,France,Female,56,1,33098.29817280411,3,0,0,173000.5718816382,1
3270,106708,Smith,668,Germany,Male,34,0,47606.321541237085,2,1,1,148034.68547990386,1
3271,107982,Williams,687,Spain,Female,33,8,33169.01822549949,3,1,0,176933.47977494093,0
3272,102100,Smith,519,France,Male,25,10,84471.19202623841,1,1,1,46392.80596851984,0
3273,103748,Jones,678,France,Male,43,7,322870.52314614435,2,0,1,39535.31613603962,1
3274,103173,Miller,764,Germany,Male,43,8,49477.987412485934,2,0,1,145615.61273002345,0
3275,101815,Johnson,580,Spain,Female,49,7,344840.3900110955,3,1,1,185127.90617189286,0
3276,103841,Williams,628,France,Female,43,3,106912.73833242356,4,0,0,163227.29739179445,0
3277,108016,Smith,539,Germany,Male,25,8,158692.14395352302,3,1,0,188795.07572554005,0
3278,107011,Garcia,601,Spain,Female,28,7,40497.009310900234,3,1,1,13675.202355655203,0
3279,104493,Smith,609,France,Female,41,0,25414.685760460958,4,1,1,45245.7672545487,0
3280,100674,Garcia,807,France,Female,28,9,85993.45798499738,2,1,0,128115.34345003791,0
3281,108088,Davis,618,Germany,Male,59,4,468325.2805583173,4,1,0,91236.14966564503,1
3282,108578,Williams,596,France,Female,38,8,123852.88581455003,4,0,1,155773.99196513082,0
3283,102158,Brown,640,Germany,Female,18,7,114452.42731126015,1,0,1,24277.514025286026,0
3284,102661,Garcia,479,France,Male,37,0,59802.32353261358,3,0,0,130424.80112644618,0
3285,102064,Smith,414,Spain,Male,36,5,211597.94634254498,3,1,1,186680.87971360618,0
3286,103253,Williams,511,Spain,Female,59,10,119391.6274893334,1,0,1,54852.91996751346,0
3287,104979,Smith,682,France,Female,39,5,112357.06429697748,4,1,1,139873.6934917763,1
3288,107703,Brown,649,France,Male,47,1,34606.37013289802,2,1,0,76358.45288304078,0
3289,108931,Johnson,736,Spain,Male,36,10,316375.80710275157,2,1,0,81496.25161538988,0
3290,101401,Miller,497,France,Male,54,1,28819.94281330399,1,1,1,108608.45990026905,1
3291,103259,Miller,629,Germany,Female,58,0,74168.01832333326,4,1,0,68725.71427822305,1
3292,103923,Brown,490,France,Female,25,5,41484.2458148204,3,1,0,193706.52739570668,0
3293,104214,Jones,676,France,Female,30,8,19939.68181501192,4,1,1,19803.337515230578,0
3294,103227,Williams,512,France,Female,35,7,15559.399430875057,2,1,1,149763.99743730598,0
3295,102745,Brown,625,France,Female,52,4,34656.893721886736,3,1,1,26883.030150255625,1
3296,106091,Johnson,670,France,Female,29,7,116789.62101145623,4,0,1,172467.60548656725,0
3297,103866,Smith,610,Germany,Male,18,1,368020.00364099786,3,0,0,101435.13587691291,0
3298,105818,Williams,423,Germany,Female,51,10,191914.0789824573,1,1,0,53714.90140541612,1
3299,102222,Davis,816,Germany,Female,27,5,24593.551246236704,4,1,1,104076.50270780487,0
3300,102792,Garcia,600,France,Male,34,1,8165.788350675616,4,0,0,191592.55982427488,0
3301,109889,Brown,489,France,Male,33,7,116053.2239398167,2,1,1,42402.06724698207,0
3302,104063,Davis,726,France,Male,18,1,3049.477009378254,1,0,1,125592.81468487254,0
3303,101524,Davis,729,France,Male,21,4,195986.63730889355,2,1,1,100968.25618174116,0
3304,108224,Johnson,619,Germany,Male,51,6,174610.41795059963,3,1,0,143027.23777820665,1
3305,106198,Davis,803,Germany,Male,38,6,157842.53910361027,4,1,1,44250.34731999509,0
3306,104025,Brown,575,France,Male,53,3,80390.080818176,3,1,1,123801.58516533209,1
3307,102566,Jones,667,Germany,Male,63,7,363189.5677650894,2,1,1,171896.82006971008,1
3308,102803,Miller,701,France,Male,18,6,61316.55260053108,4,1,0,16392.750037202775,0
3309,103709,Miller,801,Spain,Female,34,9,430747.3290038197,2,1,1,162796.34969705303,1
3310,106155,Williams,455,Spain,Female,37,4,213598.22642193525,3,1,1,101001.81836941528,0
3311,100719,Smith,850,France,Female,61,3,13529.52031019365,3,1,0,47700.16551263647,1
3312,106516,Johnson,767,Germany,Male,22,1,225281.96383866074,1,1,0,126183.73637331679,0
3313,104579,Brown,694,Germany,Female,43,1,36365.25054606814,3,1,1,68113.717302964,0
3314,100972,Williams,570,France,Male,58,3,146209.80844562087,4,0,1,197198.01145017953,0
3315,103718,Brown,561,Spain,Male,52,7,20.918154321855408,3,1,1,62608.976752872,1
3316,107395,Williams,678,Germany,Male,46,10,32275.310257100504,2,1,0,146214.09512992462,1
3317,104402,Miller,699,Germany,Male,28,5,142067.20607473957,4,1,1,106142.8771391769,0
3318,104552,Davis,686,Germany,Female,55,8,358803.2472982953,4,1,1,85976.63662962486,1
3319,102207,Jones,665,France,Female,18,1,18748.99995543877,1,1,1,110640.24753807594,0
3320,104426,Brown,693,France,Male,46,6,61509.736400161586,1,1,0,69091.96448791545,1
3321,106919,Jones,431,France,Female,18,0,88471.86511636364,2,1,1,98560.21048467059,0
3322,108835,Garcia,623,France,Female,65,1,304834.33628145733,4,0,0,82257.57366796165,1
3323,108386,Garcia,511,Spain,Male,21,10,60379.82905748961,2,1,1,133509.39708222132,0
3324,108680,Davis,645,France,Female,32,8,271107.5721967103,1,1,0,147634.1932443581,1
3325,102204,Miller,780,Spain,Female,63,7,382529.35088820383,2,1,0,156393.96446587716,1
3326,105345,Johnson,559,Spain,Female,45,8,284098.66907759313,2,1,0,159701.7116470867,1
3327,103276,Jones,579,Spain,Male,28,6,138122.90687026473,1,0,1,78197.06320644317,0
3328,101102,Williams,565,France,Female,40,9,13493.87945786497,4,1,1,127526.4815890047,0
3329,105243,Johnson,578,France,Female,43,10,92234.24217582795,2,1,0,106971.74872099074,0
3330,106614,Brown,705,France,Male,45,8,140050.19448691927,2,0,1,132178.08759259418,1
3331,109433,Brown,728,Spain,Female,35,3,309900.45498834655,4,1,1,78272.23146506977,0
3332,108707,Williams,796,Spain,Female,34,2,150489.74966924137,1,1,0,47634.52857983904,0
3333,105223,Smith,549,France,Male,49,3,77421.62258988032,4,1,1,148361.03721294593,1
3334,108584,Davis,718,France,Male,35,4,22961.905805360748,1,1,1,82834.9978217894,0
3335,100630,Smith,735,Germany,Female,22,9,61074.92305288545,2,1,0,149464.38782217752,0
3336,109171,Davis,815,France,Male,34,3,101694.25057085248,4,1,0,144868.8382712335,0
3337,106683,Brown,556,Spain,Female,38,3,39244.89346139264,3,0,1,198722.97740787212,1
3338,100277,Davis,449,Spain,Male,44,6,60963.441432937696,3,1,1,80467.5259285777,0
3339,100232,Miller,622,Germany,Male,41,3,1751.2841075593644,2,0,0,140235.84343827475,0
3340,109744,Miller,850,Germany,Male,19,3,211217.16881617426,2,1,1,142187.04770094596,0
3341,105690,Williams,540,Germany,Female,46,8,3538.461590005746,3,1,1,188422.49818656224,0
3342,107659,Smith,698,France,Female,35,8,52643.04574506589,4,1,1,105570.2455169718,0
3343,100025,Jones,428,Spain,Male,30,4,71533.96250229105,4,1,1,136841.9715697547,0
3344,107468,Brown,831,Spain,Male,53,8,359059.2887341418,4,1,1,153780.94796337254,1
3345,106410,Garcia,462,France,Female,28,10,273588.66756655433,1,1,1,198002.75464649405,0
3346,108652,Jones,410,France,Male,65,1,103947.60491476278,3,1,1,98085.94548134874,1
3347,103764,Williams,659,France,Male,64,4,87719.90190487026,3,0,0,59924.95678638352,1
3348,106599,Garcia,661,Spain,Male,54,10,45658.35404794999,1,0,1,125660.14358310353,1
3349,105102,Jones,791,France,Female,28,6,4195.532198454338,2,1,1,93359.82715903969,0
3350,107006,Smith,734,Germany,Female,47,7,31157.48440713647,1,0,1,30066.59092809977,1
3351,103483,Davis,449,France,Male,43,4,188205.24649563228,4,1,1,95662.90016102174,1
3352,101994,Miller,634,Spain,Male,28,8,104488.9112703402,2,1,1,142425.9074223628,0
3353,108682,Smith,580,Germany,Female,55,10,168430.2399273007,2,1,0,98078.93633198246,1
3354,101072,Garcia,516,France,Female,38,2,181384.11664958115,3,1,1,119254.22170219618,0
3355,106707,Davis,693,France,Male,18,7,6422.643456655766,1,1,1,145296.36549790922,0
3356,100215,Davis,754,France,Male,61,10,41119.591305566326,2,1,0,107258.17320443699,1
3357,107605,Davis,569,Spain,Male,61,8,112697.28564102855,1,0,1,29799.643657702672,1
3358,109915,Johnson,616,Germany,Female,38,6,191792.38983207737,2,1,1,141990.20777958664,0
3359,109784,Miller,623,France,Male,48,4,161662.895950774,4,1,0,48166.989109800415,1
3360,102606,Brown,583,France,Female,44,8,54843.42679934502,1,1,1,146470.05930931988,1
3361,108350,Garcia,607,France,Male,31,10,268976.12089864205,4,1,1,69384.42798742703,0
3362,104781,Williams,583,Spain,Male,79,7,35769.98863987673,1,1,1,112738.7918559925,1
3363,103313,Brown,662,France,Male,29,7,47124.64656485063,2,0,0,23710.538286615967,0
3364,109968,Jones,591,Spain,Female,39,5,20018.516398416898,1,1,0,65445.12270768837,0
3365,107763,Miller,692,Germany,Female,22,1,25737.34237367934,2,0,1,185800.13647397613,0
3366,105939,Williams,590,Germany,Male,51,3,875.1303476800006,2,1,0,110510.02867366833,1
3367,102295,Williams,714,France,Male,49,0,36887.871089846965,1,0,0,182606.72670556072,1
3368,105685,Smith,588,France,Male,51,9,36610.52443966305,3,1,1,188653.57148514033,0
3369,101696,Jones,710,Germany,Female,20,4,6964.496053720459,4,1,0,63769.56134782395,0
3370,101946,Smith,565,France,Male,43,9,41623.977635733456,1,1,1,182266.31547508048,1
3371,102783,Smith,738,France,Male,44,0,35865.299857099424,2,0,0,135466.65635568363,1
3372,103644,Davis,472,Spain,Female,19,5,160472.20186061042,2,0,1,114101.21108126409,0
3373,105241,Miller,649,France,Female,44,9,16989.510541127554,4,1,0,87933.0476596269,0
3374,106420,Johnson,593,France,Male,29,7,129128.41735563065,2,1,1,59106.32986338948,0
3375,107557,Smith,645,Spain,Female,34,9,13924.633098252876,1,1,1,86795.6696873409,0
3376,102645,Brown,531,Spain,Female,47,0,68564.30799736506,3,1,0,134751.8934999159,0
3377,106589,Williams,630,France,Female,41,5,133326.15479387803,3,1,1,79961.03131432383,0
3378,106353,Miller,539,Spain,Female,27,3,93256.16033952787,4,1,0,77987.85023131953,0
3379,101932,Smith,626,Germany,Female,21,8,103811.12005373239,2,1,1,114112.3582716911,0
3380,101757,Garcia,616,Spain,Female,36,7,23113.885032423175,4,1,1,20111.635877802702,0
3381,105085,Brown,682,France,Female,42,3,175679.42867945696,4,0,1,126861.90298110609,0
3382,105637,Jones,656,Spain,Female,39,10,303894.2091936014,2,1,0,66696.59859536165,0
3383,101116,Williams,837,France,Male,37,10,16767.270671786726,3,1,0,104290.85044103923,0
3384,100492,Miller,599,France,Male,35,1,219164.45794300592,2,1,0,167815.3022902346,0
3385,108811,Garcia,636,France,Female,60,5,50698.56816470073,4,0,1,160872.1373782677,1
3386,107888,Miller,850,France,Female,41,2,120009.76941390075,2,1,0,66540.48802970689,0
3387,106474,Miller,627,Germany,Male,42,0,70667.94678848344,4,1,0,21058.51486687974,0
3388,109738,Garcia,745,Germany,Male,35,10,157667.6948358689,2,0,0,82875.3864993647,0
3389,104958,Jones,707,France,Male,32,6,4633.98472217106,2,1,0,33681.8004052861,0
3390,109797,Garcia,850,France,Male,67,3,39109.89690345357,4,1,1,93004.0499646615,1
3391,109467,Brown,506,France,Male,47,8,4865.119706796363,3,1,0,167572.07075230536,1
3392,102743,Davis,495,France,Female,50,9,284214.9176396676,3,1,1,72603.84135730291,1
3393,107866,Miller,538,France,Female,26,9,18651.160494577165,3,0,1,164678.91568146995,0
3394,107160,Jones,667,France,Male,53,10,55262.89410623547,4,0,0,194153.82952895894,0
3395,105451,Miller,549,France,Female,23,10,102567.64149719155,4,1,1,139319.29720489503,0
3396,105258,Garcia,436,France,Male,44,10,61897.010101185726,1,0,0,171692.17417086987,1
3397,108548,Jones,557,Spain,Male,40,2,76904.02126354721,3,0,1,170358.76114005255,0
3398,107186,Jones,686,France,Female,58,9,22817.815220236676,2,1,1,15318.609336068223,1
3399,106102,Smith,559,France,Female,31,9,6938.121420175332,1,1,1,136344.25665705366,0
3400,109061,Smith,764,France,Female,47,9,29758.20982370607,4,1,1,156828.4296728522,0
3401,109077,Davis,537,France,Female,44,0,38148.95949570383,2,1,1,95271.55087292193,0
3402,109475,Smith,651,Germany,Male,27,1,53753.564873464835,4,1,1,170948.6476056834,0
3403,100619,Garcia,610,Spain,Female,47,3,35090.61441680332,2,0,1,136700.30082784742,0
3404,100882,Williams,668,Spain,Male,36,10,3646.7912106286817,1,0,1,140613.13037255502,0
3405,108988,Brown,678,Germany,Female,38,6,9938.724140079792,2,0,0,88425.92310538577,1
3406,103642,Garcia,808,France,Female,33,7,112030.08731111194,2,1,1,178095.5589607825,0
3407,101296,Miller,718,France,Male,39,3,6523.566225458896,1,1,0,82974.05112707424,0
3408,108436,Smith,607,Germany,Male,39,2,4731.5533701315,4,1,0,39205.366097029124,0
3409,102895,Jones,711,Spain,Male,46,9,167017.6929703138,3,0,1,70785.67494232157,0
3410,106593,Garcia,725,Spain,Female,43,8,4211.811607747752,4,1,1,87200.4725621812,0
3411,100929,Jones,850,France,Male,52,7,7120.964358016167,4,0,1,153369.2083792135,1
3412,105366,Davis,634,France,Female,51,5,79742.53217280278,4,1,1,27979.51353402191,0
3413,108711,Miller,641,France,Male,61,8,58491.076368651906,2,0,0,135639.34996303255,1
3414,103212,Jones,781,France,Male,49,7,333686.82521329017,3,1,1,108085.12391581945,1
3415,102409,Jones,450,Spain,Female,41,6,276218.9461834923,2,1,1,71200.74893545758,0
3416,108199,Davis,629,France,Female,55,5,107945.29965444781,2,1,0,85991.67551686382,1
3417,103423,Johnson,719,France,Male,40,9,7458.069837371627,4,1,0,143148.49553213903,0
3418,106976,Williams,754,Spain,Male,43,2,69954.77880868326,2,1,1,124871.9985554428,0
3419,107594,Brown,429,France,Female,18,10,4611.38695053851,4,0,0,25030.233421040713,0
3420,105158,Brown,516,France,Female,25,5,238528.34924037088,1,0,0,30286.68817501394,0
3421,103667,Smith,400,France,Male,49,3,107875.97113958624,3,0,0,144048.0017044005,0
3422,105973,Johnson,737,France,Male,59,4,85307.25809287063,4,1,1,177335.27312221643,1
3423,106236,Garcia,670,France,Female,47,6,55844.821391166755,4,1,1,41914.80699203709,1
3424,108277,Davis,791,Germany,Male,48,6,71277.22272453211,2,0,1,123733.06197907329,1
3425,102468,Garcia,652,Spain,Male,49,8,51131.67945550072,4,1,0,50399.94007776153,0
3426,106217,Brown,850,Germany,Female,39,8,10493.175530323371,3,0,1,197069.9541837198,0
3427,103619,Williams,555,Germany,Male,24,5,108171.52065955648,4,1,1,129941.99824690133,0
3428,101636,Jones,613,Spain,Female,48,5,562983.7264743515,2,1,0,165459.2220035894,0
3429,108155,Miller,691,France,Female,20,1,11933.896364656079,1,1,0,66172.22342737518,0
3430,103583,Smith,578,Spain,Male,46,7,514676.61855504004,3,1,0,75334.55258809318,1
3431,104009,Williams,691,France,Female,60,2,229871.60901863404,4,0,0,39036.89940220156,1
3432,103326,Brown,638,France,Female,43,0,224605.94354935197,1,1,0,139619.48643216558,1
3433,108148,Johnson,633,France,Female,46,3,177933.37633684368,3,1,1,196508.86594835282,0
3434,102217,Smith,637,France,Male,55,4,257116.39014268704,3,0,1,103988.9240791238,1
3435,104967,Davis,720,Spain,Male,36,2,28292.60861118465,4,1,0,29751.043406439378,0
3436,102369,Brown,615,France,Male,61,6,57474.471872486974,3,0,1,14080.946927629751,1
3437,103638,Garcia,538,France,Female,54,10,65357.05826128041,2,1,0,145062.70724899328,1
3438,109135,Smith,656,Germany,Female,41,4,7040.126127286765,1,0,0,45345.604919934,1
3439,105722,Davis,586,France,Male,18,10,396095.50574316963,4,1,1,187615.81920540967,0
3440,104444,Brown,550,Spain,Male,37,9,116938.63716682307,2,1,1,149897.1005216158,0
3441,107618,Garcia,476,Spain,Female,37,4,60069.54225953606,2,1,1,46806.04913482987,0
3442,103947,Miller,743,France,Male,43,5,486154.6126307775,1,1,0,181603.1975869572,0
3443,101676,Garcia,716,France,Female,60,10,31772.516379779674,3,1,1,53294.80917468151,1
3444,101196,Jones,790,France,Male,54,10,41101.13145586079,1,1,1,191582.77382355317,0
3445,102787,Davis,650,France,Male,42,5,21177.723383917666,2,1,1,65694.10444222686,1
3446,107432,Davis,757,France,Male,35,8,20642.365833599524,4,1,0,35167.42665165477,0
3447,109653,Johnson,555,France,Male,18,2,20884.646498106737,2,1,0,119176.4688422375,0
3448,107927,Davis,459,Spain,Female,50,7,94375.66983534946,3,1,0,123751.20236413818,0
3449,103318,Jones,574,France,Male,44,10,34833.0365126992,4,1,1,129975.3241910175,0
3450,108858,Brown,629,France,Female,54,6,303090.1754000682,2,1,1,62724.194440202846,1
3451,106689,Miller,686,France,Female,44,8,169677.2864553849,2,1,1,81538.23205084796,0
3452,102176,Williams,778,Germany,Male,30,4,17578.986484632936,4,1,1,198413.90705564254,0
3453,103743,Miller,682,France,Female,46,6,179565.13312420624,4,1,1,86825.44510678735,0
3454,108792,Miller,850,France,Female,44,7,42412.466009731266,2,0,0,30796.69682530797,0
3455,104422,Davis,661,France,Male,54,8,25847.047241668224,2,1,1,91889.17677591907,0
3456,103824,Miller,660,France,Male,35,7,152358.75382674832,2,1,0,47483.74166275035,1
3457,109171,Davis,683,France,Male,30,1,194489.70450795288,4,0,1,39583.75885827147,0
3458,102451,Jones,687,Spain,Male,41,10,323016.5572263767,2,0,0,83641.66057016597,1
3459,100628,Williams,686,Spain,Male,38,5,54510.514350319994,1,0,0,76368.38940340592,1
3460,109821,Garcia,526,Germany,Male,31,3,82579.07111764383,2,1,0,33574.27175248764,0
3461,107778,Davis,735,Spain,Female,31,3,95429.68932827277,3,1,1,14761.564336537514,0
3462,103696,Brown,850,Germany,Female,58,8,98806.6308978569,4,1,1,130850.32421285693,1
3463,103674,Johnson,561,Spain,Male,38,6,51442.55441745562,3,1,0,56711.607044391785,0
3464,103929,Williams,645,France,Female,56,5,16528.77825458398,1,1,1,172962.46140606626,1
3465,102765,Brown,512,Germany,Female,71,1,7305.02332874686,2,1,1,69868.87718347885,1
3466,104369,Davis,725,France,Female,36,0,236433.69651511378,4,0,0,114271.71912787395,0
3467,108307,Williams,725,France,Male,29,9,45657.5839946031,1,1,0,53290.49918707964,0
3468,104956,Davis,499,France,Male,24,3,19928.95016304906,1,1,1,46405.30846457249,0
3469,100692,Jones,518,Germany,Male,56,8,410876.88961190195,3,1,1,189588.38479321077,1
3470,103162,Brown,441,France,Male,38,3,162408.40610149514,3,0,0,139244.471417527,0
3471,101105,Jones,807,Germany,Female,41,1,397298.8579546027,4,1,1,190500.25610752514,0
3472,103008,Smith,566,Germany,Male,34,7,32684.661873471847,1,1,1,49278.675502504135,0
3473,102161,Brown,636,France,Male,38,5,62221.8684375229,2,1,0,152662.93320625435,0
3474,108345,Williams,613,France,Male,79,0,165387.56829469904,3,0,1,53698.65012969418,1
3475,103699,Smith,748,France,Female,30,3,80271.85533877203,2,1,0,152733.9786698464,0
3476,103786,Jones,716,France,Female,18,9,43844.831444501324,2,0,0,168073.30085094404,0
3477,109256,Jones,710,Germany,Female,39,4,17248.20371038149,4,1,1,51807.35293834162,0
3478,104200,Williams,568,Germany,Male,32,0,82500.04571049318,1,1,1,80683.78855366829,0
3479,101913,Smith,718,France,Male,50,1,91226.72120742366,1,1,0,125662.10495032162,1
3480,109408,Miller,742,Spain,Female,40,8,127564.02729550852,2,1,0,183137.43422767732,1
3481,105520,Garcia,715,Spain,Female,57,0,156315.4383557066,4,1,0,16734.689077570496,1
3482,101772,Johnson,521,France,Female,18,10,12568.64599665386,3,1,1,116750.343542991,0
3483,102780,Williams,537,Germany,Male,48,7,98873.53962934019,3,0,0,37440.05033852724,0
3484,107423,Jones,823,France,Male,60,10,152070.04552164703,3,0,1,91572.75635014531,1
3485,102871,Brown,844,Germany,Female,34,8,49266.768588960644,3,0,1,112198.06346039823,0
3486,100660,Smith,643,France,Female,34,1,32236.63797159433,2,1,0,160308.06987617695,0
3487,106242,Davis,642,Germany,Female,33,1,65326.41377682644,3,0,0,199636.68798601558,0
3488,101132,Garcia,665,France,Male,32,6,37118.91992620422,3,1,1,117074.54628552581,0
3489,100699,Johnson,707,Spain,Male,56,9,71305.3642652089,1,0,0,92729.62576471404,1
3490,107470,Brown,505,France,Female,26,8,36888.21161057901,3,0,0,107223.92061793429,0
3491,106297,Smith,673,France,Female,49,9,54939.60100854705,1,0,1,124959.9745234298,1
3492,107812,Garcia,546,France,Male,18,8,246673.27240752478,3,1,0,27448.854625778422,0
3493,104557,Williams,647,Spain,Female,21,2,248417.45155195927,1,0,0,25130.105205156946,0
3494,102179,Davis,561,Germany,Male,41,6,485093.3356135911,2,1,0,76372.40876750735,1
3495,109065,Garcia,585,Spain,Male,23,5,66577.21196867275,3,0,1,22742.436068649076,0
3496,108275,Williams,668,Spain,Female,23,7,18396.948490033552,4,1,0,104893.53206572458,0
3497,101422,Davis,588,Germany,Male,57,7,219846.50950161062,4,0,1,60175.71931676592,1
3498,103180,Davis,540,France,Male,47,7,90842.99285108784,1,0,0,21487.00216704628,0
3499,104316,Miller,795,France,Male,40,7,137721.60326766892,3,1,1,21228.846094523313,0
3500,106696,Smith,541,Spain,Male,49,10,17744.64904408148,2,0,1,88776.85823530509,0
3501,109583,Davis,418,Spain,Male,18,9,38521.871086128864,2,1,0,73966.11263293088,0
3502,100614,Garcia,706,France,Male,25,5,32188.43910040769,2,1,0,165031.46562955063,0
3503,104570,Davis,621,Germany,Female,43,8,82042.66726626565,2,1,1,36206.329084919475,0
3504,100270,Johnson,647,Germany,Male,18,4,586933.9897754309,3,1,1,16739.11358631174,0
3505,102468,Garcia,665,Germany,Male,18,3,94764.90434789374,2,1,1,22937.927873440865,0
3506,109582,Smith,777,Spain,Male,34,6,85065.21748536278,3,0,1,74147.9061425835,0
3507,103607,Brown,836,France,Male,42,2,142330.13166850604,2,1,0,125832.65782101372,0
3508,103075,Brown,675,Spain,Male,36,7,39871.07420659231,4,1,1,105817.13548072096,0
3509,100289,Garcia,532,France,Female,25,7,29194.62089380201,3,0,0,118975.09551307723,0
3510,108120,Garcia,664,France,Male,26,10,182043.16330941004,2,1,0,129684.33707197498,0
3511,106614,Williams,708,France,Male,35,4,323276.0802731463,2,1,1,69888.54545642098,0
3512,103252,Smith,750,Germany,Female,50,9,54715.66011010025,1,0,1,182821.46320904576,1
3513,107415,Williams,663,Germany,Male,62,7,4214.004442864291,2,0,0,13262.676891336125,1
3514,106771,Johnson,593,Germany,Female,40,2,19742.79523490021,4,1,0,45340.57665339335,1
3515,100278,Miller,559,Germany,Female,18,2,194478.00678881496,3,0,1,133312.95376385617,0
3516,100580,Brown,638,Germany,Male,52,3,12970.41601062576,1,1,0,194901.30938122288,1
3517,104958,Davis,499,France,Female,49,8,143972.13765469563,2,1,1,40277.24036182375,0
3518,108445,Davis,689,Spain,Female,31,4,96822.88525665262,2,1,0,144814.47721228455,0
3519,104276,Jones,667,France,Male,36,5,129730.61321158064,1,1,0,57942.02219183166,0
3520,107997,Jones,667,Germany,Male,60,3,29650.83069361547,3,1,1,49419.917049272386,1
3521,104776,Smith,721,France,Female,63,8,1850.0012772362109,4,1,1,69020.90217093124,1
3522,100824,Davis,795,France,Female,27,3,4056.6233625591954,1,0,0,43563.742439492824,0
3523,103832,Smith,642,France,Male,72,2,129043.77176133322,1,1,0,110379.87567426563,1
3524,108891,Jones,657,Spain,Male,46,1,95035.80727800551,2,1,0,190140.80556953888,1
3525,105445,Smith,613,France,Male,77,2,183541.75772891034,4,1,1,185450.5235451017,1
3526,101380,Brown,705,France,Male,19,0,50957.197372864925,3,1,1,112338.48089594005,0
3527,109865,Johnson,649,Spain,Male,31,10,81092.07514949856,3,1,1,150978.6426418787,0
3528,106534,Johnson,765,France,Female,18,7,153019.11363552077,4,0,1,48890.798509411696,0
3529,103156,Davis,763,Spain,Female,36,0,68647.07015992762,1,1,1,116393.88826133705,0
3530,104307,Williams,681,Spain,Female,51,5,501291.6294783338,4,0,0,157843.14122356183,1
3531,105634,Brown,642,Germany,Female,66,10,135825.79524057172,1,0,1,72343.92358695608,1
3532,108575,Miller,622,France,Male,28,1,114983.32921605305,2,0,0,50992.77284989369,0
3533,105810,Smith,698,France,Female,44,10,161712.83489560062,4,1,1,66354.66804697261,0
3534,108533,Smith,698,France,Female,34,10,150143.67850808287,4,0,1,63671.48270576226,0
3535,105934,Davis,622,France,Female,49,2,24807.072845065068,2,1,1,62634.22787783027,0
3536,103109,Miller,678,France,Male,37,8,23620.845589128516,1,0,1,23713.928843623147,0
3537,104082,Williams,572,Spain,Male,35,8,93159.28768248353,1,1,1,105552.756702492,1
3538,103240,Williams,695,Germany,Male,18,5,57278.65035547809,4,1,1,41748.498758647256,0
3539,106028,Smith,580,France,Male,43,6,205242.2694894727,4,1,1,180947.9244558149,1
3540,101849,Smith,727,France,Female,61,4,34263.442222556376,3,1,1,162538.6028059278,1
3541,108497,Miller,618,Germany,Female,20,6,40176.114605918134,1,1,0,183115.85332729065,0
3542,102749,Davis,817,France,Female,52,5,18189.81446151873,2,1,0,175992.46323441033,1
3543,106680,Brown,653,Spain,Female,40,4,400315.0280140165,1,0,0,78785.0206482702,0
3544,109327,Miller,673,France,Female,18,2,12335.085684435886,3,1,1,157256.4421675121,0
3545,100205,Williams,510,Spain,Female,33,1,406867.63649762527,3,1,1,105472.46297862931,0
3546,107352,Miller,790,Germany,Female,35,4,122551.19960855514,4,1,1,59741.53180493466,0
3547,104591,Miller,646,Spain,Female,45,7,9337.857334015076,3,0,0,79636.67099518869,1
3548,103450,Miller,823,France,Male,47,4,16489.279054469454,3,1,1,119319.06522134603,1
3549,107214,Brown,654,France,Female,41,2,39596.71106236729,3,1,1,170872.99385217548,0
3550,103811,Garcia,628,Germany,Female,49,9,30157.28584494109,2,1,0,13876.094311986231,1
3551,105141,Smith,598,Spain,Male,25,2,361668.17350382794,4,1,0,94662.33626099328,0
3552,108501,Jones,714,Germany,Female,36,4,95021.49030813848,3,1,0,12643.908905611503,0
3553,102708,Davis,702,Germany,Female,36,8,7730.224540605379,2,1,1,65746.60785597134,0
3554,101991,Miller,516,France,Male,56,7,74529.26646764549,4,0,0,88825.2013034469,1
3555,108463,Davis,593,France,Male,18,6,227438.4425000599,4,1,0,99339.60975692727,0
3556,103273,Jones,722,France,Female,48,4,53816.567991083175,2,1,1,151097.75399033862,0
3557,104538,Garcia,585,Germany,Male,61,8,109700.52506844945,3,1,1,149536.2921464094,0
3558,108712,Smith,568,France,Male,40,1,148365.39945343172,3,1,1,70365.6314506534,0
3559,109168,Williams,669,France,Male,88,5,20460.27796970104,4,1,1,80690.97221086892,1
3560,103722,Jones,658,Germany,Male,31,6,193448.08994590357,2,1,1,60438.819458421334,0
3561,103551,Davis,603,Spain,Female,36,6,59569.594958396476,4,1,1,85335.55524322791,0
3562,102832,Davis,826,Germany,Male,30,10,5835.882533813318,2,1,1,75490.54412270988,0
3563,105679,Davis,635,Germany,Male,35,3,211116.65961706633,3,1,1,136823.05408301743,0
3564,106579,Williams,523,Spain,Female,48,1,83092.34801287611,4,0,0,36109.03780905014,1
3565,100152,Jones,488,France,Male,33,0,22104.793762930713,2,1,1,16998.86245416151,0
3566,105754,Davis,752,France,Male,26,0,38191.95283153679,1,1,0,15297.307613172226,0
3567,102800,Williams,540,Germany,Male,18,2,84251.29101117808,1,1,1,193443.01617478905,0
3568,105310,Miller,653,France,Female,36,6,46868.2958938719,2,0,1,57970.58052576065,0
3569,109944,Davis,562,France,Male,38,10,26576.670650444114,2,0,1,149530.22941037477,0
3570,102610,Jones,639,France,Male,34,4,65260.11783269449,2,1,1,147160.12067398577,0
3571,101104,Williams,684,Germany,Male,72,6,20462.32749250377,1,1,1,169133.11543538165,1
3572,107361,Garcia,513,France,Male,48,8,28153.98728961065,2,1,1,84687.72039020744,0
3573,104199,Brown,604,France,Male,30,7,175292.75802025234,3,0,0,133680.5177497976,0
3574,103854,Williams,582,France,Male,49,0,25947.20379359719,1,0,1,79945.66715788763,0
3575,107263,Brown,553,France,Female,51,3,118864.89867142143,2,0,0,55758.822883003355,1
3576,101914,Brown,612,Spain,Male,38,4,28830.868634258888,1,0,1,197418.57456825578,0
3577,107365,Smith,587,Spain,Female,32,6,23876.285859333682,1,1,1,181751.4635471908,1
3578,103072,Miller,737,Spain,Female,24,10,28922.40020007999,1,1,0,99049.87774269005,0
3579,109198,Garcia,578,Spain,Female,59,7,63167.203544109274,3,1,1,126119.17578904705,0
3580,100406,Brown,695,France,Female,36,7,15815.162655852771,3,1,0,194234.69923448036,0
3581,100166,Johnson,691,Spain,Male,36,3,11273.490485654347,4,1,1,76142.1188602029,0
3582,100508,Miller,499,France,Male,55,10,141362.715178624,3,1,1,169967.5696725335,1
3583,101661,Brown,599,Germany,Male,39,6,2357.744762136462,1,1,0,86247.66649699875,1
3584,103664,Williams,638,France,Male,75,10,48692.060704137344,2,1,1,176056.04070380717,1
3585,103489,Brown,676,Spain,Male,31,1,50423.80603779392,4,0,0,103277.08864868904,0
3586,100680,Williams,626,France,Male,33,8,223531.29054006774,1,1,0,111945.44563462179,0
3587,102524,Davis,754,France,Female,28,5,148939.5657825808,2,1,0,154066.12170544852,0
3588,102120,Williams,660,Spain,Male,26,3,71473.19255685553,4,0,0,177635.67587079294,0
3589,105260,Johnson,694,Germany,Male,45,5,65356.68915531526,4,0,1,61538.859744567984,0
3590,104357,Brown,590,Germany,Female,49,6,83379.2502208354,2,1,0,153290.8513246359,1
3591,101363,Brown,696,Germany,Male,33,9,44289.882670959305,4,1,0,190384.0572559883,0
3592,109523,Jones,843,France,Female,39,7,120656.67950211192,3,0,0,15822.532801515068,1
3593,102292,Miller,702,Germany,Male,42,3,115858.89788588283,2,1,1,41122.810741575995,0
3594,101538,Jones,760,France,Male,58,8,85485.3863408105,2,1,1,78372.19364972659,1
3595,103408,Smith,620,Spain,Female,29,5,5942.382060831247,3,1,1,159740.70453500323,0
3596,107742,Williams,742,Germany,Male,41,0,13563.378009908683,2,1,0,121839.22853674045,1
3597,108752,Johnson,751,Spain,Male,45,2,4006.8399597645084,3,0,0,185300.77576640958,1
3598,109291,Jones,674,France,Female,45,0,126767.8724861092,4,0,0,98803.77515759142,1
3599,101903,Brown,642,France,Male,40,5,64932.10887169323,1,0,1,105866.58039009708,0
3600,100174,Smith,500,France,Male,54,5,310067.4421118782,2,0,1,117134.39217961491,1
3601,102230,Johnson,646,France,Male,28,6,304341.8765668378,3,1,1,182466.46853025205,0
3602,104287,Garcia,706,France,Male,36,0,160033.35752746562,1,1,1,22782.66098971578,0
3603,104160,Brown,573,Spain,Female,30,0,58527.78632750021,1,1,1,107829.14105877919,0
3604,107106,Brown,522,France,Female,29,4,38030.97725080369,3,0,0,82502.54253895654,0
3605,109689,Davis,660,Germany,Female,40,4,22436.20659172443,2,1,0,69271.47494984996,0
3606,103171,Garcia,673,France,Female,53,0,26461.018065430286,2,1,0,146526.6440251832,0
3607,101567,Williams,515,France,Female,27,6,463753.39921217575,2,0,0,75245.92991002256,0
3608,101151,Williams,654,Germany,Male,52,6,75576.49277388905,4,1,1,16205.455656164915,0
3609,107619,Jones,678,Spain,Male,34,5,1232.9175853164325,2,1,1,51897.81026127562,0
3610,106033,Jones,782,France,Female,24,6,4530.411106709084,3,0,1,66520.93747292837,0
3611,108560,Brown,602,France,Female,29,5,61390.39606180869,1,0,0,45736.06349887853,0
3612,104946,Miller,850,France,Male,53,9,58605.537986699215,2,0,1,155462.33942824733,1
3613,108234,Brown,655,Spain,Female,23,1,52013.33483342643,4,1,1,125714.32736989442,0
3614,101907,Jones,529,Germany,Female,69,4,173502.05168234865,3,0,0,141778.29441672313,1
3615,103490,Garcia,616,Spain,Male,41,6,121454.63521069562,3,0,0,113599.3645509562,1
3616,102535,Jones,538,France,Male,18,1,11363.593922282564,4,1,1,140145.52136586377,0
3617,104173,Brown,633,Spain,Female,23,4,45048.16626961872,2,1,1,146344.43362202556,0
3618,101293,Johnson,696,Spain,Female,51,2,90802.48274298593,2,1,0,154692.88339712488,1
3619,104769,Brown,676,Spain,Male,18,8,48205.820109339125,1,0,0,158105.5865867906,0
3620,104796,Johnson,536,France,Female,48,9,23357.948063349428,3,1,1,63324.718025095746,0
3621,106871,Johnson,524,Germany,Female,21,0,98900.37940275841,3,1,0,56992.19264394551,0
3622,102972,Brown,691,Germany,Male,44,6,92192.95245468906,1,1,1,147762.15404104078,0
3623,103922,Miller,714,Germany,Female,58,9,367337.7860216872,2,0,1,196744.7564844663,0
3624,104997,Miller,601,France,Female,44,3,82341.60631696745,2,1,1,148137.450056368,0
3625,107032,Smith,396,Germany,Female,51,4,207383.79610732425,2,1,1,106918.08018360127,1
3626,100992,Jones,534,Spain,Male,49,0,297978.4052474419,2,0,0,69082.21242338583,0
3627,108112,Miller,748,Germany,Male,21,4,57054.72753671679,1,1,1,36476.84023423366,0
3628,105287,Williams,576,Germany,Male,20,10,5434.394554778557,4,1,1,121265.92498101263,0
3629,102240,Brown,615,Germany,Female,18,7,15489.442024135078,4,0,0,27203.374350109443,0
3630,101476,Johnson,705,Germany,Female,43,5,70111.92684345556,3,0,0,186184.3562318633,0
3631,106426,Brown,619,France,Female,37,1,223453.40321615548,2,0,1,23685.30728773886,0
3632,100389,Jones,789,France,Male,24,1,106169.82804982938,1,1,1,36892.40286005965,0
3633,100999,Garcia,612,Spain,Female,44,10,22499.741444174335,4,0,1,154633.74711812634,0
3634,101855,Miller,563,France,Male,63,8,120746.00434551615,4,1,0,179003.85577762494,1
3635,108125,Miller,768,Spain,Female,49,0,224638.7430337621,1,0,1,45909.3120948166,0
3636,108850,Miller,654,Spain,Female,59,1,3069.1770104474813,3,1,1,21449.15754474425,0
3637,102763,Johnson,542,Germany,Male,33,7,27814.386902875933,1,1,0,37105.687024179846,0
3638,103663,Williams,697,Spain,Female,41,5,16626.809543458367,3,0,0,146139.877591937,0
3639,104986,Davis,620,France,Female,43,2,153295.38421900218,2,1,1,179175.30473788403,0
3640,101481,Williams,535,France,Male,51,2,222079.69163574965,3,1,1,146519.87649578822,0
3641,107256,Miller,659,France,Female,18,10,80868.70562221031,2,0,0,80558.6024729472,0
3642,103731,Williams,634,Spain,Female,61,8,188520.37187059925,2,1,1,125458.08658842505,1
3643,107262,Garcia,481,Spain,Female,42,1,106984.16501529627,2,1,0,107521.88267103485,1
3644,100451,Miller,544,France,Female,58,9,106914.92431175945,1,0,0,109699.27421282888,0
3645,109729,Smith,836,France,Male,54,4,86680.5972197066,4,1,0,167144.40568270217,1
3646,103093,Johnson,658,France,Female,18,6,5131.297967253762,1,1,1,191616.66383933046,0
3647,100882,Garcia,784,Germany,Male,44,5,276427.3076630837,1,1,1,178766.3386308419,1
3648,104408,Davis,680,Germany,Female,46,0,43970.16885802301,4,1,0,154494.40011985623,1
3649,104068,Johnson,773,Germany,Female,35,9,162241.02159337155,4,1,1,97841.72547600698,0
3650,103277,Davis,705,Spain,Female,39,2,166065.00020832516,4,0,1,56436.423810158376,0
3651,108566,Miller,555,Germany,Male,25,4,337439.6781703077,4,1,1,82456.54666730395,0
3652,107951,Garcia,710,France,Female,36,2,39556.374741823834,2,0,1,174434.79898734123,0
3653,104690,Miller,554,France,Female,34,2,595201.3328509497,4,0,0,13028.928767276602,0
3654,104595,Davis,742,Spain,Male,31,4,35749.59681609904,1,0,1,72109.72549531473,0
3655,104559,Davis,671,Germany,Male,33,7,60033.13178971945,2,1,1,103655.86878642174,0
3656,107291,Garcia,651,France,Female,18,9,122502.63254118788,1,0,1,19134.728772773407,0
3657,108160,Miller,606,France,Male,31,7,16840.51936896843,2,1,0,31287.82958976898,0
3658,100112,Smith,729,Spain,Male,25,7,30975.480535934992,2,0,1,144971.45226228717,0
3659,105131,Johnson,634,France,Female,26,5,130237.06062687072,3,1,1,189332.77839090684,0
3660,103197,Garcia,459,Germany,Male,18,8,366454.41657172533,2,1,0,138667.97328029966,0
3661,100139,Smith,478,Germany,Female,35,4,131975.326753264,3,1,1,55979.05593721654,0
3662,101424,Brown,523,France,Male,25,9,198266.900266947,3,0,0,67678.97172640714,0
3663,102949,Miller,728,Germany,Male,25,6,3820.7449197602555,2,0,0,125902.49164403885,0
3664,103168,Jones,736,France,Female,40,0,86044.43533975612,4,1,1,197321.63162752526,1
3665,108708,Garcia,682,France,Female,63,3,245447.67638972984,4,1,1,134643.52118620774,1
3666,106043,Williams,681,France,Female,40,0,114695.32343654924,1,1,1,27266.103721524796,0
3667,106989,Smith,794,Germany,Male,55,9,112843.96072484033,1,1,0,44128.121242877896,1
3668,107236,Smith,684,Spain,Female,37,1,22695.104692906,3,1,0,145927.77860883996,0
3669,106261,Garcia,713,France,Female,76,5,197429.74487995214,2,1,1,151589.75002596047,1
3670,100887,Davis,648,Spain,Female,22,0,200281.65134236778,2,1,1,26113.244587036097,0
3671,103104,Smith,603,France,Male,18,8,95193.61428353406,2,0,1,120555.32769499985,0
3672,100049,Brown,621,Germany,Female,52,5,55620.347700089435,3,0,1,166150.4661158732,0
3673,103951,Smith,850,Germany,Female,50,7,173882.62688212033,2,1,1,47581.285148702744,1
3674,103560,Jones,541,Germany,Male,18,9,62548.046272967236,1,0,0,144500.19927964258,0
3675,100018,Jones,681,France,Female,36,9,172943.0719225051,4,1,0,89185.5196767256,0
3676,104821,Davis,498,France,Female,65,7,66342.47939514303,3,1,0,135163.3207528803,1
3677,106340,Miller,588,France,Female,52,1,86701.00895331221,4,1,0,117064.47456802538,1
3678,108058,Miller,727,France,Female,18,1,137841.3637328598,3,0,0,188274.5854483095,0
3679,109665,Davis,469,Spain,Male,18,2,30787.6053174239,4,1,1,41253.6112567381,0
3680,102606,Williams,740,France,Female,63,10,28348.45313173692,3,1,0,51578.76837815895,1
3681,107846,Brown,850,France,Female,26,7,110214.23700357092,4,1,0,45000.54609805756,0
3682,108643,Jones,686,France,Female,53,10,307723.042706753,1,1,1,143587.42114159415,1
3683,106432,Davis,776,Germany,Female,49,7,59065.1903213093,1,0,1,46357.51006002778,1
3684,103765,Garcia,674,Spain,Female,38,4,228476.81504300234,3,1,0,89814.86550889148,1
3685,102438,Johnson,721,France,Male,27,1,73019.94294604548,1,0,1,178481.42671882611,0
3686,109741,Johnson,695,France,Female,61,10,364701.7107672066,4,0,0,63975.636641639045,1
3687,106358,Johnson,598,Spain,Female,18,3,157044.54245990838,1,1,1,39780.34209370793,0
3688,108319,Miller,590,France,Female,55,3,196295.73645187553,1,1,1,112047.3397207202,1
3689,105941,Garcia,768,Germany,Male,34,6,113819.76341780467,4,0,1,135075.74430245234,0
3690,107644,Smith,645,Spain,Female,27,3,202869.19701514576,4,1,1,105074.1881259127,0
3691,104855,Garcia,635,France,Male,37,9,89844.65856933648,2,0,0,114541.76118649253,0
3692,106547,Smith,633,France,Female,55,5,83779.56031175202,2,1,1,47909.323200308805,1
3693,107196,Johnson,680,France,Female,20,10,206918.6078393139,3,1,1,67115.2940113197,0
3694,105911,Williams,531,Spain,Male,43,1,1518.0818526239761,3,1,1,135774.4321483262,0
3695,106481,Williams,631,Germany,Female,47,1,65158.095691067254,2,1,0,163556.9812037157,0
3696,102761,Davis,681,France,Female,35,10,204078.95609704277,4,0,1,79553.18847124142,0
3697,104456,Smith,522,France,Male,22,4,21834.20068287996,3,0,1,145235.28117874986,0
3698,109607,Johnson,670,Germany,Female,26,0,317030.7625344438,4,0,1,48813.62509167479,0
3699,106361,Garcia,560,France,Female,65,1,134939.07494450032,2,1,0,67610.44748348648,1
3700,105693,Williams,681,France,Female,53,2,143726.13218247832,2,0,1,12808.69197063673,1
3701,105788,Smith,850,Germany,Male,47,8,109504.71936204452,3,0,0,53053.38431000845,1
3702,100201,Davis,637,Germany,Male,70,8,59325.552677694846,2,1,1,155115.70417779294,1
3703,106160,Garcia,542,France,Female,27,6,61795.886495853505,3,0,0,27570.56067013017,0
3704,100517,Johnson,673,France,Female,38,4,182702.26949179795,1,1,1,26270.61732445534,0
3705,107737,Brown,697,Spain,Male,39,1,14982.26267101369,4,1,1,132040.33313854277,0
3706,109533,Johnson,556,France,Female,57,1,73828.56676703971,4,1,1,105841.87140706739,0
3707,101988,Miller,478,Germany,Female,18,7,37098.69577762949,4,1,1,157517.1933772178,0
3708,103802,Johnson,556,Germany,Male,40,2,415514.0245955699,1,1,0,85245.3593007802,1
3709,105808,Davis,645,France,Male,38,6,369.98230132177446,2,0,1,117481.88182776827,0
3710,107162,Garcia,604,Germany,Male,51,5,6579.193592661052,2,0,0,188837.10145601098,0
3711,106241,Davis,757,France,Female,32,5,342307.08745743555,1,0,1,175413.5130577375,0
3712,108399,Garcia,701,Germany,Female,57,2,78480.58778570758,1,1,0,124918.7978705168,1
3713,105633,Jones,660,Germany,Male,45,5,14912.09830040833,2,1,1,101926.2113966493,1
3714,105755,Jones,475,Spain,Female,27,3,59536.78531156543,1,1,1,20733.09440145604,0
3715,106309,Garcia,713,Germany,Female,47,0,38957.8288942528,2,1,1,110960.77969851294,0
3716,104117,Garcia,847,France,Female,37,7,242146.04001305276,1,1,0,99886.96793171558,0
3717,108345,Brown,736,France,Female,46,8,116340.46424418406,1,1,0,186818.63894832606,0
3718,101518,Brown,584,France,Male,21,2,13985.863313439633,2,1,0,87891.76835177407,0
3719,106163,Johnson,636,Spain,Female,34,10,76883.15719019755,2,1,1,128707.29966268482,0
3720,102600,Davis,695,Spain,Male,54,0,14440.188850394328,2,1,0,183917.20233474186,0
3721,102195,Miller,788,France,Female,60,0,109431.34514377482,2,1,0,48244.09002011599,1
3722,103554,Davis,579,France,Male,45,0,129911.63765942401,3,1,1,82378.94106895504,0
3723,102849,Williams,603,France,Male,35,8,82590.18959702962,3,0,1,80282.59653111076,0
3724,101742,Davis,645,Spain,Female,30,9,338009.5895776898,2,1,1,65003.33686575552,0
3725,101306,Miller,636,France,Male,28,4,288839.38331058243,4,1,1,174085.25945916233,0
3726,103849,Brown,729,Germany,Female,28,2,23056.55512340611,4,1,1,139865.17704140133,0
3727,107519,Johnson,676,France,Female,26,9,32.94397651113981,3,1,1,195305.70342402274,0
3728,104195,Miller,510,France,Male,37,8,108692.72783309911,1,1,0,165876.97613015136,1
3729,105178,Davis,584,France,Male,30,9,64557.97775560155,2,1,1,177940.89439016703,0
3730,102555,Smith,587,France,Male,47,8,40745.48727128366,3,1,0,19293.487201816282,1
3731,102305,Jones,428,France,Male,44,5,248758.73144880307,4,1,0,14946.03360366105,1
3732,107619,Miller,742,France,Female,55,4,384006.36641625885,2,1,1,136238.88315928818,0
3733,109280,Williams,663,France,Female,47,0,266754.09311894816,1,1,0,126734.29353528804,0
3734,102642,Johnson,595,France,Male,51,5,69353.77729327176,1,1,1,16234.35597215508,1
3735,109369,Miller,740,Spain,Male,26,4,121522.47464676596,4,0,1,24937.825492810385,0
3736,106409,Garcia,680,Germany,Male,46,8,18822.729646113137,4,1,0,101433.16171059477,0
3737,104757,Davis,521,Germany,Female,42,6,301301.2554502714,2,1,1,162304.9421609941,0
3738,102994,Smith,710,France,Male,18,2,33362.36615932434,3,0,1,147733.2972931791,0
3739,108751,Jones,787,Germany,Female,38,4,21410.866642972087,2,1,0,110399.40212889551,1
3740,101271,Smith,636,France,Female,23,5,6204.410549070409,2,1,0,95785.97881757707,0
3741,101813,Johnson,643,France,Male,18,10,79933.3192483316,1,1,1,159597.8172116505,0
3742,108801,Davis,660,France,Female,34,1,296547.0621359176,2,1,1,70349.48326285374,0
3743,102461,Brown,528,France,Female,29,6,14570.606200908853,3,1,1,149514.72117919868,0
3744,104120,Jones,664,France,Female,27,8,12877.7342226312,2,1,0,184157.9462216653,0
3745,106124,Davis,560,France,Male,18,9,31827.549131526055,4,1,1,48324.45326680426,0
3746,108475,Smith,649,France,Male,65,8,109480.12389016461,2,1,1,89281.18524643808,1
3747,104396,Brown,666,France,Female,20,4,79366.05877367355,4,1,1,88318.37556834608,0
3748,109283,Williams,703,Germany,Male,33,7,10115.488316345218,1,1,0,93445.99784090534,0
3749,100816,Johnson,706,Germany,Female,49,8,58393.45285799318,1,0,0,23130.16749532733,0
3750,107304,Johnson,557,Spain,Male,53,5,6927.750454447686,1,1,1,146816.45619488286,1
3751,107331,Jones,668,France,Female,22,3,190989.10461083628,1,1,0,129394.87244812258,0
3752,100082,Smith,745,France,Male,35,3,11329.387864859555,3,1,1,174850.9428839582,0
3753,101920,Williams,534,Spain,Male,47,2,63733.09225986536,1,0,0,23334.510788740005,0
3754,107817,Garcia,824,France,Female,43,8,71429.64206338274,2,1,0,111510.9828790213,1
3755,102093,Jones,552,Spain,Male,44,9,75529.1284763705,1,0,1,49264.02074509069,0
3756,107071,Davis,812,France,Female,21,10,93944.39984985132,4,1,0,139518.72887543053,0
3757,107967,Garcia,554,France,Male,26,10,120926.15011415369,4,0,1,159201.56859851634,0
3758,108367,Jones,644,France,Male,36,5,436.7530424012358,3,0,0,101601.2850465047,0
3759,105285,Smith,630,Spain,Male,34,7,3140.229884959502,3,1,1,50060.25358299018,0
3760,104937,Williams,513,France,Male,41,1,94559.44112350704,1,0,1,126622.78874678294,0
3761,100369,Smith,719,France,Female,23,3,20106.660493906245,1,1,0,38042.43809329993,0
3762,101818,Johnson,724,Germany,Female,53,1,178286.97844391817,4,1,1,82101.84315559153,0
3763,102101,Garcia,711,Germany,Female,21,10,98754.95139865039,1,0,1,127559.4133824354,0
3764,103490,Brown,625,Spain,Female,42,10,393226.28913744574,1,1,1,189378.08564293853,0
3765,101779,Miller,579,France,Male,26,2,130196.89863116863,2,1,1,136696.8235361526,0
3766,107674,Davis,759,Germany,Male,35,1,9509.605636077096,2,0,1,131070.71668110439,0
3767,101364,Johnson,671,France,Female,18,8,18750.610441545436,3,1,1,148090.45498390554,0
3768,107294,Johnson,574,France,Female,36,8,4766.71371211034,1,0,1,43574.09493922401,0
3769,103676,Garcia,671,Germany,Female,48,5,135160.64657451003,1,1,0,150161.3256078356,1
3770,102426,Davis,482,France,Female,57,6,13561.732091905156,4,0,0,57338.33893765673,1
3771,108264,Jones,660,Germany,Male,37,4,108995.23747338635,2,1,1,151564.22802718292,0
3772,108089,Johnson,715,Spain,Female,20,9,81057.52038381965,1,1,1,179738.60197085902,0
3773,102962,Miller,632,France,Male,51,0,100320.47698336319,2,1,1,108475.95960310283,0
3774,100859,Williams,721,Spain,Male,44,3,71063.90717738337,3,0,0,13527.390343923063,0
3775,104138,Johnson,731,Spain,Male,36,3,1311.4329029675673,4,0,0,124579.54685377772,1
3776,102424,Williams,677,Germany,Male,30,7,29198.207185389856,3,1,0,76522.7184276246,0
3777,109256,Smith,826,Spain,Male,37,4,216266.52216017907,1,1,1,115286.35707494355,0
3778,104017,Davis,785,France,Male,39,2,264886.52243966947,1,0,1,90323.2812560678,0
3779,108560,Jones,712,Spain,Male,51,0,10226.50763053811,1,1,0,136241.87396226477,1
3780,108342,Williams,685,France,Female,26,0,304973.868609388,2,1,0,71042.23882418207,0
3781,101134,Johnson,624,Spain,Female,28,4,111025.79927283447,2,1,0,82602.72307823235,1
3782,105166,Jones,585,France,Male,35,7,255822.0504757237,3,1,1,18733.825276269283,0
3783,105119,Miller,729,Spain,Female,18,8,51276.74046048344,2,1,1,38287.02725466061,0
3784,105694,Jones,630,Spain,Male,49,9,10730.133400833369,1,1,1,83496.38826756694,1
3785,106136,Williams,548,Germany,Female,47,9,36018.57624186664,3,1,0,12007.205031662092,0
3786,105485,Davis,569,Germany,Female,43,1,117015.61450008448,4,1,0,14161.849262402546,0
3787,104164,Williams,582,Spain,Female,75,4,158582.63664194103,1,1,0,130507.22335972167,1
3788,102346,Brown,825,France,Female,49,3,5142.202153259748,2,1,1,95726.102669998,1
3789,105039,Brown,734,France,Female,59,2,66738.52278946294,2,1,0,11763.981144455074,1
3790,104897,Jones,653,France,Female,39,10,6653.1655116422635,1,1,1,59223.09129435124,1
3791,108252,Garcia,691,Germany,Female,30,7,199226.1076654151,1,0,1,131175.69665003597,0
3792,105041,Davis,703,France,Female,18,1,64691.04159729877,3,0,1,49066.29255059843,0
3793,103901,Garcia,563,France,Male,43,1,246301.0054645206,4,0,1,159632.26219378324,0
3794,101337,Brown,533,France,Male,47,4,8183.80322761453,2,0,0,64309.90930034018,0
3795,101184,Johnson,755,France,Male,52,9,40117.928255754174,2,0,1,189039.0560692689,0
3796,104426,Smith,515,France,Female,31,9,112867.49761583806,3,1,0,109518.20755202415,0
3797,101551,Jones,648,France,Male,49,9,34755.39257811805,3,1,0,44684.36699845363,0
3798,101629,Smith,577,France,Male,19,0,184237.00937044676,4,0,1,33099.52926031544,0
3799,109519,Brown,672,Germany,Female,40,6,433009.4612777745,4,0,1,38813.46313496029,0
3800,101526,Williams,624,France,Male,47,8,33019.93911531821,4,1,0,144057.4585351335,0
3801,109865,Miller,703,Spain,Male,48,1,44797.268577548064,2,1,0,41031.81350245119,1
3802,101361,Jones,418,Germany,Female,51,9,342177.3821647008,3,1,0,188534.42465034197,1
3803,109765,Brown,762,France,Female,47,0,44326.21614391519,2,1,1,70702.17617396574,1
3804,104370,Davis,723,France,Male,40,8,81190.03416140996,2,0,1,23664.467904904133,1
3805,105283,Johnson,751,Germany,Female,57,1,146638.42902573608,3,1,1,42013.56048475765,1
3806,107610,Miller,739,France,Female,38,8,57686.705925288,4,0,1,75617.27565081189,0
3807,101993,Jones,681,Spain,Male,38,7,46618.36532546751,3,1,1,34716.61170183915,0
3808,100869,Jones,585,France,Female,62,6,68436.25706133705,3,0,1,171244.43316835337,1
3809,101014,Davis,693,Germany,Male,18,10,151194.77606697925,2,0,1,192036.82480236783,0
3810,100602,Garcia,678,Spain,Female,47,0,37420.23369169023,3,0,1,154278.2394192741,0
3811,100690,Williams,737,Germany,Female,48,3,43202.59916500766,2,1,1,127612.1596538716,0
3812,108685,Jones,712,Spain,Male,32,10,20965.90075664026,4,1,1,162127.368499643,0
3813,100489,Williams,659,Spain,Female,39,10,120937.90587622992,4,0,1,40673.221319159944,0
3814,106864,Brown,693,Spain,Female,38,6,229710.4827419953,1,1,0,82659.11702844621,0
3815,107240,Johnson,702,Spain,Male,35,5,20547.545651733788,3,1,0,51697.92772091585,0
3816,107786,Miller,758,France,Female,38,0,3520.1917885941402,4,1,1,98982.71223718522,0
3817,108024,Miller,823,France,Female,44,6,48008.73527551958,2,1,0,44677.42025495302,1
3818,100294,Johnson,709,France,Female,30,1,52789.50900163517,2,1,0,165376.64754932874,0
3819,105488,Jones,702,Spain,Female,38,7,103807.29225739231,2,1,0,162429.44145963725,1
3820,104027,Jones,627,France,Male,18,1,8947.732292375778,4,1,1,80935.30788863575,0
3821,102912,Brown,615,France,Female,29,3,172315.77461482896,3,1,1,147814.8776579295,0
3822,109909,Garcia,577,Spain,Female,22,5,85328.49640295614,3,0,1,91724.06338772272,0
3823,104744,Garcia,330,France,Female,41,7,78959.40273950888,4,1,1,65249.96281133395,0
3824,101873,Garcia,566,Germany,Female,23,10,38032.825330308675,4,0,1,63491.66303675386,0
3825,103258,Williams,632,Spain,Female,18,2,45455.16493786288,1,0,0,103952.65578883777,0
3826,102817,Garcia,619,Germany,Male,18,5,5702.2570691543515,3,0,0,13890.135194326851,0
3827,108636,Johnson,695,Germany,Female,23,5,140142.74003886967,1,0,0,145501.48957714718,0
3828,103641,Miller,569,Germany,Male,54,0,92820.28083420894,1,1,1,84961.02092885628,1
3829,104458,Miller,573,Germany,Male,62,5,374771.7243521352,1,1,0,37899.20090275109,1
3830,105307,Williams,438,France,Male,33,0,43627.76346088195,1,1,0,131182.90348693883,0
3831,108933,Brown,697,France,Male,18,8,109734.42396511583,3,1,1,153635.3140836216,0
3832,102041,Johnson,561,France,Female,34,3,252006.0950344963,1,1,1,33688.4779719754,0
3833,100679,Miller,578,Germany,Male,59,4,124368.73882444476,3,1,1,31021.714224587984,1
3834,105738,Johnson,706,Germany,Female,42,0,4114.551007020117,4,1,1,84731.14259668134,0
3835,105668,Miller,561,France,Female,18,0,100031.60331168743,3,1,0,133887.1716718576,0
3836,109550,Smith,688,Germany,Male,66,8,78831.76015568242,4,1,1,121020.09722737232,1
3837,107697,Brown,529,France,Male,33,5,69177.47992996617,3,1,1,195278.6415533574,0
3838,108033,Brown,647,France,Female,30,9,80529.50507838959,3,1,0,94243.32247834958,0
3839,100062,Davis,589,France,Male,56,9,61723.451625764435,3,0,1,77385.39134941825,1
3840,107829,Smith,623,Spain,Female,43,5,117711.09450946367,2,0,0,154722.4140481599,1
3841,107352,Williams,801,Spain,Male,58,4,1502.5218166884154,3,1,0,191773.16421571738,0
3842,106915,Miller,486,France,Female,36,5,20894.44776527805,4,1,1,179743.9632909376,0
3843,108326,Davis,792,Germany,Female,37,7,45473.77539610778,3,1,1,89204.55962165947,1
3844,103644,Miller,558,France,Male,31,6,60269.83804606961,1,0,0,130570.62141191488,0
3845,104970,Miller,736,Spain,Male,41,6,13982.12443361132,4,0,1,38513.48695909528,0
3846,108003,Garcia,756,France,Male,38,8,171560.9743548657,1,1,1,146177.62977575278,0
3847,103278,Garcia,693,Spain,Male,28,8,265060.2924218156,4,0,0,77607.82660702655,0
3848,107296,Garcia,528,Germany,Female,18,8,139116.81763297092,1,1,0,53508.17366587545,0
3849,109014,Garcia,677,Germany,Male,46,0,264251.5980460609,4,0,1,37076.01974325202,0
3850,103074,Garcia,850,Germany,Female,43,10,135954.0937207106,1,1,1,60187.77048446147,1
3851,108312,Smith,651,France,Female,35,10,58170.60233789104,1,1,0,107762.74957853935,0
3852,107552,Brown,639,Germany,Female,53,5,49944.557841509966,4,1,1,180304.94145047825,0
3853,101637,Williams,630,France,Female,41,4,18200.086649620276,4,1,1,60743.03882611268,0
3854,105103,Johnson,701,France,Male,45,7,9041.393114910634,4,1,0,22146.159830768123,1
3855,109116,Garcia,641,Germany,Male,38,10,24797.209701329502,1,1,1,158529.46859923928,0
3856,100644,Smith,678,France,Female,18,9,75957.70512717211,3,0,1,158704.7652756858,0
3857,102032,Davis,620,France,Female,58,7,14496.467693743312,4,1,1,24211.79714528159,1
3858,102761,Davis,546,Spain,Male,44,7,301927.823752661,4,1,1,46011.74127871303,0
3859,102068,Miller,850,Spain,Male,19,4,24654.327314532326,3,1,0,41731.13276158589,0
3860,100241,Williams,640,Germany,Female,32,9,179354.94422298908,1,0,1,98532.8221288346,0
3861,102668,Davis,850,Spain,Female,47,10,170825.8542376973,2,1,1,58567.92558277652,1
3862,100802,Williams,692,Spain,Female,61,9,15222.367373313231,2,1,1,152408.9847806707,1
3863,105059,Williams,709,Germany,Male,43,0,124043.91858872758,3,0,0,127961.2618150899,0
3864,100195,Smith,619,Spain,Male,50,3,173791.82937880745,3,1,0,139295.61893801385,0
3865,102187,Johnson,590,France,Male,63,6,215664.54180572313,2,1,0,82822.75484694552,1
3866,102330,Garcia,621,Germany,Female,63,1,307867.05934047507,2,1,1,105602.68641845709,1
3867,104841,Williams,566,France,Male,42,6,266073.91940038675,1,1,1,139501.38589266044,0
3868,103606,Smith,557,Spain,Female,48,4,37271.29501366493,2,0,1,110946.85997243457,0
3869,108468,Miller,828,Spain,Male,24,5,31150.485717692594,1,1,0,25802.712972343812,0
3870,100060,Brown,729,France,Female,38,5,50671.809836716355,4,1,1,79840.5122489192,0
3871,103927,Miller,799,Germany,Male,45,4,62550.02483593823,3,1,1,194562.52579619017,0
3872,106296,Smith,762,Spain,Female,32,9,26642.301205110896,4,1,0,106047.55870971839,0
3873,102591,Smith,589,Spain,Female,19,6,9001.573576750758,3,0,1,88924.2380356363,0
3874,108758,Smith,496,France,Female,38,3,106881.97939873583,4,0,1,179152.13942069764,0
3875,109763,Williams,603,Spain,Male,18,0,19145.205423481533,1,1,1,136635.07762438717,0
3876,106121,Smith,659,France,Male,61,8,246392.45073356942,3,1,1,91925.74609253289,1
3877,101200,Brown,764,Germany,Female,38,6,33923.477326546774,4,1,0,123650.73208405815,1
3878,102854,Williams,644,France,Female,54,8,22025.552680329423,3,1,0,75031.73394019813,0
3879,107024,Miller,850,France,Female,25,10,21586.777460334804,1,1,0,162952.44248462448,0
3880,109428,Brown,606,France,Female,31,8,34174.198876873255,2,1,0,146620.54518749347,1
3881,106972,Davis,709,France,Female,47,6,94717.73227574256,4,1,1,52539.58800997381,0
3882,100136,Jones,590,Germany,Female,61,1,383122.6234497663,3,1,1,69531.60295670725,1
3883,101029,Miller,690,France,Female,41,10,66605.46101470289,2,1,1,12110.432484259147,0
3884,102594,Smith,637,Spain,Female,26,1,91548.60159788579,2,1,1,160616.83936494993,0
3885,107206,Garcia,625,Spain,Female,52,3,184896.10506505825,3,1,0,28586.951564066112,1
3886,100661,Garcia,588,Spain,Male,22,8,40652.183321704724,2,1,0,119401.56477906549,0
3887,102472,Williams,664,France,Female,58,6,19830.05506691267,3,1,0,171044.59589852864,1
3888,100086,Garcia,733,Germany,Female,54,8,56850.23826488493,3,1,0,193608.5067682197,0
3889,106219,Miller,552,France,Female,27,3,38374.17856139335,1,0,0,71693.867445344,0
3890,108143,Williams,645,France,Female,37,8,201088.39189179632,3,1,1,46177.94176957103,0
3891,106968,Miller,699,Spain,Male,31,6,381398.2296239307,4,1,0,197567.88277374915,0
3892,102773,Smith,718,France,Female,44,7,116576.79622105985,1,1,1,46674.57895948161,1
3893,101700,Johnson,836,Spain,Female,46,0,106062.52973645763,1,0,1,39899.220297290914,1
3894,102700,Johnson,707,France,Female,18,8,125253.70911497684,1,0,0,185827.12407507573,0
3895,106815,Brown,609,France,Female,46,7,63048.38683697603,1,0,0,187962.57412600124,1
3896,101647,Smith,593,France,Female,37,0,99099.95042395871,4,1,0,101866.62280474318,0
3897,106038,Garcia,591,Spain,Male,20,7,7392.752787103083,4,1,0,132220.3220076433,0
3898,105164,Smith,586,France,Female,48,4,68013.00383588285,1,1,1,90308.20173365975,0
3899,105520,Jones,671,France,Female,62,2,40401.608899063736,2,1,1,186275.80820073702,1
3900,103687,Johnson,692,Germany,Female,40,7,5464.664118379736,4,1,0,168963.15266966925,1
3901,100596,Garcia,732,Spain,Male,59,10,78696.63496896563,4,0,1,108433.48217023205,1
3902,104545,Miller,716,Germany,Male,51,10,44668.79283280593,1,0,1,95638.61683493663,1
3903,108676,Miller,774,France,Male,51,2,89309.64480815889,4,0,1,141016.397585766,0
3904,108837,Johnson,583,France,Male,45,7,71986.09743321541,1,1,1,136801.19071968313,0
3905,104757,Smith,813,Spain,Female,35,4,32326.732544510058,2,1,1,26907.705120423452,0
3906,104384,Garcia,587,Germany,Female,27,7,77649.28226358266,1,1,1,64135.87403880116,0
3907,108912,Brown,684,Spain,Male,85,2,47606.05137818912,2,1,1,94210.5963342689,1
3908,104733,Miller,630,Germany,Male,41,9,253977.78222558505,4,1,1,117244.16898513881,0
3909,107081,Smith,647,France,Female,41,5,47101.74269036244,2,1,1,47658.38153050197,0
3910,108690,Brown,717,France,Male,55,5,4097.81649210876,1,0,0,71858.29026863325,1
3911,107117,Davis,506,Germany,Female,18,3,144211.4741393985,3,1,0,106591.79708453613,0
3912,104729,Garcia,566,France,Male,47,4,331548.0045485652,4,1,0,181317.18544822765,1
3913,101673,Johnson,724,Spain,Male,59,6,18558.746820173503,3,0,0,84702.58275385205,1
3914,108306,Davis,649,France,Male,58,0,360392.7120340466,1,1,1,67077.23756334254,0
3915,109928,Jones,624,Germany,Male,47,7,96022.65724886379,3,1,1,172277.10959341,0
3916,107178,Davis,537,France,Male,23,10,187984.22512270013,4,1,0,55235.723828429465,0
3917,102294,Williams,625,France,Male,52,2,64035.61462804727,1,1,1,125434.4203841747,1
3918,103630,Johnson,718,Germany,Female,22,6,97424.18812840739,1,1,1,89519.21244583458,0
3919,100146,Brown,593,Germany,Female,61,8,183921.5051738034,2,1,1,182462.5782180975,1
3920,103453,Smith,786,France,Female,50,1,406284.84919863474,1,1,0,140966.70743331802,1
3921,104507,Davis,757,France,Female,33,9,20431.846480713008,1,1,0,178817.93149930667,1
3922,105783,Miller,614,Germany,Male,55,9,229012.91956976714,3,1,1,136003.6353408818,1
3923,107751,Garcia,590,Spain,Female,36,6,110042.96371052762,2,1,1,117476.25316709699,0
3924,105628,Davis,373,France,Male,40,0,293484.6795592702,2,1,1,90112.89537517585,0
3925,108328,Johnson,542,Germany,Male,49,4,38288.224105084555,3,1,0,126955.97676380217,1
3926,103360,Miller,536,France,Male,38,10,27785.576319436084,1,1,1,159876.69258011974,0
3927,103005,Miller,506,Germany,Female,35,6,45495.49687353828,4,1,0,92839.85470310977,0
3928,103552,Jones,646,Germany,Male,29,4,215847.87355239317,2,0,1,131884.43108690187,0
3929,100018,Garcia,681,France,Male,53,4,61550.61846410235,2,1,1,95127.92347628075,1
3930,102242,Davis,831,Germany,Male,39,5,302569.0153713474,4,0,1,29714.026064387384,0
3931,106318,Brown,656,France,Male,54,9,27752.06676167596,4,1,1,117391.41608036922,0
3932,105097,Garcia,446,France,Female,30,9,24915.670123567936,3,0,0,23828.6880615371,0
3933,108640,Davis,575,Germany,Male,24,10,113446.44040160412,2,1,1,124089.52094350258,0
3934,101948,Garcia,711,France,Female,55,10,34483.58121896289,1,1,1,169707.37468813744,0
3935,109137,Smith,641,Spain,Male,22,5,13829.109073565327,3,1,1,40907.82302086327,0
3936,105618,Williams,735,France,Female,30,9,47150.60857224617,4,1,0,123922.52292912333,0
3937,104236,Davis,598,Spain,Female,47,1,30947.212212395876,1,1,1,22679.953278312933,0
3938,106901,Miller,765,France,Female,66,9,53269.87303292596,4,1,0,62670.69804978132,1
3939,101920,Brown,674,France,Female,44,10,20642.286920427072,4,0,1,35293.62017055326,0
3940,104188,Davis,677,Germany,Female,23,9,314615.7580202423,2,1,0,16263.513703951685,0
3941,100238,Davis,664,France,Female,25,8,161771.6850910508,3,1,1,170875.7322736549,0
3942,100204,Smith,573,Spain,Female,38,2,183823.02897760755,1,1,0,88819.30414647989,0
3943,105552,Miller,644,Germany,Male,48,0,35352.46130443357,2,1,1,40097.065554203116,0
3944,104927,Williams,679,France,Male,24,10,194322.4652361792,1,1,1,131269.16569069284,0
3945,104390,Smith,509,Spain,Female,25,0,89351.19624939065,1,1,1,181398.7285977723,0
3946,102687,Williams,657,France,Female,38,8,5840.413430995436,3,0,1,106077.33743567605,0
3947,104951,Williams,771,France,Female,49,5,16636.329586611424,1,1,1,167832.58057842005,1
3948,106160,Williams,693,France,Male,19,6,59052.305894259225,2,1,1,170347.40409674015,0
3949,105388,Smith,786,Spain,Male,18,1,50052.05264754383,2,1,1,152956.18707566947,0
3950,109540,Garcia,690,Germany,Male,37,10,158610.49224540655,2,0,1,63400.935726002266,0
3951,105126,Davis,560,Germany,Female,79,0,206885.30852106956,2,0,1,99717.63180287997,1
3952,100816,Williams,729,Germany,Female,32,1,200196.5622637325,1,0,0,38979.223098670365,0
3953,109012,Garcia,535,Germany,Female,56,2,47046.63242925932,2,0,1,184977.4855365938,0
3954,100192,Davis,629,Spain,Male,23,2,100998.2243483819,3,1,1,135627.12842090716,0
3955,101776,Miller,622,France,Female,40,7,68734.65275235401,1,1,1,12641.142991964358,0
3956,103645,Davis,582,France,Female,55,3,219749.78665973266,3,1,1,162274.33341167844,1
3957,106314,Miller,850,France,Female,37,0,219797.20905621548,2,1,0,14323.095316848474,0
3958,108442,Brown,642,Spain,Male,21,1,5537.7675941083535,3,1,1,126942.73749430098,0
3959,101788,Jones,831,Germany,Female,39,8,84895.95889930919,4,1,0,94483.91235971096,0
3960,107374,Garcia,684,Germany,Female,51,1,70010.39169306048,2,1,0,50858.080379822786,0
3961,103700,Davis,567,France,Male,68,8,147138.24411474948,1,1,1,153686.80322976987,1
3962,109359,Miller,609,France,Male,18,4,21791.73078873323,3,1,1,199731.64767510936,0
3963,103893,Jones,646,Spain,Male,44,3,118743.79281315426,1,1,1,144052.2729005607,0
3964,106811,Williams,615,France,Male,26,3,134174.05904499316,2,1,0,163742.66965899873,0
3965,109288,Jones,622,Germany,Female,41,2,2711.019852158002,1,1,1,183564.43263119698,0
3966,102679,Jones,707,France,Female,26,1,56434.64904203791,3,0,0,94738.72192195262,0
3967,103904,Williams,686,Germany,Female,28,7,386069.08449420525,3,0,1,131860.02088190574,0
3968,107260,Garcia,718,Germany,Male,63,5,35753.89073062057,4,0,0,111787.68159821077,1
3969,100504,Davis,802,Spain,Male,39,8,215876.35455594922,4,1,0,71177.65464766085,0
3970,109813,Williams,602,France,Male,19,1,88404.14106484888,3,0,1,23696.463082587834,0
3971,109579,Brown,761,Germany,Male,36,0,35175.035995605154,4,1,1,173189.00376245865,0
3972,106773,Johnson,789,France,Female,48,7,180781.0102366644,2,0,1,30826.726183827966,1
3973,103816,Davis,779,Spain,Female,42,7,467363.19512545475,3,1,0,117580.23890592324,0
3974,100717,Smith,474,Germany,Male,45,4,135481.82721025747,3,0,1,17516.306502791773,0
3975,104434,Williams,829,France,Female,67,1,6325.286449227478,3,0,0,112512.83486118313,1
3976,100658,Williams,586,Germany,Female,53,9,5383.399426908528,1,0,1,22289.12265201702,1
3977,105057,Jones,465,Germany,Male,59,4,67639.92914678498,2,1,0,144952.52983905195,1
3978,104008,Brown,827,Spain,Female,44,7,608.5405102955417,2,1,1,123368.04844806867,0
3979,104994,Miller,701,France,Female,52,3,112685.26391984115,2,0,1,146935.278295315,1
3980,104234,Miller,705,France,Female,28,1,1643.6668874935563,2,1,0,118229.6270174971,0
3981,103764,Jones,616,Spain,Male,50,2,361433.0988776881,3,0,0,152013.44159609766,1
3982,104637,Garcia,668,Spain,Male,62,2,212554.81610099235,4,1,1,80630.97947305211,0
3983,102104,Davis,636,France,Male,42,8,168944.67435354326,2,1,1,73303.31596335316,0
3984,109447,Williams,587,France,Male,32,2,167350.80789181066,2,1,0,104674.84322572027,0
3985,106801,Davis,652,France,Female,59,0,179802.96096774892,4,0,1,106656.41122304734,0
3986,108575,Davis,661,France,Male,27,6,56961.356640249316,3,1,1,75459.53349799417,0
3987,102607,Williams,517,France,Female,73,0,156952.82966956703,3,0,0,104958.74452175236,1
3988,108385,Jones,655,France,Female,44,5,45752.23457923275,3,0,0,51539.72217411376,1
3989,103719,Davis,471,Spain,Male,18,9,188641.98587802006,3,0,1,134313.87860306556,0
3990,102581,Williams,842,France,Male,45,3,96224.622086753,4,1,1,194671.3395723488,0
3991,102565,Garcia,639,Germany,Male,60,6,44370.4541843015,1,1,1,125527.37803299083,1
3992,102763,Davis,542,Germany,Male,55,6,136834.90094380212,4,0,1,101055.1070005748,0
3993,106328,Johnson,701,Germany,Female,39,6,27815.9931900506,2,1,1,182081.1483430225,0
3994,105991,Smith,575,Germany,Female,41,5,334285.1272046696,3,1,0,135707.008234507,0
3995,103406,Smith,647,Germany,Female,55,6,109286.43087659207,2,0,0,67567.51333810024,1
3996,108923,Smith,695,Spain,Male,18,7,51283.10972993687,1,1,1,128503.5255491682,0
3997,104780,Johnson,548,Spain,Male,30,2,80012.71936493444,3,0,0,152090.23607795406,0
3998,104177,Williams,844,France,Male,28,4,133776.38521481835,1,1,1,156844.5216254327,0
3999,106476,Jones,850,France,Male,51,9,159613.74987067285,2,0,1,13071.24416488489,1
4000,102604,Miller,597,Spain,Female,25,10,368722.87118319975,4,1,0,155742.16455152846,0
4001,108181,Brown,537,Germany,Male,28,8,23440.350753307757,1,1,1,162166.0884164148,0
4002,102382,Williams,596,Spain,Female,32,7,70206.41732444825,4,0,0,44561.005583125756,1
4003,100531,Johnson,602,France,Female,26,5,9591.383541815312,2,1,0,171916.83567731286,0
4004,106079,Davis,761,France,Female,55,8,8585.654379307874,2,0,1,145768.2267871177,1
4005,100634,Garcia,598,France,Male,32,9,11018.616977391961,2,1,1,128320.55673106825,0
4006,109961,Johnson,533,France,Male,47,4,30043.471227044894,2,1,0,156508.0671793074,1
4007,100002,Davis,660,Germany,Female,31,1,119182.8724374868,2,0,0,59260.89992887454,1
4008,108397,Miller,500,Spain,Male,38,8,197425.04649965322,3,0,1,40644.68519204021,0
4009,105951,Smith,756,Germany,Male,36,4,57269.325806102075,3,1,1,24597.58743847168,1
4010,105626,Williams,709,France,Male,18,7,81013.7814767546,4,0,1,93067.77686997497,0
4011,107739,Miller,590,Germany,Female,21,7,23113.414327987663,1,1,1,106983.64388497472,0
4012,106003,Smith,600,Germany,Female,20,3,156580.96625489637,1,1,1,31097.14506745038,0
4013,102890,Brown,674,Germany,Female,55,3,219242.31405341762,3,0,1,86734.53637430239,1
4014,106239,Davis,539,Germany,Female,58,0,66474.79201462296,2,1,1,60758.07961972011,1
4015,108026,Davis,571,Germany,Female,31,4,17539.473159681696,2,1,1,178263.00216434637,1
4016,103306,Garcia,627,France,Male,45,8,511.4712103803595,3,1,0,119454.5130246703,0
4017,100897,Smith,518,Germany,Male,28,4,76875.72316832605,2,1,0,44489.88542898604,0
4018,109277,Brown,604,Germany,Female,43,4,68842.99903923261,1,1,1,102990.25368945856,1
4019,109471,Davis,542,France,Female,33,5,260110.76181932352,2,1,1,19376.244783651062,0
4020,100670,Johnson,792,France,Female,31,5,3716.649810392581,2,1,1,96179.75718776799,0
4021,107291,Smith,609,France,Female,48,7,16128.61922846259,1,1,1,181435.11793982494,1
4022,101505,Smith,555,France,Male,43,0,22025.595781488908,1,1,1,109484.94907880118,0
4023,106460,Jones,717,Spain,Female,27,4,79213.83075097784,3,1,1,52304.78861496088,0
4024,105167,Garcia,587,France,Male,64,8,33510.38816745783,2,1,0,184358.2943764382,1
4025,105255,Garcia,539,France,Female,66,2,23026.76416626038,4,1,1,188773.90669480606,0
4026,100249,Miller,738,France,Male,40,10,72240.18881231871,1,1,1,63438.18347570102,0
4027,106457,Johnson,617,France,Male,48,6,4150.26376517441,1,1,1,44314.15612312153,1
4028,101892,Jones,734,Germany,Male,73,6,369862.20561642764,1,1,0,28643.977309821923,1
4029,103439,Miller,648,Germany,Female,48,9,197341.52896088545,1,1,1,156984.87697511681,1
4030,102854,Brown,662,France,Female,18,2,31740.111663706622,1,1,1,146288.05728317768,0
4031,109695,Miller,706,Spain,Female,39,6,40972.94574696419,1,0,1,156182.71510764863,0
4032,103792,Brown,586,France,Female,33,2,28222.787933910444,3,1,1,42107.783679200045,0
4033,105330,Johnson,568,Germany,Male,32,5,263664.70080685976,2,0,0,195118.69845122675,0
4034,107871,Davis,770,Spain,Female,45,7,105899.8879568174,4,0,1,47708.158897732144,0
4035,108235,Garcia,707,Germany,Female,31,7,73642.80463001657,4,1,0,18725.99031468432,1
4036,103612,Davis,643,Spain,Female,51,5,71049.60324529586,4,0,0,85671.84059521323,0
4037,102618,Brown,729,Spain,Female,29,1,18142.67197966332,2,1,1,116067.4809744717,0
4038,104678,Johnson,704,Spain,Female,22,0,328732.81787205563,4,0,0,89987.76155756525,0
4039,103163,Davis,744,France,Male,58,2,246037.91817861726,2,1,0,103021.79726213592,1
4040,109480,Miller,535,Germany,Male,34,2,304536.49070673954,2,1,1,117295.53970053147,0
4041,102942,Brown,643,Spain,Male,50,6,34380.413949774214,2,0,1,51317.01797319319,0
4042,108411,Williams,762,Spain,Female,24,3,64750.20089204679,2,0,0,170309.68871243557,0
4043,101925,Smith,817,Spain,Female,36,1,73173.45216402867,4,0,0,61763.38957024414,0
4044,102972,Miller,596,Spain,Male,48,1,67270.68684290894,2,0,1,199650.1004207284,0
4045,100990,Garcia,665,Germany,Female,27,6,1937.6002733790406,3,0,1,195269.40970634788,0
4046,101812,Davis,651,France,Male,45,7,179065.58610201516,1,1,1,70318.71518170388,0
4047,108995,Miller,525,France,Male,56,10,137257.10020712682,1,1,1,111323.75330312853,1
4048,100489,Williams,621,France,Male,44,4,64397.27178124732,1,1,1,186317.6328198646,0
4049,105876,Johnson,492,France,Male,30,1,31115.80667577598,3,1,0,116507.86663800228,0
4050,109685,Johnson,633,France,Male,29,2,100779.46757637488,1,1,1,159021.48528741486,0
4051,103645,Miller,546,France,Female,27,0,14883.892560047465,4,0,1,99441.13070574535,0
4052,107081,Williams,666,France,Female,25,9,590628.2574930817,4,1,0,100213.4177177384,0
4053,102891,Davis,619,Spain,Female,51,3,13392.007981712839,3,1,0,81559.07747237236,1
4054,109897,Miller,617,France,Female,25,6,6023.2510383381505,3,1,0,103024.41500519273,0
4055,103516,Smith,805,France,Male,34,9,94780.39343511718,3,1,0,22329.467037458962,0
4056,103340,Smith,657,Germany,Male,41,8,62252.39073307821,3,1,1,194010.13813436808,0
4057,106410,Jones,837,Spain,Male,33,2,126940.23730929702,1,0,0,171669.45925671587,0
4058,100053,Brown,694,France,Male,28,3,13692.829621933213,2,0,1,171742.51837909862,0
4059,102575,Jones,731,France,Female,56,5,45215.69783820269,1,0,1,139493.1411654779,0
4060,100615,Davis,563,France,Male,29,0,69521.60434458456,3,0,1,47939.473018922625,0
4061,105944,Smith,580,France,Male,41,4,59238.152191198154,4,0,1,51860.9444467985,0
4062,107404,Williams,651,France,Male,31,9,87474.95514277769,3,1,0,28140.137489353285,0
4063,100954,Brown,771,Germany,Female,30,4,10730.703841562858,3,0,1,158833.32221423596,0
4064,101629,Davis,613,Spain,Male,19,9,70062.43167092676,1,1,1,180537.75958202904,0
4065,106859,Williams,506,Germany,Male,39,8,80915.7215916865,2,1,1,127661.74306741239,0
4066,108841,Davis,689,France,Male,19,8,212881.7912242782,1,0,1,171705.66808717948,0
4067,103278,Jones,656,France,Female,43,0,84647.59640185714,3,1,1,182254.70118491622,0
4068,105455,Johnson,594,France,Female,34,2,79251.57174338216,4,1,1,39228.61460753389,0
4069,103801,Williams,612,France,Male,24,3,167172.73282573817,2,0,1,84364.45376663555,0
4070,102561,Jones,562,Germany,Female,21,0,6720.608036772753,3,1,1,37722.19866983263,0
4071,106539,Jones,742,Spain,Female,18,8,104401.66070362135,4,1,0,86295.40858188807,0
4072,100370,Jones,652,France,Male,48,1,167027.36470649068,4,1,1,99976.17991239451,0
4073,100857,Johnson,674,Spain,Female,38,4,9937.370674510783,4,1,1,145361.81742501855,0
4074,104886,Johnson,590,Spain,Female,41,2,166904.17743582456,2,1,0,137797.10231276555,0
4075,107485,Miller,783,France,Male,46,3,154719.54332882928,2,1,1,197904.02574609502,0
4076,100383,Johnson,672,France,Male,62,3,94.3574091411617,3,1,0,54183.4408848548,1
4077,104334,Brown,435,France,Female,24,10,28257.131451933863,1,0,1,40758.923109433366,0
4078,104290,Johnson,695,Germany,Male,29,1,16400.028227280603,1,1,0,148686.7805797748,0
4079,102725,Johnson,623,France,Female,46,10,71608.39049475137,2,1,1,144016.3384071425,0
4080,106204,Johnson,633,France,Male,50,1,245348.4820295237,3,1,1,37054.3074992869,0
4081,106111,Davis,749,Spain,Female,39,7,92307.98228709339,3,0,1,165656.1544330364,0
4082,104251,Williams,658,France,Male,18,1,92080.84140103232,3,0,1,76205.4196635333,0
4083,100922,Johnson,821,France,Female,18,9,13107.570866471873,1,1,1,100347.08999611507,0
4084,102915,Brown,660,Spain,Female,37,6,109775.05910444414,2,0,1,140989.48249416635,0
4085,107957,Davis,603,Spain,Female,55,0,219212.28257446605,3,1,1,126009.72752650038,1
4086,103046,Jones,468,France,Female,60,0,56097.506112500785,1,0,1,137347.8861157016,1
4087,109166,Williams,578,France,Female,18,9,114497.43301705597,1,1,0,33188.08066360327,0
4088,101230,Smith,617,Germany,Female,45,2,34945.97698187929,1,1,1,65853.86420517055,0
4089,107647,Davis,796,Spain,Female,45,2,31320.395296986764,3,1,1,164623.78838727696,1
4090,104933,Johnson,603,Spain,Female,31,10,20468.133503502682,2,1,1,186827.6578728039,0
4091,109555,Davis,814,France,Male,41,8,27641.60851486784,4,1,1,89498.72452789011,0
4092,103940,Miller,535,Germany,Female,35,1,41970.36829100529,3,1,0,192872.33900066567,0
4093,106483,Miller,572,France,Male,21,3,83638.97797831286,4,1,0,187080.09918823966,0
4094,100203,Davis,762,Spain,Male,29,2,151710.78326789883,1,1,0,171905.42324143933,0
4095,100160,Jones,590,France,Female,69,6,34187.52078330313,1,0,1,152976.50783554403,1
4096,108960,Jones,759,France,Male,43,5,18405.700187918716,2,1,1,111585.81229965856,0
4097,103748,Williams,567,France,Male,20,8,59740.57244730881,1,1,1,51667.54911226377,0
4098,106718,Miller,577,France,Male,22,7,155833.9424701362,1,1,1,59492.69768276806,0
4099,102581,Smith,714,France,Male,62,1,49320.24464213046,1,1,0,41951.19715557866,1
4100,101093,Garcia,568,France,Male,31,2,244500.71174044025,2,0,0,171422.6309713741,0
4101,104500,Miller,622,France,Male,33,0,28490.550873842418,1,1,0,12784.419025599393,0
4102,108799,Davis,689,France,Female,50,7,142011.5420787516,3,0,1,61860.8896889383,0
4103,105710,Miller,624,Spain,Female,33,1,63065.78387238972,1,0,1,125640.73823300737,0
4104,109732,Brown,593,France,Male,31,3,11330.970417686083,1,1,1,197331.22827899645,1
4105,102875,Garcia,529,Spain,Female,42,1,32999.45077871197,1,1,1,67721.22568537813,0
4106,103191,Jones,794,Germany,Male,28,1,195350.2197405342,1,0,0,51254.99510625387,0
4107,101837,Garcia,813,France,Male,31,2,590.5635780614136,3,1,1,25786.99516674581,0
4108,100689,Miller,682,France,Male,62,9,141198.83921305585,3,0,0,65101.61297401302,1
4109,103759,Jones,626,Spain,Female,26,4,166816.15116331878,3,0,0,167358.97569249486,0
4110,102103,Garcia,632,France,Female,35,7,12764.872811976164,4,1,0,36271.4604556438,0
4111,100365,Jones,733,France,Female,71,9,327516.75931912987,3,1,1,39552.89370706677,1
4112,108092,Jones,753,France,Male,18,1,205799.9017808437,3,0,1,38481.94869493219,0
4113,104172,Williams,595,France,Female,67,4,19666.144310638378,2,1,1,33503.04318686045,1
4114,106033,Smith,757,France,Female,46,10,27635.580675944144,4,1,1,96931.44375240734,0
4115,102378,Jones,711,Spain,Male,45,3,170626.77619168014,3,0,0,167503.4233191855,1
4116,101205,Brown,755,Spain,Female,45,2,79048.0493918249,2,1,0,98171.62172207418,1
4117,104988,Miller,489,Spain,Female,32,9,255835.4934854974,3,1,1,114074.9918959821,0
4118,105669,Miller,608,France,Female,23,5,386997.08418451465,2,1,1,119323.10963579864,0
4119,102735,Brown,632,Spain,Female,38,8,42074.293393526226,4,1,0,84190.88570649555,0
4120,109867,Johnson,603,Germany,Male,37,7,10200.17446522244,1,1,1,75477.5139069258,0
4121,108490,Jones,841,Spain,Male,42,1,121575.82709515751,3,0,0,130799.29034787594,1
4122,100956,Davis,609,Germany,Male,34,0,256551.8662796592,2,1,1,77563.21120748503,0
4123,109306,Jones,696,France,Male,51,7,18017.7371788499,1,1,0,33623.83731389093,1
4124,106623,Jones,665,Spain,Male,51,4,422573.9430137276,3,1,0,174126.99285090243,1
4125,101474,Davis,620,France,Male,18,1,21799.411383318842,2,1,0,122096.32135483733,0
4126,104460,Garcia,579,Spain,Female,18,9,9022.628178107705,1,1,1,167697.98027877684,0
4127,107002,Jones,850,France,Male,27,0,68457.99425048918,2,1,1,101498.98908210997,0
4128,106396,Jones,627,Spain,Male,19,10,163769.6505894677,3,1,0,132817.82405498836,0
4129,102828,Brown,737,France,Female,54,7,43753.67077712934,1,0,1,184822.30013086656,1
4130,102850,Smith,649,France,Female,29,7,40322.92427496888,1,1,0,152665.97231243772,0
4131,102964,Smith,604,Germany,Male,46,5,21953.920040771594,1,0,1,77672.74823692435,1
4132,104594,Johnson,660,Germany,Female,36,4,427437.1244980814,4,1,1,73450.70338392632,0
4133,109141,Brown,680,Germany,Female,52,4,41834.57492418123,3,1,1,62911.35112905693,1
4134,106644,Jones,603,France,Male,32,5,109802.43672443219,1,1,1,101251.6721871572,1
4135,102850,Smith,573,France,Female,18,4,14200.26399518941,2,1,1,184938.59741776276,0
4136,100165,Williams,697,France,Female,28,1,59739.48070590008,4,1,0,14911.768764083008,0
4137,100919,Williams,661,France,Male,18,6,158877.74578353143,3,1,1,154896.04519500246,0
4138,108305,Williams,584,Germany,Male,18,3,351801.40865438664,1,1,0,77984.18691185124,0
4139,103504,Jones,556,France,Female,44,6,19520.69392218513,3,1,1,164214.76934614938,0
4140,100991,Jones,684,France,Female,41,0,9943.388879210841,3,0,1,93324.95312038451,0
4141,106047,Davis,458,Spain,Male,30,5,438230.1050172672,1,1,1,147628.09498193295,0
4142,103839,Johnson,623,France,Male,36,1,80784.62854441667,1,1,0,169444.70397181265,0
4143,101258,Miller,663,Germany,Female,18,2,42376.28308139989,1,0,1,100193.49978559415,0
4144,107609,Johnson,823,France,Female,49,2,322586.0380441084,2,1,0,149537.9590983578,0
4145,108706,Johnson,651,France,Male,35,9,49460.63687168261,4,1,0,24465.727035188163,0
4146,104804,Garcia,619,Germany,Male,46,0,26397.053976833507,4,1,1,67710.97143278681,1
4147,100067,Williams,678,France,Male,46,4,162711.119741436,4,1,1,72318.32458177028,0
4148,109788,Jones,578,Germany,Female,43,7,37682.58856893533,4,1,0,101185.03606371355,0
4149,105660,Williams,628,Spain,Male,24,7,38857.526195857565,1,0,1,133455.57948591278,0
4150,104478,Johnson,652,Spain,Male,43,9,58876.86514863132,2,1,0,100160.07453205695,1
4151,108210,Jones,712,Spain,Male,45,10,118077.39859841284,4,1,0,170441.76961420497,1
4152,103521,Brown,582,Germany,Female,28,6,184366.50874191892,4,0,0,60226.85008915155,0
4153,100572,Davis,649,France,Female,43,6,25640.5715409204,1,1,1,36991.33932094528,0
4154,107082,Smith,470,France,Female,18,7,45018.153973721666,3,1,1,81450.23181350634,0
4155,107832,Smith,701,Germany,Male,47,7,68551.36823766808,3,0,0,57265.76624829226,1
4156,105395,Johnson,626,Germany,Male,43,4,2594.441508654298,4,0,1,123399.40429333577,0
4157,102258,Miller,838,France,Male,61,6,119437.0924309885,1,0,1,119030.77493101628,1
4158,106039,Williams,685,France,Male,67,1,83463.62542775569,1,1,0,150406.92810181732,1
4159,100650,Brown,563,France,Female,35,3,14336.289541315122,1,1,0,159681.58516784705,0
4160,105741,Jones,540,France,Female,46,5,13963.9075501609,3,1,0,38318.48614702345,1
4161,106838,Miller,716,France,Male,44,10,225553.14468288256,3,1,1,76487.53688865172,0
4162,102587,Williams,829,Germany,Male,34,9,114983.6523419687,3,1,1,26407.877954733496,1
4163,107876,Johnson,799,France,Male,18,2,49112.20412745595,1,1,1,139648.33696418864,0
4164,103262,Williams,528,Germany,Male,21,1,41261.25731521035,1,1,1,162577.20718856965,1
4165,101338,Johnson,670,Spain,Male,30,0,38104.55702593052,3,0,0,192734.7319790486,0
4166,104996,Garcia,762,France,Female,43,3,106322.48127294715,4,0,1,191892.0882701345,0
4167,105780,Smith,515,France,Male,59,1,19692.57916077902,2,1,1,130620.9279772472,1
4168,102827,Miller,753,France,Female,37,2,437683.47527801443,1,0,1,150879.34221764596,0
4169,105232,Smith,579,Germany,Female,54,9,116172.90074102882,1,1,0,50903.11077502639,1
4170,102217,Williams,628,Germany,Male,60,10,13595.728063413351,2,1,1,121421.16829875726,1
4171,103539,Brown,677,France,Female,30,10,14853.498733140286,4,1,0,73913.32417683574,0
4172,107845,Jones,756,France,Female,18,10,104495.76487848749,3,1,0,32124.917240901377,0
4173,109229,Johnson,803,France,Male,39,5,48316.87574955121,1,1,1,104006.35175641708,0
4174,104383,Jones,617,Spain,Male,18,9,107868.5362838929,2,1,1,90917.49711052307,0
4175,102961,Smith,602,France,Male,66,2,128199.51800874854,4,1,1,24616.76269604157,1
4176,103226,Davis,595,Spain,Male,56,2,77201.73663251026,2,1,0,191399.45553744855,1
4177,106837,Brown,727,Germany,Female,60,3,29645.87776630451,3,1,1,191784.47718150486,0
4178,107031,Brown,749,France,Male,18,2,80109.12968109982,2,0,0,116856.71557237113,0
4179,109290,Jones,739,Germany,Female,33,5,54794.85392529556,4,1,0,189513.6602871843,0
4180,109131,Smith,676,France,Female,39,8,221034.38007079114,3,1,0,60229.45317381776,0
4181,103716,Davis,686,France,Female,45,7,134788.67646363308,2,0,0,160710.51729662428,0
4182,103414,Jones,626,France,Male,33,1,96491.42656831421,1,1,1,190413.0269629942,0
4183,101448,Williams,636,France,Female,18,2,4053.3416140172244,3,1,0,86058.10555391223,0
4184,100570,Brown,735,France,Female,45,7,462227.70069410186,3,1,1,68573.83797956425,0
4185,102904,Brown,676,Germany,Male,65,2,83533.62875119683,2,0,1,142446.44541224866,1
4186,102505,Williams,602,Spain,Female,69,4,29972.445168855094,1,1,0,100844.3953322574,1
4187,100917,Smith,759,Germany,Female,35,10,89532.61793981033,4,1,1,82901.39493758121,0
4188,106982,Brown,589,France,Male,40,8,170317.70633101283,2,1,1,158126.10808038976,0
4189,107427,Miller,664,Spain,Female,23,1,77339.6778973637,2,1,0,56662.37192792721,0
4190,106336,Davis,525,France,Female,40,8,150008.55257253035,2,1,0,141240.72748855196,0
4191,101678,Garcia,555,France,Female,32,9,53279.47503625609,1,1,1,84611.03673375805,0
4192,100615,Garcia,651,France,Male,31,4,89150.73584941372,1,1,1,60816.00390926102,0
4193,109941,Garcia,580,Germany,Female,18,8,54861.44575396387,2,1,0,186998.83864765865,0
4194,107086,Johnson,627,France,Male,62,3,75034.50341910523,3,1,1,58288.833499138826,0
4195,104749,Miller,771,Germany,Male,35,7,18333.390787242028,3,1,1,84464.76474955527,0
4196,103505,Johnson,637,France,Male,31,7,91290.16465849045,4,0,1,128601.49348654064,0
4197,104529,Smith,739,Germany,Female,42,2,386091.01690356777,3,1,1,23090.822139756106,0
4198,101135,Williams,571,Germany,Female,30,4,144738.93425566703,3,0,0,30826.1137631237,0
4199,108566,Jones,704,Spain,Female,18,9,38573.376955423286,2,1,0,130080.3369983805,0
4200,107226,Miller,549,Spain,Female,58,0,199407.38444757048,2,1,1,122968.06497925858,1
4201,105162,Davis,625,Germany,Male,39,5,226072.38659390787,1,1,0,125129.8357936313,0
4202,100206,Smith,708,France,Female,50,8,19456.372259107433,3,0,1,123343.62782974068,0
4203,104875,Jones,651,Germany,Female,41,0,5459.754825978411,2,1,0,168837.98542644602,1
4204,101319,Smith,744,France,Male,53,1,84974.47148786206,4,1,1,73831.96630319451,1
4205,101141,Johnson,716,Spain,Female,49,6,64604.01201244146,3,1,1,44664.24180967588,1
4206,104627,Garcia,619,Spain,Male,18,5,125416.56760946351,3,1,0,180666.07017460835,0
4207,107389,Williams,779,France,Male,45,9,34680.76270585837,2,1,1,116992.61054974319,0
4208,102690,Johnson,693,Spain,Male,25,10,47837.768883033415,4,1,1,160231.12616190585,0
4209,107323,Williams,625,France,Male,25,2,30632.44562631176,2,0,0,47746.4389035656,0
4210,103255,Miller,664,France,Female,18,1,34550.538911206764,4,1,1,98946.94974460588,0
4211,108281,Jones,659,Germany,Male,66,6,933.0750621751524,4,1,0,33857.02717950223,1
4212,105213,Smith,670,France,Male,36,9,71489.29480950946,2,1,1,30218.234330135416,0
4213,104108,Brown,635,Spain,Female,32,9,64084.81101083816,3,1,0,97158.22701546659,0
4214,103020,Brown,687,France,Male,27,4,43986.20722477322,1,1,1,123701.27821169127,0
4215,101857,Williams,728,Spain,Male,74,5,77694.26445167868,3,1,0,186343.23570342868,1
4216,108996,Garcia,692,Germany,Female,54,8,49718.62488376306,2,1,1,20781.021188965722,0
4217,109136,Garcia,689,Spain,Male,18,6,56662.23514342999,4,1,1,81790.79880477743,0
4218,102789,Williams,639,France,Female,59,3,198.6420085239549,4,0,1,150937.51583245603,0
4219,103875,Johnson,561,France,Female,25,10,6860.763994303913,3,1,1,68852.93371300068,0
4220,107605,Brown,537,Spain,Male,48,8,16334.577257459825,1,1,0,153440.69773933612,1
4221,109802,Johnson,579,Germany,Female,32,2,20336.602622623897,2,1,0,190652.07756123287,0
4222,108135,Jones,608,France,Male,18,3,60183.147705558724,4,0,1,122467.87652125166,0
4223,106055,Brown,817,Germany,Female,31,9,207872.85494502395,2,1,0,58809.176219411915,0
4224,103882,Jones,775,Spain,Female,42,2,52093.294065860384,3,1,0,123711.20758802355,0
4225,107175,Smith,590,Germany,Male,42,9,98669.29390392701,4,1,0,68728.41908552192,0
4226,107129,Johnson,694,Germany,Male,33,10,2614.163687547614,4,1,0,43494.50280996257,0
4227,105021,Williams,643,Spain,Female,39,2,192995.6378604997,4,1,1,160923.43678399376,0
4228,104735,Brown,673,France,Male,40,0,12006.193650418698,2,1,1,136479.78347795605,0
4229,102387,Johnson,595,Spain,Male,52,4,33447.8708620484,1,1,1,171732.4195920276,0
4230,106582,Williams,850,Germany,Male,58,3,169682.65636925751,4,1,0,175881.087704124,1
4231,109133,Smith,836,France,Female,39,10,30771.81608711542,2,1,0,78777.47532013308,1
4232,105866,Brown,620,France,Male,19,8,29840.57440985046,3,1,0,32781.92805791571,0
4233,102566,Jones,590,France,Female,48,3,92378.39421426367,2,1,0,100415.11745096406,0
4234,100975,Smith,742,Germany,Female,49,2,233557.4145627901,3,1,1,78378.54714560299,0
4235,107212,Garcia,529,Germany,Female,52,5,24035.240133626812,2,1,0,130901.41708312297,0
4236,109146,Williams,734,Spain,Male,24,9,96973.97635685715,2,0,1,170407.36185223865,0
4237,101262,Davis,662,Spain,Male,51,10,91676.10892645121,3,1,0,126800.26684815355,0
4238,105047,Brown,506,France,Male,43,4,107740.75604686461,4,0,0,13611.262092614917,0
4239,109135,Brown,634,Germany,Male,47,3,293311.66134419275,1,1,0,125272.94754372383,1
4240,107382,Miller,584,Germany,Male,27,0,18138.017346824643,3,0,1,35905.2056006913,0
4241,106231,Miller,666,France,Male,18,10,106234.97720225553,1,0,1,71247.91644107201,0
4242,103327,Smith,655,Germany,Female,18,2,20135.7673890322,3,1,0,56854.872465389744,0
4243,105630,Brown,515,France,Female,52,3,37731.6823091244,2,1,0,106321.08695106143,1
4244,102259,Williams,616,France,Male,64,9,49423.32640428339,4,0,0,159910.1216925059,1
4245,101257,Smith,707,France,Female,50,10,180418.14966018844,4,1,1,18771.128667004814,1
4246,100464,Jones,724,Spain,Female,20,7,5520.623465145354,1,1,1,22458.272917482052,0
4247,103294,Smith,613,Germany,Female,38,8,132295.32748887077,3,1,0,192285.20759218384,0
4248,106774,Smith,695,Germany,Male,43,7,243716.8851584869,3,1,1,94380.57372747672,0
4249,107431,Davis,676,Germany,Female,39,8,8255.786115358978,3,0,1,151046.54756256778,0
4250,101230,Jones,644,France,Female,41,9,156413.00719889978,3,1,1,176627.24529948743,0
4251,109076,Garcia,696,France,Female,23,0,11388.816026565262,1,1,1,83504.841468639,0
4252,103805,Miller,557,France,Male,18,10,329288.97144239635,1,1,1,114862.57375363939,0
4253,106419,Williams,650,France,Female,24,0,168937.28207837784,1,1,1,174664.41135167851,0
4254,105750,Garcia,489,Spain,Male,20,2,118739.21600385926,1,1,0,124537.7292411491,0
4255,103856,Garcia,644,Germany,Male,40,3,79863.98612377058,3,0,1,47077.17464949715,1
4256,103135,Garcia,792,France,Male,42,1,253599.98155454764,1,0,1,124407.0992048534,0
4257,106953,Miller,618,France,Male,18,9,12677.858698264039,1,1,0,193630.34598227116,0
4258,109116,Johnson,782,Germany,Female,37,6,12986.294506159367,2,1,1,197414.46627669685,0
4259,106034,Miller,619,Germany,Female,66,8,172872.55902834891,2,1,0,182761.6991318384,1
4260,104589,Garcia,541,Germany,Female,41,10,65839.77530413106,1,1,1,147601.42985511024,0
4261,101546,Johnson,716,France,Female,32,5,186469.40240033634,2,1,0,177752.8638787777,0
4262,106065,Jones,696,Germany,Female,52,3,49538.17016691537,2,1,0,88873.41558080283,0
4263,101094,Miller,850,France,Female,74,5,60122.494999567425,2,1,1,75968.67673025258,1
4264,102411,Williams,552,Spain,Female,42,0,40358.48813136907,2,0,1,199042.3533448,1
4265,102617,Garcia,685,France,Female,30,5,301060.76023177797,4,1,1,177788.60464488104,0
4266,108954,Brown,689,France,Male,40,3,62539.51620304537,3,1,0,33170.16728941055,1
4267,104145,Jones,755,Germany,Male,59,2,140689.336111184,2,1,0,164213.0246106111,1
4268,102775,Johnson,702,France,Female,37,5,119042.76748413287,3,0,1,13866.057986845582,0
4269,106628,Miller,621,Germany,Male,39,8,26799.310344725396,3,1,1,91930.02299472102,0
4270,103155,Williams,542,France,Male,60,7,245320.31636023172,2,0,1,27452.20179209107,1
4271,103970,Smith,684,France,Male,40,7,78675.94013413203,3,0,0,80989.47717497032,0
4272,107972,Williams,687,Spain,Female,64,8,193659.5992222454,4,1,1,164228.5855854731,1
4273,108775,Williams,713,France,Male,18,5,178491.02775566207,3,0,1,39854.067776231204,0
4274,105415,Garcia,621,France,Male,45,7,6046.147281529706,3,1,0,77851.3138597678,0
4275,104331,Garcia,677,France,Female,68,6,96698.62964354568,3,0,1,59689.70907822859,0
4276,101942,Miller,495,Spain,Female,75,0,155582.35331105624,2,1,0,36078.997920307804,1
4277,106026,Miller,547,Germany,Female,32,5,236977.53667708515,2,1,0,194182.56881066677,1
4278,108301,Davis,743,Spain,Male,35,10,70581.84899104528,4,0,1,93383.27531844412,0
4279,100191,Johnson,667,Spain,Male,68,3,138914.90080041208,3,1,1,15689.723016918882,1
4280,109095,Davis,697,Spain,Female,33,2,349431.41632112436,2,1,0,139236.45985556583,0
4281,100861,Miller,590,France,Female,31,2,175934.51013564464,1,1,1,110473.90918065027,0
4282,106711,Johnson,577,Spain,Female,31,9,192705.12646291556,1,0,0,166042.2400208018,0
4283,109275,Garcia,607,France,Female,25,7,52303.792456711795,2,1,0,80098.01279303596,0
4284,100649,Garcia,673,Spain,Female,22,0,9616.80862615116,1,0,1,183117.39899354056,0
4285,104134,Brown,718,Spain,Male,36,6,338223.4844108651,4,1,1,16834.54382297226,0
4286,107587,Brown,625,Germany,Female,18,10,119013.09162019429,2,1,1,110360.00497835552,0
4287,108828,Jones,484,France,Male,29,9,18773.296129499424,3,0,1,103670.79807926863,0
4288,101036,Garcia,690,Germany,Female,62,3,364322.54188902077,4,0,1,13804.817371452114,1
4289,104131,Smith,676,Germany,Male,52,0,125802.80950437437,2,1,1,23513.01570278975,0
4290,102148,Brown,697,France,Male,30,1,9471.5516534154,4,1,1,65804.0275977401,0
4291,105457,Johnson,735,Spain,Female,42,6,18731.01352899192,3,1,0,119872.2241365781,0
4292,106079,Williams,727,Germany,Male,37,9,200552.50477934812,1,1,0,50493.779424827466,0
4293,102430,Miller,786,France,Male,27,0,307547.89596283634,3,1,0,46243.36715785549,0
4294,101879,Miller,652,Germany,Female,18,5,45385.836591100895,3,1,0,37173.272779912586,0
4295,107542,Jones,606,Germany,Male,25,3,53317.670460776404,1,1,1,186410.1550810864,0
4296,102011,Brown,754,Spain,Male,34,2,50327.84215660514,4,1,0,117978.68275759669,0
4297,103373,Williams,740,Germany,Male,76,6,180397.08978114347,2,0,1,57986.41751132435,1
4298,107357,Williams,626,France,Female,48,8,60377.48428553257,2,0,1,194568.6419632124,0
4299,101289,Brown,760,France,Female,37,4,47041.52622809711,4,1,1,88520.97130068997,1
4300,101447,Smith,657,France,Male,46,5,97251.35967476976,2,1,0,32713.607164499375,1
4301,103199,Smith,777,France,Male,42,6,67439.0119925173,2,1,1,107867.7855966046,0
4302,106381,Jones,822,Spain,Female,28,9,76233.31671494838,3,1,1,93544.3952930708,0
4303,107522,Davis,850,France,Female,38,5,52258.30828424582,3,1,1,127943.89642219209,1
4304,106059,Smith,656,France,Male,33,5,61713.88013727722,4,0,1,143298.33099296433,0
4305,103183,Jones,791,Spain,Male,18,2,3663.839603398503,1,0,1,76770.8778641223,0
4306,105462,Davis,735,France,Male,30,10,260075.29016091232,1,1,0,43834.114772559,0
4307,103216,Davis,744,France,Female,37,2,3104.985468362325,3,0,1,89500.63325691634,0
4308,103136,Johnson,692,Germany,Male,45,4,148197.9174222627,1,0,1,106708.40185969902,0
4309,103318,Davis,745,France,Male,39,6,35420.47577392052,2,1,0,99440.29637763371,0
4310,102782,Brown,512,Germany,Male,53,5,11906.993660078731,3,1,0,17958.62033333997,1
4311,109182,Davis,647,Spain,Female,36,1,94082.47522990174,1,0,0,161227.6683529083,0
4312,107657,Williams,584,Spain,Male,58,2,122741.76095538467,1,1,1,76237.46948645504,1
4313,104920,Jones,576,France,Male,42,4,99479.73855769973,2,0,1,66771.05072670817,0
4314,106324,Miller,506,France,Male,46,6,85821.93718587923,3,0,0,51792.33480403037,0
4315,106327,Smith,597,Germany,Female,43,5,76827.28432515627,1,1,0,121401.51486384326,1
4316,108417,Miller,632,France,Male,31,9,77883.30105067322,1,1,1,122570.4434392656,0
4317,100776,Jones,668,France,Male,48,2,200560.46006543454,1,1,1,92761.63983854995,0
4318,105208,Garcia,648,France,Female,30,6,9447.954246545485,4,0,0,138319.25374155777,0
4319,100687,Jones,755,Germany,Male,24,4,17122.58400115575,2,0,1,18774.42473303444,0
4320,100529,Smith,560,Spain,Female,43,9,167478.20049269454,4,1,0,162774.3177191452,0
4321,105067,Garcia,455,Spain,Female,38,3,36102.71636201736,1,1,1,59854.2268658635,0
4322,108080,Garcia,703,Spain,Female,27,5,147648.22631956026,3,1,1,99880.51499119904,0
4323,105518,Davis,645,France,Female,40,1,43493.914892174325,2,0,1,151952.68495377517,0
4324,102153,Smith,643,Germany,Female,49,6,259575.0395473416,3,1,0,44385.83547846134,1
4325,109486,Garcia,578,France,Female,36,1,33035.81056098877,2,0,1,181676.01437801425,0
4326,106094,Brown,740,Spain,Male,63,6,55668.87260380633,4,0,1,37155.313446689404,1
4327,106974,Williams,608,Spain,Female,56,7,17297.51450371116,4,1,0,164719.21159013285,1
4328,109718,Miller,561,Spain,Male,32,1,109866.58841869666,1,1,1,86699.36934506962,0
4329,104774,Brown,817,Spain,Female,21,7,51563.90300091454,4,0,0,42508.775114239026,0
4330,107692,Brown,719,Germany,Male,37,6,283368.4544984489,4,1,0,175411.22182077068,0
4331,103103,Smith,645,Germany,Male,45,2,1587.3322421629261,3,0,0,149561.33358343673,1
4332,102440,Davis,405,Spain,Female,18,6,49045.35181416591,1,0,0,54843.65467171837,0
4333,104135,Smith,626,Germany,Male,18,0,2391.327184197528,3,1,1,136916.3293036079,0
4334,107124,Miller,647,Spain,Male,20,1,39904.80320933395,4,0,0,40963.313767440086,0
4335,105201,Williams,796,Spain,Female,56,4,47843.142790114754,4,0,1,195379.93960564618,1
4336,100844,Jones,475,Germany,Male,60,10,29858.98746413954,1,1,0,114936.11407901191,1
4337,100446,Brown,806,France,Male,23,8,29508.4219912294,1,1,1,39917.559328509094,0
4338,103915,Garcia,693,France,Female,18,0,30118.55314822068,3,1,1,24038.465631391275,0
4339,103109,Williams,529,France,Male,42,4,30959.58264293881,4,0,0,130140.87851627781,0
4340,101234,Brown,742,France,Male,41,5,33168.434638612394,2,1,1,133037.4250509721,0
4341,106587,Jones,625,France,Female,21,2,190581.05422827895,3,1,1,196021.43985324228,0
4342,100226,Davis,483,Germany,Male,23,4,3983.711865315622,2,1,0,105170.05650011495,0
4343,104143,Garcia,605,France,Male,29,1,450169.3254348956,3,1,1,75481.90517377872,0
4344,107185,Brown,675,Spain,Female,32,10,33062.18162637531,4,0,0,145373.2086587007,0
4345,105558,Johnson,656,France,Male,43,7,2834.4080604531127,4,1,1,162743.23835971102,0
4346,100186,Miller,714,Spain,Female,18,2,19256.48447843337,3,1,0,140919.63102247176,0
4347,102535,Williams,759,France,Female,67,4,284500.9280451031,3,1,1,151630.3436023005,1
4348,101932,Miller,540,Germany,Male,44,0,600089.9903226782,2,1,1,142019.5705808787,0
4349,109040,Smith,647,Germany,Male,40,4,28336.217397760043,4,1,1,44322.82594361104,1
4350,102032,Brown,589,Spain,Female,29,0,25547.21188900462,1,0,0,164308.71788274762,0
4351,101252,Garcia,525,Germany,Female,26,8,180843.93768597397,2,1,0,129462.43741702859,0
4352,105509,Garcia,644,France,Female,27,1,245587.51480572912,1,1,0,85348.41767602888,0
4353,105074,Williams,693,France,Female,31,5,105085.45076451951,1,1,0,136516.66209151392,0
4354,101881,Williams,699,France,Male,45,8,274606.85526900645,3,0,0,171116.3835223049,0
4355,100269,Miller,610,France,Female,56,2,299598.1882163348,3,1,1,174038.36282366887,1
4356,101630,Garcia,549,Germany,Male,18,5,142581.82615918794,1,0,1,74474.5516190018,0
4357,104405,Garcia,585,Germany,Male,32,0,42879.7710010665,2,1,0,33826.5778743146,1
4358,106139,Garcia,462,Spain,Male,41,6,16188.345204102361,3,1,0,53646.76937310877,0
4359,101574,Brown,531,Spain,Male,42,1,72913.21410325503,4,1,0,125932.22116166464,0
4360,101695,Garcia,539,France,Male,30,4,34194.129517327274,1,1,1,108898.4869838725,0
4361,103258,Smith,734,France,Male,33,4,12613.235478758392,3,1,1,104707.96217895871,0
4362,103262,Garcia,734,Spain,Male,35,0,50086.9436410593,2,1,0,68732.09837044022,0
4363,101445,Smith,850,France,Male,21,10,65347.60764791678,3,1,1,25839.256164804203,0
4364,106263,Brown,674,Germany,Female,25,6,108466.84136896925,1,0,0,68290.10932414386,0
4365,108411,Williams,601,Germany,Male,18,3,24992.316259102452,1,0,1,141942.31067624592,0
4366,100052,Davis,651,Germany,Male,55,3,202870.0408579812,3,1,1,128770.60073109923,0
4367,109949,Smith,633,Spain,Male,47,6,20510.937923918806,4,0,1,63700.209599259724,1
4368,105570,Brown,586,Spain,Female,18,9,588882.1950508895,4,0,1,157019.1753869361,0
4369,107579,Davis,681,Spain,Male,22,0,81391.27514575297,2,1,0,192267.76366587853,0
4370,101666,Davis,669,Spain,Male,18,5,15881.094437813117,4,0,1,59165.89069458728,0
4371,106901,Garcia,641,Spain,Male,24,0,179814.17351187323,2,1,1,159799.08344117142,0
4372,102785,Brown,620,France,Male,42,5,29266.93876455349,4,0,1,159754.510392458,1
4373,100719,Davis,713,Spain,Female,82,9,20864.050888783593,4,1,1,112274.88772610038,1
4374,108597,Garcia,594,France,Female,32,1,14478.622978464722,1,1,0,13470.280525302654,0
4375,106855,Miller,609,Germany,Male,46,9,80049.80900810211,3,1,0,67023.16748350576,1
4376,102294,Brown,697,France,Male,37,10,211466.66082026635,1,1,0,18950.828969397782,1
4377,108263,Davis,751,France,Female,42,0,227409.58424425623,2,1,1,88574.09638696037,0
4378,109421,Williams,742,France,Female,34,7,153999.85341922112,4,1,1,118788.14457732179,0
4379,109759,Smith,624,France,Female,56,6,87095.23721572112,3,1,0,94047.19814050522,1
4380,104482,Miller,523,France,Female,47,1,75477.51479298383,2,1,0,142332.64552907235,1
4381,100698,Williams,621,France,Female,38,1,46804.03468930249,1,1,1,55879.90028898795,1
4382,107243,Johnson,657,Spain,Female,48,4,4506.682301342047,4,1,1,26284.19957440844,0
4383,109018,Garcia,538,Spain,Male,53,3,181148.59092652632,4,1,0,43409.868289843886,1
4384,105918,Davis,619,Spain,Male,28,3,754687.1726130927,3,1,1,61949.62810437709,0
4385,100348,Smith,770,Spain,Female,46,8,253637.26192335883,2,1,1,57419.65405546397,0
4386,105374,Williams,664,Spain,Female,52,10,270363.8239330183,3,1,1,108313.65781212704,0
4387,107869,Smith,595,Spain,Female,45,0,40529.96720518301,3,1,1,180793.38151419593,1
4388,100307,Johnson,652,Germany,Male,49,9,10458.952275232192,2,1,1,78757.1183436974,0
4389,103416,Jones,658,Germany,Female,40,8,205247.39316860464,1,0,1,27479.03054956046,1
4390,104820,Garcia,612,Spain,Male,47,2,144311.81842388632,2,1,1,166073.36961746507,0
4391,103558,Garcia,727,France,Male,61,7,49490.972403301894,2,1,1,14626.875558403804,1
4392,104478,Brown,467,France,Female,23,4,179322.58881021687,3,1,1,108712.36497360822,0
4393,106531,Davis,697,Germany,Female,38,9,14935.382421923383,3,1,0,164015.52501434763,1
4394,104620,Garcia,592,France,Male,27,2,105292.46177185967,2,0,1,118304.83549537485,0
4395,102985,Garcia,754,France,Male,29,8,306580.8996535207,2,1,1,186833.92913681793,0
4396,108112,Williams,522,France,Male,46,8,241260.4573363783,1,0,1,17230.31698333301,0
4397,108467,Miller,743,Spain,Female,18,7,143066.32599892965,4,0,1,189027.25959300622,0
4398,102547,Garcia,571,Spain,Female,22,2,31004.05532165333,3,1,0,152835.18945273547,0
4399,100336,Garcia,682,France,Female,57,2,10821.312676187024,2,0,0,73296.01467104122,1
4400,102979,Davis,603,France,Male,19,9,39265.17203175908,1,1,1,129839.27515904262,0
4401,103968,Johnson,762,France,Female,60,10,96064.35325232262,3,1,0,117464.81653425614,1
4402,100910,Miller,630,Germany,Female,38,9,38053.72639447731,4,1,0,183123.21202414538,0
4403,101996,Johnson,577,France,Female,37,2,53292.52963711629,1,1,1,89358.40915576395,1
4404,103129,Davis,789,France,Male,28,10,51685.42200084712,4,1,1,30324.49959748168,0
4405,105447,Smith,621,France,Female,34,5,40921.221006632564,2,1,1,24523.710279825955,0
4406,106129,Smith,702,France,Female,42,1,256983.17528574564,3,1,0,89518.56230430388,1
4407,105850,Garcia,743,France,Female,35,8,38559.27371107296,1,1,0,197295.27190077267,0
4408,104204,Garcia,562,Germany,Female,25,1,504015.84269227524,2,0,1,128187.33120906763,0
4409,107446,Brown,692,France,Female,48,9,23487.982178707563,1,1,1,151345.86910422656,1
4410,108519,Smith,705,Germany,Male,57,7,206061.9883022611,1,1,1,192926.9544561387,0
4411,109991,Williams,495,France,Male,18,9,131802.7069231118,2,1,0,136521.20349033506,0
4412,100314,Garcia,682,France,Male,71,3,110504.81658488109,3,0,1,124995.29181603002,0
4413,101134,Williams,614,France,Male,43,3,58941.481277397535,2,1,0,47085.6940604397,1
4414,104876,Garcia,812,Germany,Male,46,4,169601.5496317078,3,1,1,66138.53338534707,0
4415,108102,Davis,736,Germany,Female,61,0,67770.48321052863,1,1,0,177368.89878096833,1
4416,109712,Williams,693,Spain,Male,18,3,14565.06190521271,1,1,1,107245.7806309443,0
4417,108347,Jones,445,France,Male,18,5,32919.4975654786,2,1,1,174300.99656753032,0
4418,105592,Williams,694,France,Female,18,9,20141.8037563657,1,0,0,14559.270294816717,0
4419,101724,Miller,573,France,Male,20,1,84307.1424796818,1,0,0,106917.920566238,0
4420,103343,Smith,737,France,Male,47,10,106538.68893562011,4,1,0,70984.45262621444,0
4421,100886,Garcia,634,France,Male,20,2,40937.473524199784,4,0,0,64428.19280735584,0
4422,100721,Smith,598,France,Male,25,10,4031.775184189105,4,1,1,173799.18137719407,0
4423,107678,Miller,606,France,Female,27,3,107510.36293890457,3,1,1,169509.71709708148,0
4424,109104,Miller,612,Germany,Female,36,2,6396.24379995137,4,1,0,180400.10235937667,1
4425,103357,Williams,515,Spain,Male,35,8,337183.7578922908,2,1,0,92501.62844851965,0
4426,100870,Johnson,528,France,Male,26,5,218282.83838866223,4,0,0,192753.85968765474,0
4427,106751,Johnson,616,France,Female,23,10,177715.62748753317,3,0,0,71993.78075319866,0
4428,100497,Miller,805,Spain,Male,34,4,45814.29810343339,4,1,0,197949.81121466693,0
4429,101756,Johnson,721,France,Female,39,4,136646.38929884572,2,1,1,154234.4268232368,0
4430,101117,Garcia,730,Spain,Female,59,1,4693.716686019864,4,1,0,134866.6195407907,1
4431,102828,Brown,769,Spain,Male,23,8,9390.932157731251,4,1,0,179465.15577855028,0
4432,101647,Jones,678,Spain,Male,36,1,68229.85453442963,1,1,1,130583.06018008791,0
4433,106992,Williams,604,France,Male,18,4,88373.97074091867,4,1,1,90703.7679972523,0
4434,106771,Brown,608,Germany,Male,55,6,145650.5310065836,4,1,1,79658.95118568369,1
4435,100142,Johnson,567,Germany,Male,36,2,35341.490604866056,1,1,0,38084.824444391976,1
4436,102761,Williams,731,France,Male,50,7,78220.78282444745,4,0,0,102146.31842551366,1
4437,103435,Brown,556,Spain,Male,57,4,6458.393643344794,2,1,1,160338.3271137428,1
4438,106622,Smith,850,France,Male,45,9,63651.687110209146,2,1,0,37525.59405333648,0
4439,107069,Johnson,559,Spain,Male,40,2,111248.94768336457,4,1,0,186314.7412471356,0
4440,104512,Davis,772,France,Male,18,2,456995.6782132679,2,1,0,53090.63727370417,0
4441,101848,Brown,772,France,Female,36,2,146084.7181005464,1,0,1,192582.23277190037,0
4442,102696,Davis,712,Germany,Male,23,10,539962.4783675802,4,1,1,97636.21911961454,0
4443,101717,Garcia,812,France,Male,22,2,68898.71038537138,4,0,1,37697.30182547442,0
4444,103072,Smith,630,France,Female,18,3,56731.18656116948,3,0,1,32704.541555532283,0
4445,109259,Johnson,662,France,Female,35,9,179701.1405227463,1,1,1,136347.4673565924,0
4446,102786,Jones,672,France,Male,25,0,62061.2768105752,1,1,0,164354.30122141077,0
4447,103791,Miller,709,Germany,Female,27,2,141115.32666682408,4,1,0,22382.532855035464,0
4448,109480,Johnson,468,France,Male,23,9,520356.3851282291,4,0,0,184109.26764605203,0
4449,103871,Davis,639,France,Female,58,9,128951.58448137845,1,1,0,18836.98361932589,1
4450,101806,Garcia,735,France,Female,22,4,1440.6127387614006,2,1,1,114267.7085529979,0
4451,101504,Jones,612,France,Female,32,7,19879.6541093214,1,0,1,108728.37535368816,0
4452,103308,Jones,845,Germany,Male,35,7,32333.41845028123,3,1,1,163349.8504287315,0
4453,107117,Jones,662,France,Female,35,8,172673.31034927626,2,0,0,121217.65170044231,0
4454,105048,Williams,701,Spain,Female,64,8,269020.959988908,1,1,0,75058.15347007607,1
4455,108263,Williams,805,France,Female,18,5,104895.85745833482,4,1,0,120919.4657934935,0
4456,101690,Davis,662,France,Female,42,9,9215.60469068079,1,0,1,190803.93917976064,0
4457,109536,Miller,803,Germany,Female,52,6,69219.64292629901,4,1,1,34702.54608951005,0
4458,103303,Jones,708,France,Female,42,10,195929.60365679985,1,1,1,135313.2757572031,0
4459,103113,Miller,708,France,Male,71,3,44970.80214798284,4,1,0,43259.35630119373,1
4460,109074,Smith,561,France,Male,58,2,6750.152223408882,1,1,0,50121.52241737723,1
4461,107850,Jones,760,France,Male,28,10,151222.35281078835,2,0,0,194810.7315953076,0
4462,106416,Brown,589,Germany,Female,35,2,107037.3857659584,4,0,1,167203.599512298,0
4463,101504,Jones,631,Germany,Female,50,1,62918.00959456001,2,1,1,183245.13793329487,0
4464,108924,Davis,775,France,Female,37,7,189582.83467605934,2,1,1,40208.72481563613,0
4465,109940,Williams,613,Germany,Male,37,6,189520.3742093496,2,1,0,89417.85178622881,1
4466,103924,Williams,684,Spain,Female,69,7,120717.61590690426,2,1,1,156089.3497824257,1
4467,108615,Brown,644,Spain,Female,53,5,285281.53546508454,1,0,0,133715.05852621509,1
4468,109783,Brown,648,France,Female,69,9,60503.381802295655,2,1,1,40037.984334407774,1
4469,104485,Johnson,635,France,Female,37,9,130537.41287968498,4,1,1,94321.66069717638,0
4470,108100,Smith,546,France,Female,41,4,177597.53405162288,4,1,0,57308.92566683488,0
4471,108684,Smith,704,France,Female,44,0,100948.77787261074,1,1,1,75273.7831735065,0
4472,100191,Davis,713,France,Male,49,7,80544.35066880376,3,1,1,183603.11206682867,0
4473,108690,Davis,591,France,Male,34,1,131676.18570679743,3,1,1,57975.50592957755,0
4474,104917,Davis,605,France,Male,25,0,43773.825611759625,4,0,1,82424.10037722925,0
4475,105831,Davis,741,Germany,Female,26,8,45638.52307414976,1,1,1,109089.75775230776,0
4476,109448,Davis,623,France,Male,37,10,375558.86313659325,1,0,1,24956.237338284966,0
4477,104322,Davis,659,France,Female,18,10,12651.346723953078,2,1,1,179032.44154421016,0
4478,106999,Smith,561,France,Female,44,7,184514.29251650476,2,0,1,99057.17513511148,1
4479,109008,Garcia,643,Germany,Male,18,10,155469.3695220537,4,0,0,79449.19069351217,0
4480,107282,Williams,562,Germany,Female,18,8,5568.216150829526,3,1,0,101549.82917359994,0
4481,109665,Smith,589,Spain,Male,57,4,121571.60748816538,3,1,1,138741.32927164296,1
4482,109278,Davis,573,Spain,Male,40,2,9858.732341268922,1,1,0,126757.48758090014,0
4483,101874,Johnson,736,Germany,Male,45,10,23635.71246051326,3,1,0,120359.73541796395,0
4484,109062,Johnson,517,Spain,Female,43,7,317519.86549909844,1,1,1,69063.41487193386,1
4485,104763,Smith,676,France,Female,67,3,44965.299235443264,1,1,1,93503.2932524018,1
4486,108464,Brown,627,Germany,Female,57,0,5847.88564534538,3,1,1,142956.11496190896,1
4487,109221,Johnson,789,Germany,Male,64,8,73646.83678735032,1,1,1,176190.04230909352,1
4488,101051,Miller,727,Germany,Male,30,10,23119.263387230905,1,1,0,37331.16870677839,0
4489,109765,Brown,526,France,Male,37,3,55569.955819597395,1,0,1,169736.99752491267,1
4490,107538,Miller,593,France,Female,18,1,10720.440249517362,4,1,0,161698.4096663012,0
4491,107411,Williams,648,France,Female,53,9,10089.150504484043,1,0,0,151466.2812301203,1
4492,106320,Garcia,593,Germany,Female,49,2,70146.77002091543,4,1,1,98955.20699774241,0
4493,102105,Johnson,740,Spain,Female,28,5,40928.8322590099,2,1,1,117786.73798049593,0
4494,100307,Brown,666,France,Male,30,8,16873.860833199156,3,1,0,101697.43607474837,0
4495,107737,Davis,630,Spain,Female,45,5,86838.43661641079,3,0,0,107899.19086136656,0
4496,103359,Miller,748,France,Female,35,3,6421.017325459856,1,1,0,127748.54287918432,0
4497,103176,Smith,532,Spain,Male,28,0,139731.01583937896,3,1,1,104474.37141431627,0
4498,101251,Miller,623,Spain,Female,33,1,5270.28435281901,3,1,0,116362.22711784049,0
4499,105366,Miller,674,France,Female,32,6,351900.33160260407,2,1,0,136285.96743291785,0
4500,101517,Williams,635,France,Male,44,2,133038.5667421023,2,1,1,62770.89756079315,0
4501,106226,Jones,339,France,Female,35,1,227509.3305402343,4,1,1,146328.19408820197,0
4502,105305,Jones,683,Spain,Male,18,5,57972.75766371165,2,1,0,194393.22018496186,0
4503,109570,Smith,700,France,Female,37,3,5983.603757615851,2,1,1,48522.096944770914,0
4504,105869,Williams,548,Germany,Male,28,0,26063.78935844898,2,0,1,184635.25213668004,0
4505,108039,Williams,431,France,Female,49,8,354373.94867535745,1,1,0,91441.98998109598,1
4506,104891,Davis,582,Spain,Male,41,8,96467.1383268733,4,1,0,184118.8311666372,0
4507,104992,Williams,629,France,Female,28,10,25860.450290916997,3,0,0,90592.09035276991,0
4508,101961,Williams,638,France,Female,29,4,65935.96350763315,2,1,1,146162.31010510464,0
4509,102863,Jones,453,France,Male,41,7,38190.68381287991,4,1,1,116666.3346558597,1
4510,106603,Brown,670,France,Male,38,5,67279.12643616858,4,1,1,152857.74279293494,0
4511,104567,Williams,752,France,Male,34,6,181170.19317774288,2,1,0,143742.94045785166,0
4512,106513,Brown,745,Germany,Female,37,5,25174.30083157423,3,1,0,192274.1216089181,0
4513,104005,Miller,772,France,Male,45,6,50930.68328302345,1,1,1,66040.33136023793,0
4514,109114,Miller,528,Germany,Female,18,2,59075.303212974715,4,1,1,186806.16813366875,0
4515,100183,Williams,737,France,Male,60,10,88443.70675139053,3,1,0,59121.4135240305,0
4516,107755,Johnson,556,France,Female,32,2,8091.563843412944,2,1,0,159749.13511753743,0
4517,103358,Garcia,728,France,Female,56,9,23194.66680504574,4,1,1,103844.84254459411,1
4518,106615,Johnson,576,Germany,Male,70,2,50721.99411430916,1,1,1,25165.281160486742,1
4519,109590,Miller,685,France,Female,47,9,165726.72958780406,4,1,0,18091.99576192745,0
4520,106797,Garcia,803,France,Male,18,5,20682.996304491975,4,0,1,109626.68855272722,0
4521,108728,Johnson,743,Germany,Male,21,0,213304.31025227034,4,1,0,18124.726039032994,0
4522,107678,Williams,557,France,Male,45,8,41424.95932417854,1,1,0,189890.55970080383,1
4523,105698,Brown,536,Germany,Female,28,8,29281.43504897335,1,1,1,42684.47065171909,0
4524,101273,Garcia,727,France,Female,61,3,52658.63373412762,3,0,0,102971.31103480855,1
4525,106653,Jones,781,France,Female,27,1,80678.12538046596,3,1,0,82696.37602946223,0
4526,101096,Smith,692,Spain,Female,47,6,132416.18095932575,4,1,1,110410.84130759056,0
4527,109497,Garcia,598,France,Male,37,6,64806.29762116841,3,1,1,50855.28798820933,0
4528,109107,Garcia,654,France,Female,39,5,170376.4910524835,2,0,0,174809.61772362678,0
4529,108002,Jones,693,Germany,Male,48,7,170783.88846666575,1,1,1,13991.206141588329,0
4530,104247,Williams,641,France,Female,18,2,174.14647574028334,2,1,1,119266.24728641706,0
4531,109220,Johnson,557,Germany,Female,38,1,156821.4860735868,1,1,1,77016.57419255919,1
4532,105314,Johnson,756,Spain,Female,52,9,58474.771063193046,1,0,0,51941.02370131279,1
4533,103354,Miller,837,Germany,Female,21,0,341389.43435047765,1,1,1,51829.58748248788,0
4534,100270,Brown,792,France,Male,48,2,171605.74621844754,1,1,1,46162.63118227451,0
4535,101186,Williams,432,Germany,Female,35,7,48451.99135583101,1,1,1,125126.47962365458,0
4536,106305,Jones,765,France,Male,29,7,100685.25184161891,1,0,1,179542.3104436724,0
4537,102398,Williams,707,France,Male,35,6,21597.40323590709,4,1,1,86523.5971026531,1
4538,106995,Williams,584,Spain,Female,59,1,34298.26154767416,1,1,0,42635.58600638112,1
4539,107299,Johnson,453,France,Female,41,2,22577.880939220002,3,1,0,21490.559778572333,0
4540,104182,Jones,638,France,Male,20,6,139093.03437577328,4,1,1,165875.94389052293,0
4541,109903,Davis,686,France,Female,43,10,824.9956503922535,3,1,1,53467.49961453787,0
4542,102230,Smith,539,Spain,Female,39,7,52302.153616856165,2,0,1,150100.10252523905,1
4543,106511,Garcia,773,France,Male,55,8,181748.3503007962,1,1,1,111371.63055373632,1
4544,100128,Johnson,770,France,Female,37,5,123470.70578150728,2,1,1,131559.3803268066,0
4545,109461,Jones,696,Germany,Female,54,9,54775.66083830593,3,1,0,120104.79424212596,1
4546,103672,Brown,512,Germany,Female,40,2,100251.15540343823,4,1,0,190936.92268889848,0
4547,109793,Garcia,623,France,Male,44,8,56527.81071133622,2,0,1,30889.25106722442,0
4548,104765,Garcia,722,Spain,Male,27,4,185794.7452217842,2,0,0,135606.94478089188,0
4549,103970,Davis,715,France,Male,47,3,85003.8687293626,1,0,0,33231.84164857092,1
4550,107545,Davis,580,France,Female,69,8,100135.34829913476,2,1,1,48162.091183668286,1
4551,105552,Johnson,594,France,Female,64,9,447600.62239626405,2,0,1,138579.9745793329,1
4552,100627,Miller,577,Germany,Male,22,1,147014.25992025624,2,1,1,128192.06387938542,0
4553,106589,Brown,621,France,Female,18,9,33681.55882335965,3,1,1,103134.05491058747,0
4554,102044,Johnson,601,Spain,Male,44,3,148269.1289181602,1,0,0,157283.20371580418,0
4555,102341,Williams,583,Spain,Male,35,5,263787.2508949777,1,0,1,142023.142435071,0
4556,105884,Miller,636,France,Female,26,10,34966.56768407962,1,1,0,22636.842659741396,0
4557,108185,Jones,653,Spain,Male,70,5,169990.62634390127,4,1,0,134886.61618879638,1
4558,100249,Davis,758,France,Female,85,10,27157.441423623746,1,1,0,84526.30631848812,1
4559,102925,Brown,471,France,Female,18,9,56922.02219819538,3,1,1,100366.03139444569,0
4560,105043,Garcia,771,Spain,Female,27,4,117174.09650284813,1,1,1,110197.8633792283,0
4561,100974,Johnson,575,Germany,Male,19,9,27908.91353311162,2,1,1,74734.63729199472,0
4562,109517,Davis,836,Spain,Female,26,6,20738.74533115616,3,1,1,95996.3552961859,0
4563,107192,Garcia,717,France,Female,55,4,62090.77468477463,2,0,0,117304.81343399618,1
4564,109175,Brown,704,Spain,Female,42,5,152878.70771994203,3,1,0,22705.478040904447,0
4565,109080,Davis,639,Spain,Female,51,0,90600.18806576238,1,1,1,119551.93321249611,1
4566,102672,Davis,850,France,Male,58,7,120802.96853287097,4,0,1,77159.75749839426,0
4567,107279,Garcia,646,Spain,Male,44,4,116885.38302371978,1,1,1,119455.96269292699,0
4568,107531,Johnson,801,Spain,Female,24,4,78635.71972078837,3,0,1,95466.11856249296,0
4569,109518,Miller,592,France,Female,46,9,37922.76050408306,1,1,1,46097.35085816376,1
4570,108662,Johnson,721,Germany,Male,37,5,54768.19247801401,3,1,1,32141.282919754605,0
4571,101987,Smith,839,Spain,Female,36,5,47903.7064837035,1,0,0,176400.54215980816,0
4572,100090,Davis,565,Spain,Female,26,7,8237.093754504966,3,1,1,86058.51592580181,0
4573,108721,Garcia,699,France,Male,53,3,228732.47377784777,4,1,0,127660.0863643717,1
4574,104059,Smith,579,Germany,Male,46,3,102681.71913144324,1,1,0,27623.720629385007,0
4575,102773,Miller,692,Spain,Female,51,2,194623.31910652015,1,1,1,89037.93830916859,1
4576,109878,Smith,839,France,Male,24,8,149637.92022349735,3,0,0,144873.09115660307,0
4577,108383,Garcia,556,Spain,Male,54,7,7073.934550328608,2,1,1,194154.13546525512,0
4578,107409,Brown,665,Germany,Female,44,4,24373.797340368837,1,0,0,116181.23814131178,0
4579,104440,Williams,566,France,Female,53,10,301053.40501568676,4,1,0,44631.09809631348,1
4580,107347,Miller,637,France,Male,27,7,61976.76211169675,3,1,1,13967.292991931175,0
4581,101008,Johnson,712,Spain,Female,41,5,167099.5793935701,1,0,1,78311.08108011188,0
4582,103783,Jones,620,France,Female,56,4,85678.8467218098,1,1,0,88091.9376320741,1
4583,106646,Miller,807,France,Male,47,8,173478.5075403358,2,1,0,105469.43948838479,1
4584,104298,Smith,698,France,Female,37,8,132654.81016757508,4,1,1,12331.707209657658,0
4585,104668,Brown,517,Germany,Male,47,10,32813.114336830076,3,1,1,147917.16715343934,1
4586,104287,Garcia,681,France,Male,24,7,473465.6829560985,2,1,1,135027.06765469938,0
4587,102052,Brown,796,Germany,Female,49,9,67436.65660266574,1,0,0,14959.19906443079,1
4588,106009,Brown,704,Germany,Male,52,2,87946.2669476346,3,0,1,74435.16033430205,1
4589,101716,Garcia,676,France,Female,45,8,77747.49609991249,2,1,0,80924.86504918776,1
4590,100310,Jones,620,Germany,Female,37,5,216440.73756294762,4,1,1,65078.641344322976,0
4591,104538,Garcia,640,Germany,Female,44,8,32835.121978283896,4,1,1,67367.86825231921,0
4592,101260,Jones,651,France,Female,38,0,6369.880112297066,4,0,0,93261.91540032516,0
4593,103932,Garcia,405,Spain,Male,36,0,55877.854322893785,3,1,0,143878.45564180834,1
4594,100584,Smith,696,France,Female,50,5,250493.16629082017,1,1,0,138905.98150453187,0
4595,107616,Jones,749,France,Male,62,3,57859.14113460855,1,1,1,88891.94686163407,1
4596,108551,Smith,575,France,Female,41,4,32512.294433208433,2,1,0,128596.60160581864,1
4597,102866,Miller,673,France,Female,30,4,96363.38289609876,1,1,1,24740.276216842507,0
4598,105898,Jones,685,France,Male,24,2,133768.60467028368,4,0,0,156549.9795492382,0
4599,102011,Jones,731,France,Male,29,8,62130.42232909733,4,0,1,94766.7470843441,0
4600,106251,Garcia,651,France,Female,71,0,47808.04560891886,4,1,1,28474.790794382057,1
4601,104939,Jones,703,Germany,Male,63,5,45335.015387505606,3,0,1,81987.70766685651,1
4602,104006,Smith,533,France,Male,53,1,54699.28241113735,1,1,0,145045.69260687832,1
4603,101625,Davis,548,Spain,Male,58,1,184941.93036257106,4,0,0,34807.870169159636,0
4604,100890,Miller,693,Germany,Female,31,8,65886.25932676367,2,1,1,165090.69003329336,0
4605,106078,Davis,627,Spain,Female,54,9,37739.679847019506,1,1,0,145015.92237204165,1
4606,107036,Garcia,491,Germany,Female,55,1,20127.80421814181,2,1,1,27244.234009566393,1
4607,108923,Johnson,684,Germany,Male,37,8,33214.42170820513,2,1,1,195960.26522661242,0
4608,103961,Miller,522,Germany,Female,21,7,62125.4146393047,4,1,0,189355.20787144944,0
4609,102504,Davis,850,Germany,Female,18,6,79366.15798624812,4,0,0,36477.13040702128,0
4610,108806,Miller,432,France,Male,45,7,97151.09411917547,4,1,1,49807.411680580066,1
4611,103806,Davis,655,France,Female,31,8,7405.503800055485,2,1,1,77024.9665266503,0
4612,106100,Smith,538,Spain,Female,43,9,94977.23704178895,2,1,1,198050.96926368936,1
4613,101719,Davis,741,Germany,Female,34,8,43385.40523075173,4,1,0,144488.31780690973,0
4614,106686,Miller,609,France,Male,22,2,29701.857023224293,3,1,1,183887.16971792775,0
4615,101587,Johnson,751,France,Male,65,9,40206.06425202712,2,1,1,63566.66949343121,1
4616,107000,Brown,726,France,Female,23,0,153463.44258405745,4,0,1,175500.2978540375,0
4617,109803,Garcia,543,France,Female,29,7,162601.48441727483,4,1,0,32392.689344388404,0
4618,100896,Brown,577,Spain,Male,38,9,10954.47355133417,3,0,1,199141.36176466197,0
4619,105558,Garcia,615,France,Male,41,3,68255.11332321817,4,0,1,31675.728411959914,0
4620,108469,Miller,643,France,Male,18,4,75395.59257316323,4,0,0,93779.897216851,0
4621,104647,Garcia,630,France,Female,51,10,3068.0124831597336,3,1,1,166050.48641051326,0
4622,109828,Davis,722,France,Female,48,5,126253.18326375721,3,1,1,171925.24410737574,0
4623,102432,Smith,673,France,Male,71,5,45695.95040940049,1,1,1,174191.47329726076,1
4624,103904,Johnson,588,Spain,Male,43,6,54128.09188058386,2,1,1,65599.38301643141,0
4625,106837,Garcia,558,Spain,Female,37,9,94142.48781098938,2,1,1,136023.7052041777,0
4626,101449,Johnson,568,Spain,Male,25,2,63288.10938070714,1,0,0,51188.69827431396,0
4627,104500,Garcia,682,Germany,Female,19,1,137812.74204722155,2,1,1,104691.89739680885,0
4628,105454,Johnson,630,Germany,Male,36,8,90599.04995877057,1,1,1,171355.2748289469,0
4629,109424,Brown,850,Spain,Female,19,1,25622.85080434716,2,0,0,88835.10020495082,0
4630,104117,Smith,649,Spain,Male,51,8,204398.0462498049,4,0,1,32294.210775486798,0
4631,108869,Garcia,668,Spain,Female,32,9,24308.19784037619,3,0,1,16067.72256383814,0
4632,102028,Williams,469,Spain,Male,57,3,125013.10534742402,3,1,0,181130.13257746154,1
4633,106845,Johnson,516,Germany,Female,43,10,157122.41018850895,3,1,0,34820.05687916008,1
4634,103758,Johnson,537,France,Female,43,0,116565.69758730795,2,1,1,176637.4617965356,1
4635,105904,Davis,596,France,Female,24,2,54784.32337343132,4,1,1,29260.13935791931,0
4636,104624,Williams,501,Germany,Male,48,9,210334.88361650746,3,1,1,57107.14724226207,1
4637,108848,Smith,534,Germany,Female,45,1,39705.0185303137,1,1,1,148805.11763174555,0
4638,100165,Johnson,716,Spain,Female,18,3,116179.57751268166,2,1,0,44501.0835025906,0
4639,104591,Smith,564,Spain,Female,58,1,210097.62421125156,2,1,1,178030.20322521232,1
4640,100589,Johnson,645,Germany,Male,52,9,16892.52018053976,4,1,1,53968.147134909654,0
4641,104524,Miller,709,France,Male,27,5,105737.97885112981,2,1,0,80938.61465877497,0
4642,102821,Jones,744,France,Male,53,10,231222.37416772023,3,1,1,174927.43828512504,0
4643,106509,Miller,679,France,Female,32,9,10879.002052138943,3,1,0,76194.63473379092,0
4644,107693,Johnson,685,France,Male,29,0,15753.519943006186,1,1,0,122490.1046531435,0
4645,109454,Jones,747,Germany,Female,44,4,47522.623765810175,1,0,1,72614.16137231592,0
4646,100071,Garcia,691,France,Male,53,8,516917.9884096792,2,0,1,101765.15447526045,1
4647,103580,Smith,753,France,Male,61,0,25352.001127778072,1,0,0,100222.94350828846,1
4648,107962,Johnson,435,France,Male,65,3,39262.82209463379,2,1,1,101202.96722209726,1
4649,100268,Davis,641,Spain,Female,18,1,180239.62019254,3,1,1,80708.43597061865,0
4650,109968,Brown,655,France,Female,18,10,14011.686645392518,4,0,0,147712.40642731995,0
4651,102462,Davis,638,Spain,Male,32,1,557443.4391417758,3,1,1,76195.67047267643,0
4652,109460,Brown,662,France,Male,25,4,134270.49887493788,2,1,1,37261.84305342116,0
4653,101015,Williams,609,France,Female,76,1,319834.68668976513,3,1,0,124127.71716183143,1
4654,109275,Brown,728,Germany,Female,43,4,15594.99578574222,3,1,1,63976.60585383075,0
4655,107984,Jones,596,Spain,Female,35,0,26453.514527162795,4,1,0,18884.947036022444,0
4656,100406,Brown,628,Germany,Female,30,4,46326.61156879103,3,1,1,20092.59799511284,0
4657,107384,Brown,794,Germany,Male,41,2,5235.844223072248,2,0,0,103522.35388606945,0
4658,106049,Brown,780,Spain,Male,18,1,6261.1466261552405,1,1,0,194003.02598707253,0
4659,106169,Johnson,665,Spain,Male,52,10,234154.86199155927,4,1,0,26246.617634083486,1
4660,107982,Williams,586,France,Female,60,3,4368.887390647338,2,1,0,74005.38215445731,1
4661,100985,Smith,486,Germany,Female,18,0,138613.31707084304,2,1,0,18979.09116183341,0
4662,104485,Williams,636,Spain,Male,47,2,126458.06938265511,3,0,0,130533.44542063349,0
4663,108901,Davis,700,Germany,Male,45,10,7560.174223953169,4,1,0,120569.84201650255,1
4664,102618,Jones,577,Spain,Male,46,0,20780.647424567418,4,1,0,64976.33408881298,0
4665,106289,Johnson,650,France,Male,46,7,60663.432167441635,3,1,0,154741.72576002832,1
4666,109603,Garcia,615,France,Male,23,4,102626.51708048188,1,1,0,17069.73441429045,0
4667,106928,Johnson,477,Germany,Female,36,0,226170.08456418355,4,1,0,35264.96863289323,0
4668,105368,Miller,661,France,Male,52,1,74830.4554068679,2,0,1,22536.392796582608,0
4669,104621,Brown,693,Spain,Female,18,8,275461.95257479226,1,1,0,75278.15390952246,0
4670,109677,Davis,665,Spain,Female,40,6,21103.649909003365,4,0,0,106779.34691993939,0
4671,107566,Brown,811,Spain,Female,47,2,97492.6758168802,1,1,1,66174.35739962668,1
4672,104670,Jones,617,Spain,Male,33,0,186201.30744838304,2,1,0,70899.41094962161,0
4673,107658,Garcia,609,France,Female,46,1,26569.184411622282,1,0,1,119696.57485277146,0
4674,101003,Davis,850,Spain,Male,39,6,155374.46720601965,4,1,0,56999.93978922139,0
4675,107504,Miller,525,France,Male,35,7,51130.77852666176,4,0,1,63853.68275038989,0
4676,102466,Johnson,588,France,Female,32,4,788638.5457861766,2,1,0,181422.59322388135,0
4677,101939,Garcia,686,Germany,Male,58,3,9601.702732684715,2,1,1,148646.10067903026,1
4678,101635,Smith,762,France,Female,37,9,80580.60615443614,1,1,0,106698.42821845235,0
4679,109890,Williams,743,Spain,Male,26,3,152801.91865661007,1,1,1,144201.3290929947,0
4680,108095,Johnson,546,France,Male,20,4,112761.886844026,2,1,1,94738.95235314696,0
4681,106265,Garcia,812,Spain,Female,18,6,70437.98889421871,4,1,1,183460.03158732268,0
4682,101895,Smith,696,France,Female,18,6,71971.49572203691,3,0,0,44832.28581538653,0
4683,106524,Smith,568,Spain,Male,32,3,51991.60780113996,3,1,0,43791.88008954193,0
4684,101073,Miller,576,Spain,Female,37,0,41900.70251075823,4,1,1,22779.614085959856,0
4685,105184,Miller,657,Germany,Female,34,4,90058.11382899829,4,1,1,45496.8552638544,0
4686,102402,Williams,850,France,Male,26,6,137978.5417698676,2,0,0,53117.58703336621,0
4687,104895,Smith,671,Spain,Female,30,3,32749.143859610474,3,1,0,173729.42447683125,0
4688,107331,Davis,850,France,Female,49,6,293029.83779088414,4,1,1,107388.93888044292,1
4689,109343,Jones,737,Germany,Male,54,7,45384.433496804806,4,0,0,50366.45486011076,0
4690,101956,Smith,523,Germany,Female,64,1,56911.6519941732,4,1,1,172047.3319515573,1
4691,107023,Garcia,790,France,Male,39,1,52956.68692668393,1,1,1,25909.036998374355,0
4692,103907,Miller,555,France,Female,58,4,11804.03161505459,4,0,0,65093.692135244615,1
4693,100807,Jones,588,France,Male,41,2,12319.762683046583,1,1,0,188414.33344439953,0
4694,108378,Davis,677,Spain,Female,60,3,158606.78497969607,3,0,1,194045.30444307014,0
4695,104827,Miller,647,Germany,Male,47,0,48017.24745673545,4,0,1,81361.10791081154,0
4696,104524,Davis,739,Spain,Male,39,10,24333.04370137995,4,1,1,163201.16001459546,0
4697,109499,Miller,700,Germany,Male,18,3,122997.61028476017,3,1,0,40953.42470465902,0
4698,102284,Miller,638,Spain,Female,36,10,321241.47056540195,2,1,1,179473.93392871766,0
4699,105313,Smith,819,France,Male,26,3,276148.89996542135,4,1,1,160894.179137151,0
4700,100757,Brown,602,France,Male,33,3,128520.84054751387,4,1,1,135652.74487070873,0
4701,104887,Smith,549,Spain,Female,57,2,21272.6125463956,1,1,0,169416.6763413713,1
4702,103854,Miller,696,Germany,Male,45,1,16734.55521417768,3,1,1,117560.33071267811,1
4703,103558,Jones,648,Germany,Male,54,3,204799.3016311213,4,1,0,74206.3688738939,1
4704,109772,Smith,674,France,Male,47,7,329182.9989040533,3,1,1,136867.29710910746,0
4705,100961,Miller,723,France,Male,24,2,97370.4575031936,3,1,0,136703.58461489037,0
4706,103847,Miller,631,France,Female,67,5,231521.0566220085,4,0,0,120829.25385977337,1
4707,106726,Smith,835,Germany,Female,36,1,168680.47409046075,3,0,0,159910.73149715786,0
4708,103575,Smith,676,Germany,Female,54,0,16725.10248217789,4,0,1,21646.017335795328,1
4709,109067,Jones,604,France,Male,63,6,25227.58780834013,1,1,0,131985.6682433275,1
4710,102418,Davis,708,Germany,Female,18,5,7016.411309098488,2,0,1,120256.36345903874,0
4711,104198,Smith,641,France,Male,37,9,64256.22684221935,1,1,0,53139.88351835613,0
4712,101001,Williams,661,Germany,Male,49,3,39148.55863419637,2,1,1,28013.52334467716,0
4713,105244,Garcia,539,Germany,Female,34,6,55520.60688451774,3,1,0,100116.19423575456,1
4714,107119,Williams,550,France,Male,80,5,870.1702579030773,3,1,1,59444.45258449488,1
4715,104066,Jones,756,France,Male,43,1,127741.84832281068,2,1,1,157128.40604078514,0
4716,102845,Brown,526,France,Female,48,3,22385.841424140228,3,1,1,103976.72123329098,0
4717,109673,Williams,637,Spain,Female,66,8,45928.671656434315,1,1,1,192768.72241190835,1
4718,108849,Davis,682,Germany,Male,18,7,51479.31350589977,4,1,1,191655.4766784311,0
4719,105316,Miller,791,France,Male,32,5,6854.048963496242,2,0,1,177632.64202391455,0
4720,100422,Garcia,601,France,Male,24,0,45494.12692762611,4,1,1,130233.34436792896,0
4721,106715,Johnson,725,Spain,Male,45,6,230105.52398643253,4,0,0,124363.6649504542,0
4722,104266,Garcia,637,Germany,Female,63,0,223682.9801083198,3,1,0,52640.15594098055,1
4723,107549,Williams,431,France,Female,23,7,2489.7291800340995,3,0,0,146749.38211618247,0
4724,106316,Johnson,654,France,Male,18,2,3024.246561510989,3,0,1,183860.81884348489,0
4725,102710,Jones,643,Spain,Female,41,8,90131.75840936617,4,1,0,70649.04014061092,1
4726,108644,Davis,692,France,Male,59,4,22919.051794617964,2,1,1,170489.62989224523,1
4727,108069,Garcia,585,France,Female,27,5,228780.79274849204,1,1,1,88883.15813264853,0
4728,101657,Brown,596,Spain,Female,23,3,65943.04590905004,1,1,0,191497.70237317108,0
4729,102541,Johnson,770,Spain,Male,62,5,39421.8105306625,3,1,0,86665.76104420655,1
4730,106763,Johnson,616,Spain,Female,36,8,306351.7002302516,4,1,0,157101.89385454656,0
4731,103075,Garcia,458,France,Male,48,6,38262.02483514028,2,1,0,164135.90507505834,1
4732,103164,Williams,699,France,Female,59,1,38688.16510646808,2,0,1,145592.91757464988,1
4733,102053,Johnson,736,France,Female,46,10,14282.83481997806,4,1,0,83643.51829784061,1
4734,108479,Jones,735,Spain,Male,39,5,25135.278923162674,4,1,1,40982.71752969973,0
4735,105737,Garcia,588,Germany,Female,24,10,142916.29906593545,2,0,1,30432.889740572955,0
4736,103217,Jones,650,Spain,Female,31,10,142605.7734873931,3,0,1,29227.364909229287,0
4737,101447,Garcia,703,Spain,Male,44,8,48873.619517077896,4,1,1,156565.30294767217,0
4738,106009,Jones,746,Spain,Female,57,7,42982.20327982456,1,1,0,83394.82578997345,1
4739,100607,Williams,700,France,Female,31,10,54196.310825519,4,1,1,83236.60974394216,0
4740,104552,Garcia,727,France,Male,30,0,35787.120881738025,2,0,1,49593.129829727484,0
4741,101764,Davis,576,France,Male,46,4,93596.88905042701,1,1,0,52003.222238160604,1
4742,109417,Miller,420,France,Female,27,5,181144.6809156187,2,1,1,83343.34746237959,0
4743,109427,Brown,755,France,Female,45,8,941.7820334108429,2,1,1,51534.93621416909,0
4744,109221,Williams,555,Spain,Male,26,3,274898.269711486,1,1,0,131057.57780164893,1
4745,102671,Jones,632,France,Male,42,0,12551.036538621358,4,1,1,171972.62938683684,0
4746,106519,Davis,730,Germany,Female,34,5,229965.06375963145,2,1,0,139414.39464264238,0
4747,103962,Garcia,652,Spain,Female,40,8,26599.53384599177,1,0,0,67452.25825522142,0
4748,103177,Williams,720,France,Male,51,5,248930.7423541565,2,1,0,72284.96568896314,1
4749,103722,Jones,850,France,Female,37,6,154801.87087047534,1,0,1,127652.95915656521,1
4750,104906,Smith,705,France,Female,45,9,31357.349100645322,3,1,0,128048.97798580694,0
4751,107263,Smith,577,France,Male,28,3,2868.3786190384735,2,0,1,153089.61058658094,0
4752,105054,Johnson,505,Germany,Female,30,1,125822.91084356452,2,1,1,187959.75301576956,0
4753,109667,Brown,717,Germany,Female,22,2,172463.97220591988,1,1,1,54106.59757769027,0
4754,100808,Smith,658,Germany,Male,38,10,113869.73326380816,1,1,0,66251.25977256322,0
4755,109170,Miller,512,France,Female,43,0,48072.701185322396,1,1,1,147321.61108340538,1
4756,100725,Jones,767,France,Female,44,1,13626.90176161718,1,0,1,34299.86147680391,0
4757,107701,Williams,722,Germany,Male,64,6,42625.27651247493,4,1,1,57096.629967075896,1
4758,101216,Garcia,648,France,Male,46,8,31277.285401368576,4,0,0,54998.75459147295,0
4759,104051,Williams,850,France,Male,32,8,128406.16814161658,4,1,1,51667.55280346957,0
4760,102197,Johnson,752,Spain,Female,73,8,17359.286332071715,3,1,0,144356.72399899,1
4761,102806,Davis,550,France,Female,27,10,171226.04620697818,2,1,1,47958.01314217486,0
4762,108970,Williams,767,Spain,Female,42,0,94660.17944800106,4,1,1,173604.48824327745,0
4763,100972,Smith,675,France,Female,55,6,65887.84602941066,4,1,1,117442.73915591538,0
4764,105634,Williams,839,France,Male,47,6,44664.98880366668,2,1,1,109315.83347910647,0
4765,107483,Smith,744,Germany,Male,18,8,70824.79456530802,4,1,0,84723.6254257353,0
4766,102123,Smith,698,Spain,Male,49,8,77685.25661358917,2,0,1,55870.94268208694,1
4767,108790,Brown,692,Spain,Female,30,0,27047.746845803365,3,1,1,41790.315058709566,0
4768,100224,Johnson,531,France,Male,27,9,448779.2774240741,1,1,1,48635.13575217045,0
4769,109032,Miller,598,Spain,Female,18,4,240293.2177022809,3,0,1,188025.7612661375,0
4770,101814,Miller,670,France,Female,41,1,49560.53097377229,2,0,0,128533.81040585031,0
4771,101106,Jones,512,France,Female,32,5,29305.86130546427,2,0,0,103050.44288124448,0
4772,100124,Miller,696,France,Male,44,1,36679.07632982058,4,1,1,16404.685876115527,0
4773,103246,Smith,575,France,Female,25,5,392044.8553071625,4,1,0,189789.39363583925,0
4774,102931,Garcia,610,Germany,Female,92,6,52266.974466601714,1,0,0,152862.36968868936,1
4775,102971,Johnson,721,France,Male,32,5,242962.44645940504,1,1,0,46548.202748071955,0
4776,102017,Jones,594,Spain,Male,56,10,6083.730964793777,4,1,0,89108.50482378702,1
4777,107415,Miller,696,Germany,Female,56,0,149967.0692840329,4,1,1,130492.54276680136,1
4778,102415,Miller,664,Spain,Female,53,3,143601.38886177636,3,1,1,44660.3657639645,1
4779,103096,Garcia,544,Germany,Female,26,2,105264.49601317136,2,1,1,103379.70449586143,0
4780,101609,Williams,738,Germany,Male,67,4,12910.492740565815,3,1,1,145504.9417869081,1
4781,100717,Johnson,743,France,Male,43,6,398455.4824676815,2,1,1,39651.29953262142,0
4782,103561,Garcia,748,Germany,Male,44,2,23924.697302362994,1,0,0,58634.59043128,1
4783,109208,Miller,840,Spain,Male,37,0,123688.2022917074,1,0,0,104378.7971574723,1
4784,106782,Johnson,608,Germany,Male,39,10,139221.66520955274,2,1,0,142956.80568879776,0
4785,101048,Johnson,455,France,Female,39,10,142677.85724264913,1,1,1,117387.61916681408,0
4786,109549,Miller,584,France,Female,18,8,174872.87731812743,2,0,0,51528.857477726735,0
4787,108307,Williams,745,Spain,Female,42,5,452120.4184333885,4,1,1,166737.32244144732,0
4788,107905,Williams,641,France,Female,50,5,10091.49701251185,4,1,1,109723.02463983532,0
4789,109993,Miller,509,Spain,Male,30,3,63901.72934055928,1,1,0,32604.052067796158,0
4790,105578,Johnson,481,France,Male,37,10,368252.11484453676,1,1,1,54253.729934459145,0
4791,101620,Garcia,792,France,Female,18,0,213779.39127656122,3,1,0,193992.02754532173,0
4792,106548,Brown,710,Germany,Female,55,8,466921.6363663696,1,1,1,142680.2752008018,1
4793,107381,Smith,600,France,Male,62,9,87331.3994246803,2,1,0,74238.76155422877,1
4794,104780,Williams,838,France,Female,42,6,111733.45558920225,2,1,1,57435.32259388944,0
4795,103792,Miller,850,France,Female,44,9,30625.801422768454,2,0,0,99149.89708162988,0
4796,102941,Davis,753,Germany,Male,43,6,61309.86424912103,3,0,1,41844.259058634925,0
4797,105695,Brown,725,France,Female,50,10,2117.1343287692453,4,1,0,55433.19730253874,1
4798,106401,Williams,702,France,Male,42,6,127196.90152383532,2,0,1,142779.0509475117,0
4799,109169,Davis,735,Spain,Female,54,6,260203.4492135859,3,1,1,172461.07878855345,1
4800,106197,Johnson,845,France,Female,49,7,11895.166708891695,3,1,0,23275.82453585705,1
4801,105450,Miller,552,France,Female,50,10,60582.87139537566,1,0,1,123267.9702439798,0
4802,108975,Brown,616,Germany,Male,44,7,97595.40830781254,1,1,0,123575.7466789953,0
4803,108432,Miller,645,Germany,Male,49,2,100015.67913064684,4,0,1,83683.35168719654,0
4804,105874,Garcia,707,France,Male,27,7,36604.96963116929,3,0,1,159407.6711159529,0
4805,101553,Garcia,806,Spain,Male,18,3,1998.2996423390125,2,1,0,105724.81409233663,0
4806,101012,Jones,691,Germany,Male,37,6,218760.78680346246,3,0,0,38548.85002790913,0
4807,108378,Smith,712,France,Male,66,4,9626.540736255265,1,1,1,130070.8883616844,1
4808,101881,Smith,717,Germany,Female,48,3,19562.53450496738,3,1,0,124697.83321525481,1
4809,106799,Williams,652,France,Female,50,3,329110.4311514067,2,1,1,198686.78423601878,1
4810,104586,Smith,608,France,Female,23,5,69389.39992217597,3,1,1,52911.24556546319,0
4811,108622,Miller,657,Spain,Female,45,1,207176.6523457021,4,0,0,125829.87646552254,0
4812,108430,Miller,584,France,Male,22,4,227249.78310110723,4,1,0,119395.32672284117,0
4813,106447,Jones,586,Spain,Female,38,7,455099.3256470093,4,1,1,72578.32041164202,0
4814,102345,Davis,686,France,Male,35,1,4155.287897359753,1,1,0,155593.48689126232,0
4815,100075,Garcia,602,France,Female,45,4,5445.638845446354,4,1,1,81676.2809739448,0
4816,109548,Davis,834,France,Female,39,6,21161.288912120308,3,1,1,135873.9536893214,0
4817,105877,Davis,664,France,Male,52,4,106827.21440853225,2,1,1,86066.40542448634,0
4818,106785,Brown,785,Germany,Male,54,9,30376.525129552956,4,0,0,161059.69880467842,1
4819,104922,Brown,525,Germany,Female,57,8,68443.52221797945,2,0,1,199593.85349777684,1
4820,108090,Garcia,528,Germany,Male,84,8,154345.10629263474,1,1,1,141250.14949014533,1
4821,102330,Johnson,638,Germany,Male,27,7,20553.917254556876,1,0,1,158906.19329310802,0
4822,104686,Garcia,743,Germany,Female,32,8,33671.06511934338,1,0,1,22394.11158989533,0
4823,101902,Brown,600,Spain,Male,33,1,130021.07605886004,1,0,1,179706.3821039402,0
4824,104670,Davis,639,France,Male,18,2,771.5560629466602,4,1,1,168530.9570946587,0
4825,107143,Williams,749,Spain,Male,43,3,141626.06425640255,3,1,0,37698.27361497549,0
4826,102059,Jones,611,France,Female,37,4,112787.06652317035,1,0,1,127839.76589102513,0
4827,100140,Davis,574,Germany,Male,56,9,13878.63955716765,2,1,0,174440.89017179393,1
4828,101789,Garcia,720,Spain,Male,52,1,27952.631794043387,1,1,1,130175.86953968127,1
4829,100016,Johnson,519,France,Male,45,10,1552.4192552726518,4,1,0,177822.10729191607,1
4830,100464,Davis,612,Germany,Female,43,9,87087.11133090836,3,0,0,145427.97782422346,1
4831,104471,Williams,661,Spain,Female,30,3,50599.29160420209,3,1,1,94444.50783896285,0
4832,101827,Garcia,702,France,Female,41,3,55066.40150215556,4,0,1,191969.03892223552,0
4833,108711,Williams,732,Spain,Male,44,4,10890.561701861723,3,1,1,185408.0729862738,1
4834,105956,Davis,747,France,Female,38,5,43434.191997801594,4,1,1,24067.240045864783,0
4835,100089,Garcia,619,Germany,Male,38,0,251328.4097234601,4,1,0,41830.94077675362,0
4836,104815,Williams,745,Spain,Female,41,5,6692.677447977566,3,0,0,120712.38749339816,0
4837,102851,Miller,700,France,Female,42,8,368720.5889547268,4,1,1,128154.48446306887,0
4838,102843,Smith,722,France,Male,52,2,188393.81734244482,2,1,1,181050.7624928675,1
4839,109117,Williams,586,France,Male,18,1,22688.79151226695,4,1,1,40782.04863555149,0
4840,106543,Miller,716,France,Male,43,7,122221.11124272477,1,1,1,82871.57046246846,0
4841,105901,Davis,634,France,Male,42,1,9535.139664636363,1,1,0,195789.95903525827,1
4842,100969,Smith,654,Spain,Male,51,7,17395.552299649364,1,0,1,173637.69095937893,0
4843,101094,Brown,666,Spain,Male,37,9,66935.48601688452,1,1,0,182764.10498477155,0
4844,106124,Smith,850,Germany,Male,18,3,51158.60251360737,4,0,1,17535.22553097444,0
4845,107347,Williams,558,Spain,Female,18,8,168755.47320162697,4,0,1,53042.416593342525,0
4846,103195,Jones,768,Germany,Female,18,3,280106.9981531851,4,1,1,98852.30025334333,0
4847,101404,Jones,793,Germany,Female,54,0,286147.07587686676,1,1,0,176201.27023142463,1
4848,106940,Brown,732,Spain,Male,18,7,15899.914261204993,1,1,1,95670.06382244691,0
4849,104290,Williams,596,Germany,Female,58,0,115908.89289517366,1,1,1,41852.267338714526,1
4850,103982,Smith,819,France,Male,33,4,84580.18243532607,3,0,0,127119.4979843528,0
4851,105555,Jones,616,France,Female,35,6,46240.1114988873,3,1,1,179949.35799221182,0
4852,107954,Garcia,718,Spain,Female,65,2,526459.4845182035,2,1,1,24391.653341454876,1
4853,104713,Johnson,662,France,Male,43,5,60888.90119285597,4,1,1,104963.29993363863,0
4854,103092,Williams,613,France,Female,18,10,109461.43232499404,3,1,1,196251.36929766613,0
4855,104159,Miller,704,Germany,Female,40,0,69884.68014459136,4,0,1,25863.100424574575,1
4856,106308,Miller,837,Spain,Female,53,5,10859.232909090662,4,1,1,87460.56337899252,1
4857,107478,Garcia,675,Spain,Female,31,4,15210.305381647402,2,1,0,52782.68767920803,0
4858,108476,Garcia,847,France,Female,66,1,138686.7568547073,1,1,0,33629.099315839834,1
4859,104933,Williams,631,Germany,Male,20,3,161789.28518829393,4,1,0,147927.76283451088,0
4860,104926,Johnson,657,Spain,Male,18,10,45227.07725104657,1,0,0,23580.511896487307,0
4861,109379,Jones,527,Germany,Female,65,10,6930.629684923517,4,1,1,183861.40697837595,1
4862,103969,Johnson,594,France,Male,26,10,314668.13598695275,3,1,0,190655.20096862045,0
4863,102965,Brown,628,Germany,Male,24,6,68730.90493875783,3,1,0,121039.45484155037,0
4864,104319,Smith,617,France,Female,31,5,14404.166103818388,1,1,1,128402.59366088215,0
4865,108975,Smith,553,Spain,Male,24,10,22122.01628103232,1,0,0,182716.11807711667,0
4866,107108,Garcia,573,Spain,Male,52,9,4642.116698632935,3,1,1,119352.78833407289,1
4867,109141,Jones,621,Germany,Male,32,5,123737.75248056298,1,1,1,50815.47887390207,0
4868,103939,Johnson,768,Germany,Female,21,8,121771.37521793273,3,1,1,79155.25676488943,0
4869,100044,Garcia,500,Spain,Female,34,1,92257.1421514224,1,0,1,103738.2117379356,0
4870,101810,Williams,441,France,Female,25,0,79031.97155487817,4,1,0,144677.9162219861,0
4871,104566,Garcia,473,France,Female,38,1,48044.33559193282,3,1,0,99292.06643295666,0
4872,109021,Williams,565,France,Female,24,2,300848.50391288934,4,1,1,190114.8184697177,0
4873,101909,Williams,713,Germany,Female,36,8,161204.746949677,3,1,1,124052.26687855471,0
4874,106364,Brown,614,Spain,Female,36,9,238186.3524694969,1,0,0,113608.79098910933,1
4875,102581,Brown,613,Germany,Male,66,8,37347.1351265843,1,1,1,157724.8208973836,1
4876,100691,Williams,610,Germany,Female,56,4,382969.1570324284,4,1,0,50372.18947639438,1
4877,100931,Davis,462,France,Male,41,6,18074.316131625947,4,1,0,107265.84535238906,0
4878,107910,Jones,736,France,Female,34,2,5791.785450904854,3,1,0,14799.161787779665,1
4879,106382,Brown,781,France,Female,34,9,38542.78879314777,2,1,1,94777.81379823899,0
4880,103406,Brown,616,Germany,Female,40,1,22475.348718235662,2,1,0,40407.27747997586,0
4881,108339,Smith,658,Spain,Female,26,5,72882.31140942826,2,1,0,162080.98822660543,0
4882,101032,Garcia,661,Spain,Male,33,5,43108.95232757777,2,1,1,82719.28850750624,0
4883,101311,Smith,543,France,Female,35,4,18843.554293082747,1,1,1,99763.84612515943,1
4884,108579,Jones,605,France,Male,38,0,185955.6532026463,4,1,0,17613.9972827225,0
4885,103121,Brown,828,Spain,Male,41,9,70921.66479602005,2,0,0,17893.45973111139,0
4886,101873,Miller,649,France,Male,49,1,11600.579655235808,2,1,1,60908.0076116042,0
4887,109107,Davis,672,France,Female,52,6,7832.17399114803,4,1,1,143425.6234006836,1
4888,106781,Brown,580,France,Female,47,9,48317.8763184059,3,1,0,153826.74961354586,1
4889,103748,Johnson,607,Germany,Male,65,1,238578.0949827572,3,1,1,198733.77675912282,1
4890,100277,Jones,714,France,Female,48,4,70927.6358414989,1,0,1,159160.41648864353,1
4891,101859,Miller,566,France,Female,38,10,14981.803546203833,3,1,1,133276.71996009335,0
4892,105929,Garcia,811,Germany,Female,37,9,28320.18251294995,2,0,0,143668.2259701328,0
4893,106792,Garcia,488,France,Male,52,3,5074.595580186196,4,1,0,87084.01267355966,1
4894,104713,Miller,586,France,Male,35,9,178284.10637496147,2,1,0,193376.82236011274,0
4895,104675,Garcia,502,Germany,Male,45,0,291973.97023855534,4,1,0,127886.35873334232,1
4896,101170,Davis,782,Spain,Male,46,4,8100.81326099731,1,1,1,15148.878987784154,0
4897,108681,Miller,646,France,Male,18,0,18992.759728802408,1,1,1,77181.52759871514,0
4898,109374,Jones,621,France,Female,18,2,18761.824319878953,2,1,0,38156.37855878753,0
4899,105308,Miller,689,France,Male,52,8,162814.2784023498,3,0,0,55978.72936998025,1
4900,102462,Miller,789,Germany,Male,45,6,182804.36596900286,3,1,1,118199.34969556342,0
4901,109822,Johnson,671,Spain,Male,18,1,54347.569816026495,1,1,0,94431.18730526195,0
4902,100287,Johnson,764,France,Male,18,4,348448.0566684902,4,1,1,96537.42287744168,0
4903,105953,Smith,620,France,Female,60,3,30039.826031724006,4,1,1,92814.94225624666,1
4904,104282,Jones,553,France,Female,48,6,74469.35875673857,1,1,1,49215.717083844334,0
4905,101907,Jones,673,France,Male,59,3,559631.3639509302,1,0,1,31672.000790220933,1
4906,101161,Johnson,580,France,Female,24,8,175506.40769303567,2,1,0,93310.39305473698,0
4907,100129,Williams,718,Spain,Male,29,2,66783.9464642637,3,0,1,62288.50885169358,0
4908,106337,Williams,609,Germany,Male,66,5,11487.856007126227,3,0,1,69726.1632826671,1
4909,102363,Smith,641,France,Male,45,4,234708.07858604233,3,0,0,31549.621969519856,1
4910,108151,Davis,425,Spain,Female,40,9,78116.0835886089,2,1,0,157969.60546728902,0
4911,105983,Williams,637,France,Female,36,7,36867.15577732062,1,1,1,23231.614010747122,0
4912,100143,Williams,625,France,Male,18,10,60005.53979950736,3,1,1,143917.4325730504,0
4913,108207,Williams,766,Spain,Male,55,0,37240.98374179745,2,1,1,130673.67971680855,1
4914,107469,Davis,737,France,Male,18,9,80085.59863379701,4,0,1,20132.37831510251,0
4915,100244,Brown,652,Spain,Female,48,1,31874.049354764862,3,0,1,167753.96677809002,0
4916,100926,Smith,486,Germany,Male,40,6,59056.09194392493,4,0,1,119864.98761757126,1
4917,103178,Johnson,605,Spain,Male,43,0,55557.94054384491,2,0,1,147152.12773034317,1
4918,102176,Williams,766,Spain,Female,30,4,95729.29601586515,3,1,1,122012.91152790637,0
4919,105002,Garcia,630,France,Male,60,7,1426.7314856665607,1,0,1,57395.70427213721,1
4920,100886,Miller,543,Spain,Female,30,9,91317.35935693295,3,1,1,68816.75252829593,0
4921,108532,Brown,765,France,Male,38,4,89922.16809375942,2,1,1,199483.52588746903,1
4922,103398,Davis,487,Germany,Female,39,4,49805.46566268606,4,0,1,163648.8236983743,0
4923,108497,Davis,638,Germany,Male,34,8,28355.64485819946,3,1,1,169528.487960901,0
4924,109099,Davis,705,Germany,Male,45,10,182791.31740957187,2,1,0,60374.914032351895,1
4925,102654,Williams,662,Spain,Female,49,10,42278.944405104,2,0,1,158934.24377709004,0
4926,107392,Miller,525,Spain,Male,37,4,37357.32393941182,3,1,1,76230.4420845152,0
4927,101371,Miller,557,Spain,Female,48,0,62206.81540745635,2,0,1,73640.77143438767,1
4928,107135,Brown,580,Spain,Male,48,2,32571.609351714036,4,1,1,70713.04855173582,1
4929,100320,Smith,728,France,Female,44,4,177645.72032574847,4,1,0,32106.66871822593,1
4930,104654,Davis,667,Spain,Male,61,7,83228.99274469205,4,1,1,31159.315825087808,1
4931,105300,Garcia,611,Germany,Female,63,9,140396.6042780509,2,1,0,142134.38648111664,1
4932,106761,Garcia,690,Spain,Female,33,1,136799.19359933768,4,1,1,107026.1331883345,0
4933,106854,Garcia,574,Spain,Male,34,3,155214.73600909972,1,1,1,164321.79938396733,0
4934,105505,Davis,723,France,Male,49,3,203413.0561346637,1,0,1,159353.1430460214,1
4935,109323,Williams,695,France,Female,38,2,251905.05217870895,1,1,1,76228.84503024991,0
4936,106553,Brown,627,Spain,Female,43,5,48387.38765300206,2,0,0,36761.05070035713,0
4937,104042,Davis,633,France,Female,21,9,58647.9040494457,3,0,0,64006.47300559261,0
4938,109009,Garcia,615,Germany,Male,34,1,5135.529115083523,3,0,1,114500.45867127075,0
4939,107498,Miller,749,Spain,Female,40,2,259973.0166882046,1,1,1,162481.8601583215,1
4940,106636,Davis,671,France,Female,25,1,88465.93449511589,2,1,1,95596.10792887102,0
4941,107362,Miller,628,Spain,Female,18,9,124588.73340209782,1,1,0,123484.51497305458,0
4942,100011,Jones,552,Spain,Male,58,7,57271.03444375874,1,1,1,115869.68579387167,1
4943,100194,Davis,708,France,Male,18,1,64216.498159240255,4,0,1,52114.214204801385,0
4944,102537,Jones,704,Spain,Male,62,4,78345.80730279814,2,1,1,94315.73585139398,1
4945,102842,Brown,597,France,Female,55,3,158648.7205925271,1,0,0,136624.95038703372,1
4946,102229,Davis,607,Spain,Female,43,0,94924.94290286169,4,1,1,21013.97558292398,0
4947,103009,Williams,638,France,Male,45,6,166712.17086256613,2,1,0,124819.98193997424,1
4948,107984,Williams,534,Spain,Male,50,5,24422.168964106197,1,1,0,181037.64305795453,1
4949,102077,Smith,657,France,Male,32,9,23046.88850254137,3,1,1,183828.0283837928,0
4950,107845,Smith,485,Germany,Male,33,0,23169.702498914114,1,1,1,171923.05438264995,0
4951,103867,Garcia,522,Spain,Female,36,8,485.5616536664182,3,1,0,52996.766473114694,0
4952,104873,Johnson,599,France,Male,44,3,19730.969464888236,4,1,1,173415.4140596386,0
4953,108635,Miller,587,Spain,Male,28,0,12641.042200200598,1,1,0,32538.02788917064,0
4954,100297,Smith,695,Spain,Female,31,7,60468.651471924815,4,1,1,72392.76714464127,0
4955,105856,Williams,678,Germany,Female,69,0,13609.549279133524,4,1,1,86393.01077781785,1
4956,109036,Miller,787,Spain,Male,43,1,53760.03598483133,1,1,1,50399.623299988554,1
4957,101015,Johnson,659,Germany,Male,21,4,760715.2440870523,4,1,1,176228.79006670488,0
4958,101384,Smith,670,Germany,Male,51,0,69990.40657596962,3,1,0,150286.88434724667,1
4959,109589,Brown,533,France,Male,34,0,258557.3796996677,1,1,1,146154.55704926388,0
4960,108745,Jones,533,Germany,Female,29,5,121035.40402662357,2,0,0,186315.60398695638,0
4961,102350,Smith,656,Germany,Male,75,10,224734.65282435893,3,1,1,154975.09148246248,1
4962,101269,Davis,658,Germany,Male,40,0,98237.89263481145,2,1,0,92185.46938965515,0
4963,101260,Smith,678,France,Male,26,4,166122.89293992321,2,0,0,36642.2262568744,0
4964,107701,Davis,776,France,Male,30,9,36068.34854666101,3,1,1,167617.78931045107,0
4965,108376,Brown,538,Spain,Female,41,10,46507.00733945756,4,1,0,146029.4730063437,0
4966,104563,Williams,818,France,Male,41,4,322539.2242228374,4,1,0,125682.45813207481,0
4967,106897,Garcia,500,France,Female,46,1,31133.80737008061,1,0,1,151971.22965739662,0
4968,105672,Brown,687,France,Male,18,10,54709.55256650645,2,0,1,153830.91123211177,0
4969,105593,Garcia,525,Germany,Male,22,2,105313.84622538973,4,1,1,151510.5577964126,0
4970,106155,Smith,722,Spain,Male,36,2,49824.37658193196,4,1,1,97134.82870328266,0
4971,105543,Williams,501,Spain,Female,31,2,2116.7494854644888,1,1,0,112274.44103086449,0
4972,107240,Johnson,376,France,Female,22,2,157132.55059989903,2,0,0,162915.4038212243,0
4973,104683,Smith,664,France,Male,44,10,40894.47661749464,3,1,0,186615.4769381125,1
4974,101881,Brown,637,Spain,Female,45,3,25833.660171939264,3,1,0,108770.27403893016,1
4975,108713,Johnson,760,Spain,Female,64,9,70434.10149186043,2,0,1,142156.43448984827,1
4976,103809,Jones,657,France,Male,49,0,846.8293504658429,4,1,0,107152.70595423155,1
4977,105807,Johnson,575,Spain,Female,46,3,199431.52476279152,4,1,1,90129.8871243896,0
4978,104883,Brown,596,France,Female,36,3,30293.10308661801,3,1,1,158686.3063900569,0
4979,107206,Miller,850,Germany,Female,79,7,256066.70769771904,2,0,1,39417.54070677827,1
4980,104155,Johnson,562,France,Female,33,10,113244.85645156978,4,1,0,95361.35743131554,0
4981,104673,Brown,702,Spain,Female,33,3,79550.95878544476,1,0,1,122455.24165292746,0
4982,101409,Miller,690,Spain,Male,53,4,164121.4633891465,2,1,0,144958.52418097382,1
4983,109886,Smith,704,France,Male,18,3,499917.22194911476,2,0,0,178192.98662073596,0
4984,105197,Miller,696,Germany,Male,37,4,28929.53898799803,2,1,1,41978.5023698133,0
4985,107452,Williams,623,France,Female,40,2,43865.398465659506,3,1,1,89645.76742266623,0
4986,108718,Jones,473,France,Male,32,2,66247.1624755448,3,1,1,54398.45131374359,1
4987,102172,Miller,665,France,Female,54,7,77539.38909741842,4,1,0,114882.85895747643,1
4988,100279,Williams,648,Germany,Male,46,0,80513.0967109326,4,1,1,50112.76107808919,0
4989,103977,Williams,662,France,Female,43,2,79622.69764739483,3,0,0,56761.854483098214,0
4990,102669,Williams,706,Germany,Female,40,1,176166.65397938326,4,1,1,34448.8172245337,0
4991,107825,Miller,608,Germany,Female,33,9,51852.29024240449,2,1,0,118030.85061809602,0
4992,109943,Brown,587,Germany,Male,18,10,1103.1835046357887,3,1,0,162494.8542208696,0
4993,103981,Davis,740,France,Female,47,5,208500.62213346164,4,1,0,35186.78390304098,0
4994,104769,Brown,617,France,Male,53,7,108545.57749491984,3,1,1,161089.77726210692,0
4995,105247,Jones,600,France,Female,38,5,21008.114589186098,3,0,1,193431.1113305608,0
4996,104427,Brown,591,France,Female,18,3,3004.7844531364135,3,1,0,101618.48930910943,0
4997,106135,Garcia,709,Germany,Male,31,2,37947.55670403167,3,1,0,112358.93298344538,0
4998,105573,Brown,629,Spain,Male,31,3,13290.043046766395,2,1,0,155165.09940521297,0
4999,104131,Brown,850,France,Female,32,7,227133.35727109088,2,1,0,153114.02138750118,1
5000,109900,Brown,655,Germany,Female,46,8,32554.504028477986,4,0,0,31944.54964258642,1
5001,107189,Smith,529,France,Female,19,7,122304.04090050566,3,1,1,167644.72210906213,0
5002,104535,Jones,606,France,Male,36,8,107291.2854876263,3,0,0,32178.212365655127,0
5003,102776,Garcia,715,Germany,Female,36,7,125167.5824361043,2,0,0,118279.4023660275,0
5004,109311,Brown,589,Germany,Female,61,4,75511.2500534133,4,1,1,106291.85520358649,1
5005,107697,Davis,648,Spain,Female,44,4,130815.17194901762,2,0,1,167461.57251521715,0
5006,108386,Jones,747,Germany,Female,32,0,71824.36938008125,3,1,1,37138.358237160544,0
5007,100662,Johnson,762,France,Male,59,7,47418.38158361626,1,0,0,133083.53724194373,0
5008,108671,Smith,597,Germany,Male,20,10,195503.98101707263,4,1,0,180192.21932601926,0
5009,108044,Miller,624,Spain,Male,28,1,61383.00325266414,3,0,1,115643.3298869033,0
5010,104218,Davis,659,Germany,Male,18,5,83941.55415463372,1,1,1,174736.35025331395,0
5011,109615,Brown,784,Spain,Female,62,5,62549.850057955446,3,1,0,178030.98050494626,1
5012,105060,Davis,540,France,Female,42,9,149387.36098834017,4,1,0,59222.32024259112,0
5013,105874,Garcia,685,Spain,Male,35,3,77599.42337111612,4,1,1,177363.56680549483,0
5014,105581,Smith,655,France,Female,57,8,63634.93153006569,4,1,1,140136.09225055345,0
5015,102014,Garcia,560,Germany,Female,30,2,29817.069580351184,1,1,1,173712.72818889443,0
5016,103789,Miller,773,Germany,Female,32,7,242522.45204010422,1,0,1,61390.56037072023,0
5017,109103,Miller,749,France,Male,55,1,198901.75147867642,3,0,1,82918.70521384917,0
5018,107148,Davis,803,Spain,Male,30,4,56474.2814670518,4,1,1,125156.66752843087,0
5019,107766,Smith,768,France,Male,31,5,107798.4724263962,2,1,1,153630.2463509925,0
5020,102364,Johnson,651,France,Female,40,1,70950.65422551378,2,1,1,196721.64337631257,0
5021,103629,Davis,711,Spain,Female,44,6,19380.731316909856,4,1,1,24465.934956141406,0
5022,105919,Jones,683,France,Female,50,10,47165.15922356062,2,0,1,113643.79011570757,1
5023,105675,Smith,559,France,Male,35,10,191880.48055058927,2,1,0,114837.76917787829,1
5024,108872,Williams,519,Germany,Male,18,4,159670.9512226225,4,1,1,182269.2116485875,0
5025,106638,Miller,686,Spain,Male,44,9,10813.245595294613,3,1,1,56031.41277686657,0
5026,104651,Johnson,659,Spain,Male,42,3,7830.900612994144,1,1,0,41591.08667833473,0
5027,100609,Davis,616,Spain,Female,41,3,192084.41343031966,2,1,1,102477.2198545721,0
5028,107940,Miller,640,Spain,Female,27,1,229569.09634066367,4,0,1,148376.66514624868,0
5029,103866,Williams,826,Spain,Male,18,8,34847.03295121758,3,1,1,194705.4911980905,0
5030,100371,Johnson,432,Germany,Male,38,0,42968.58619841313,4,0,1,119314.45138666806,0
5031,106998,Miller,713,France,Female,24,0,40917.61956650005,3,0,1,148273.51910609382,0
5032,100615,Williams,734,Spain,Female,47,3,13578.350562468086,2,0,1,64033.485428249136,1
5033,106911,Williams,746,France,Male,50,2,136653.33319107688,2,1,1,139027.28903604692,1
5034,106010,Miller,512,France,Male,18,8,46217.19812178347,2,1,0,57291.26912741304,0
5035,102253,Davis,620,Spain,Male,28,6,180927.48731068967,2,1,1,104953.20632203334,0
5036,104942,Miller,615,Spain,Female,64,10,210799.94802319084,3,1,1,20354.24008169461,1
5037,100864,Garcia,679,France,Female,32,1,243947.57513380153,4,1,1,72534.00849509059,0
5038,101268,Smith,537,France,Female,41,3,170343.0582384925,3,0,0,158877.70821119595,0
5039,107454,Smith,687,France,Female,52,4,155547.41506094273,1,1,0,24361.38168129837,1
5040,108976,Johnson,561,France,Female,42,9,59690.64122223696,1,0,1,71594.19756148894,0
5041,104571,Jones,620,France,Male,55,3,2731.7211551418472,3,0,1,43742.47736046634,0
5042,105229,Miller,784,Germany,Male,53,3,11885.405182504586,1,0,1,129803.23960709383,0
5043,102237,Davis,734,France,Male,58,3,75688.67812469398,3,1,1,151716.34220310015,0
5044,104054,Garcia,662,France,Male,41,7,44632.699951339775,2,0,1,32290.458095576236,0
5045,100935,Smith,510,Spain,Male,32,6,176657.00863039363,3,0,0,110116.68999752206,0
5046,106394,Smith,683,Germany,Female,19,3,82814.22505835199,2,0,1,139975.86874025498,0
5047,107891,Davis,689,France,Male,45,10,10406.536776163792,4,1,0,198087.54443863154,0
5048,100325,Garcia,440,Germany,Male,57,0,65110.563503315425,4,1,0,52626.476867361205,0
5049,109726,Brown,685,France,Male,27,5,172576.43368629224,2,0,1,25437.867078320505,0
5050,107774,Garcia,542,Spain,Female,29,4,198836.6937557245,3,0,0,60170.65967024165,0
5051,103861,Davis,502,France,Male,33,10,18159.05872166845,3,1,1,117229.44816849858,0
5052,101985,Smith,537,Spain,Female,25,4,10569.363042880203,2,1,0,130874.08306237459,0
5053,104932,Jones,433,Spain,Male,41,10,48937.498586641275,1,1,1,82926.07670555697,1
5054,104603,Brown,609,Germany,Male,31,5,6776.018038769404,3,1,1,93336.74885361642,0
5055,102778,Davis,549,France,Female,21,7,129594.01176735565,2,1,0,114813.6111637758,0
5056,109462,Davis,764,Spain,Male,26,5,59336.10180124206,1,1,0,40883.268797231816,0
5057,108832,Williams,614,France,Male,60,5,22092.445938966637,1,0,0,192809.98594133309,1
5058,107754,Garcia,578,France,Female,40,6,10810.754236460452,2,1,1,138417.0781599525,0
5059,104078,Williams,490,France,Male,60,10,262213.03758049826,3,0,0,109784.60181113509,1
5060,101367,Brown,607,Germany,Female,30,7,4401.441403273654,1,1,1,149503.98869778356,0
5061,104042,Brown,785,France,Female,18,3,10300.594812638954,1,1,1,30236.02685104614,0
5062,102575,Brown,804,Spain,Female,34,6,26688.151075061007,1,0,1,159789.73935491493,0
5063,106754,Johnson,613,France,Female,63,7,9945.619212703205,4,0,1,47894.494768032324,1
5064,101581,Garcia,643,Spain,Female,18,5,103362.31442979722,2,1,0,26670.067146659883,0
5065,101986,Davis,720,France,Male,18,8,24618.05359298429,4,1,1,178259.9012585859,0
5066,102240,Miller,547,France,Male,34,5,65379.19409460691,1,1,0,143946.88176566805,1
5067,103966,Jones,686,France,Male,54,3,196785.1039441263,1,1,1,18800.96184175085,1
5068,107604,Jones,850,Spain,Female,23,5,174166.75317437996,2,1,1,187099.1406411907,0
5069,108320,Davis,726,France,Male,41,1,15810.973654485353,1,1,0,199620.86470888858,1
5070,105968,Williams,723,Germany,Female,38,10,9291.74643947369,2,0,1,128119.09970711866,0
5071,109043,Davis,784,France,Male,56,7,109139.22100928359,1,0,0,39169.83068081344,1
5072,107493,Williams,740,Spain,Female,73,10,23610.872158526614,2,1,0,108832.95188342546,1
5073,104103,Miller,624,France,Female,27,5,152075.12620621035,2,1,1,139213.80161762564,0
5074,102076,Williams,532,France,Male,33,3,57002.48295443821,3,1,0,46454.066268834824,0
5075,105231,Garcia,636,Germany,Male,37,6,16785.05461819557,3,0,0,84557.44508833365,0
5076,102994,Smith,553,France,Male,26,7,365800.94176344795,2,0,1,32099.188649407508,0
5077,103744,Williams,621,France,Female,65,2,5722.050863467916,2,1,0,120987.3994609958,1
5078,105594,Brown,562,France,Male,22,9,13272.51858542741,1,1,1,76294.63214202374,0
5079,107531,Williams,611,Germany,Female,57,2,167151.00162210147,1,1,1,78033.87620908464,1
5080,107371,Brown,501,France,Male,32,9,60273.11914741801,3,0,0,98236.09888582789,0
5081,101644,Johnson,580,France,Female,38,2,278145.57151052036,1,1,1,59236.68802738778,0
5082,103144,Smith,690,Germany,Female,40,2,11989.781315297429,2,0,0,127800.85832803854,0
5083,100242,Smith,715,France,Male,31,1,17076.9012607744,4,1,1,138125.80921643783,0
5084,104085,Miller,694,Germany,Male,50,4,182.6121483003943,2,1,1,58886.640700069256,0
5085,107954,Garcia,612,Germany,Male,45,5,24477.04106601616,2,1,0,156754.39957387594,0
5086,107269,Davis,662,Spain,Female,61,0,107078.47622196718,1,1,0,21678.235047133232,1
5087,107130,Garcia,844,France,Female,48,5,128493.14179393977,1,1,1,141921.76703388154,1
5088,106828,Jones,577,Germany,Male,21,6,56201.27787074938,2,1,1,93489.3453543591,0
5089,108362,Johnson,810,France,Male,36,1,29754.149955111912,1,1,1,128726.44985901537,0
5090,108844,Miller,505,France,Male,62,0,125994.28368695051,2,0,1,86568.68889087693,0
5091,106331,Garcia,479,Germany,Female,30,6,18947.880303098962,2,1,1,82755.6829853005,0
5092,103512,Brown,635,France,Female,61,5,145708.55710158547,2,1,1,38660.58827918755,1
5093,101499,Johnson,646,France,Male,49,2,154453.8581191099,2,1,1,145884.1790849497,1
5094,102158,Smith,536,Germany,Male,51,1,58173.84902420329,3,1,1,68125.08538504534,1
5095,105162,Davis,617,France,Female,18,1,21518.467712038946,1,1,1,92659.2524877652,0
5096,104039,Davis,690,France,Female,45,1,99391.15102575053,2,1,1,154433.9375392094,1
5097,102035,Brown,552,France,Male,70,7,192041.8884113404,2,0,1,54909.17497936092,1
5098,107977,Miller,751,France,Male,25,0,75397.48667565928,2,0,1,96509.5027240968,0
5099,100857,Miller,762,France,Male,62,2,61816.57598275064,1,1,0,71720.72990902499,1
5100,103823,Johnson,774,France,Female,41,7,387395.1544190486,1,1,1,146344.58274955966,1
5101,106770,Smith,559,France,Male,26,5,77094.77856559334,3,0,1,192939.12933718195,0
5102,109241,Garcia,572,Germany,Female,34,6,3481.5502097061835,4,1,0,190675.3388681259,0
5103,100298,Brown,632,France,Male,18,1,69725.55944988363,3,1,1,105229.89400503425,0
5104,107244,Brown,622,Spain,Male,39,8,58927.62463204389,2,1,1,43423.16076850707,0
5105,100923,Smith,617,Spain,Male,45,6,34545.8089470205,3,1,0,193606.41676345235,0
5106,104232,Brown,725,France,Male,74,2,38177.8050546141,1,0,1,179483.65735518053,1
5107,104306,Davis,711,France,Male,44,8,267112.1478267063,2,1,1,41443.87688763892,0
5108,102799,Garcia,562,Germany,Male,60,2,14340.50493369306,1,1,0,63080.26058627394,1
5109,106578,Garcia,535,France,Female,24,9,144408.08658015876,3,0,1,32492.537519779424,0
5110,104875,Garcia,526,Spain,Female,36,7,232707.98931281012,4,1,1,191707.50210665414,0
5111,105326,Smith,562,France,Male,43,6,30040.832615486506,2,1,1,24918.01030416085,0
5112,106582,Williams,734,France,Female,26,2,6915.139956124363,2,1,0,85864.45065302134,0
5113,101802,Williams,664,France,Female,35,4,36693.626497417274,4,0,0,169464.08238259607,1
5114,102657,Miller,742,France,Female,53,6,56718.66711983856,2,1,1,113902.89198723834,1
5115,103346,Miller,479,France,Female,75,2,302463.142602337,1,1,1,108878.38531349183,1
5116,109663,Davis,677,France,Male,51,1,56236.59488572831,1,0,0,83772.95563100114,1
5117,102949,Brown,676,France,Male,28,8,9657.351311456336,3,1,1,13252.400353992827,0
5118,100941,Garcia,770,Germany,Male,38,1,15886.523148562243,1,0,1,39708.68777721996,0
5119,101907,Brown,609,France,Male,23,2,43499.60995985086,3,1,1,120371.20990914336,0
5120,104837,Smith,602,Spain,Male,42,0,20357.11290912279,2,1,1,162732.29497446507,0
5121,108105,Brown,800,France,Female,61,0,6247.902798882122,1,0,0,133489.04943913734,1
5122,101243,Jones,632,France,Female,43,0,19268.69258047908,1,1,1,154754.9250402727,0
5123,105696,Williams,667,France,Male,38,9,11148.00774004029,1,0,0,50469.86066965222,0
5124,101466,Brown,697,Germany,Male,37,2,22652.211962916244,1,1,1,117545.63982151625,0
5125,103957,Brown,483,Germany,Male,41,5,564202.3246930107,1,1,1,81462.2219857844,1
5126,101966,Johnson,654,France,Male,64,9,58952.35770849227,2,1,0,74573.59737333767,1
5127,100375,Davis,525,France,Female,50,2,107469.89059261465,2,1,0,91582.53643666333,1
5128,100262,Brown,641,Spain,Female,23,3,18066.123350246646,4,1,1,175754.45070062423,0
5129,104362,Jones,620,Spain,Female,30,1,189240.91191635747,2,1,1,178333.91156957866,0
5130,106502,Williams,599,France,Female,57,6,31048.152252836153,2,1,1,160116.89756810246,1
5131,107833,Johnson,712,Germany,Male,45,3,404501.23254830943,3,0,0,82401.51140756877,1
5132,101893,Davis,659,France,Male,18,10,181221.42251988195,4,0,0,16178.79165820898,0
5133,108106,Smith,543,France,Male,54,0,301331.4847323643,3,1,1,80745.34261240192,1
5134,101652,Miller,540,Spain,Female,32,3,110353.04468443977,3,1,0,167126.72674513233,0
5135,105540,Smith,734,Germany,Male,28,3,107321.29666153032,3,0,1,30059.938491319113,0
5136,103892,Williams,646,France,Male,54,10,183946.21526045588,3,1,1,137537.91962503095,1
5137,100599,Miller,507,Spain,Male,53,2,125653.79915950132,2,1,1,173404.79743991868,1
5138,104815,Smith,608,Germany,Female,37,7,93188.35247015102,4,1,1,99737.36893262535,0
5139,101912,Davis,634,France,Male,45,6,44358.580169710236,3,1,1,19546.506239835697,0
5140,109484,Jones,526,France,Female,29,9,25214.35960050068,4,0,0,106365.20994514604,0
5141,108792,Brown,586,France,Female,27,9,152438.23097967086,2,1,1,142066.81209176444,0
5142,108572,Williams,741,France,Female,33,2,48784.159957130796,4,1,1,135266.85526034288,0
5143,104213,Miller,850,Germany,Male,33,3,6315.802681604592,4,1,1,108033.39917027339,0
5144,103637,Johnson,680,France,Male,30,7,65319.99563046221,2,1,1,125163.35369715706,0
5145,109290,Brown,514,France,Male,52,9,107151.76849681791,1,1,0,63725.494581089864,0
5146,105599,Smith,628,Spain,Female,40,2,2330.799981516939,3,1,0,51587.85888178536,1
5147,106448,Smith,662,Spain,Female,24,4,122119.04340711435,3,1,1,178599.26121819767,0
5148,108557,Johnson,728,Germany,Male,29,4,25448.33238319386,2,0,0,65944.65544159223,0
5149,107382,Jones,730,Germany,Female,20,4,25148.804083524312,4,1,1,142041.3291863211,0
5150,108982,Davis,786,Spain,Female,37,4,82755.09726592951,2,1,0,46223.745434309574,0
5151,103569,Davis,649,Germany,Male,60,8,41142.4141694045,1,1,0,92607.45724839652,1
5152,107707,Johnson,651,France,Male,43,9,59889.89053697287,4,1,0,38288.646711514826,1
5153,100746,Williams,461,France,Female,40,4,71957.8529628639,1,1,0,67081.21459556426,0
5154,108504,Johnson,548,Germany,Male,18,10,253860.07783799566,2,0,0,45368.390814443715,0
5155,104633,Smith,513,France,Male,59,10,22928.81005956265,2,1,0,191661.144871305,1
5156,100920,Jones,565,France,Female,39,8,62419.4280748994,2,0,0,14565.127899234143,0
5157,109269,Jones,534,Germany,Female,40,8,154171.88504296343,1,1,0,77085.91644647229,1
5158,107008,Garcia,541,France,Female,21,10,22962.35142041223,3,1,1,130169.05448380318,0
5159,102381,Johnson,758,France,Male,37,9,8597.375690076393,1,1,1,177065.31841941553,0
5160,103618,Williams,457,France,Male,25,3,1792.418849130722,1,1,0,199329.46163390964,0
5161,108989,Smith,630,France,Female,28,8,10951.691784569326,1,1,1,126275.08922405183,0
5162,104443,Brown,736,Spain,Female,18,10,32101.90094018617,2,1,0,184561.83700199175,0
5163,100272,Davis,619,Germany,Male,18,1,52637.32731718822,1,0,1,190291.15516216343,0
5164,101773,Davis,782,Spain,Female,71,2,90084.54025474277,3,0,1,112749.48547324823,1
5165,102547,Davis,590,France,Male,42,0,22325.669596086627,1,1,0,33410.494694176115,1
5166,103164,Jones,825,Germany,Female,56,10,31429.401858784888,3,0,0,106132.52966779555,1
5167,104780,Davis,493,Germany,Male,34,6,120091.22911431045,4,1,1,102771.66720471076,0
5168,100946,Johnson,782,France,Male,36,9,239698.30659787927,3,1,0,114837.45607608467,0
5169,100506,Garcia,560,France,Male,23,10,14562.103327668185,2,0,1,78009.66185214379,0
5170,106719,Williams,794,Germany,Male,48,8,63963.50806144964,4,1,1,137550.81794467746,1
5171,108435,Williams,603,Spain,Female,50,2,35015.04042723245,2,1,1,99158.063970937,0
5172,108697,Miller,760,Spain,Female,46,7,75071.32773483633,2,0,0,119202.40637017088,1
5173,106360,Davis,777,France,Male,39,0,12684.65114963981,4,0,1,68435.65396255451,0
5174,107657,Smith,592,France,Male,43,5,31613.51496594687,3,1,0,94532.8796027652,1
5175,103590,Jones,752,Germany,Male,32,5,123395.70957180153,2,1,1,145986.87026818443,0
5176,101192,Smith,647,France,Female,54,4,171097.21954008797,3,1,1,31802.39451276597,1
5177,101464,Davis,503,France,Female,18,3,97192.35467780188,2,1,1,162527.2657921688,0
5178,100390,Garcia,700,France,Female,27,2,289063.3318373197,2,1,1,91301.36757261038,0
5179,105615,Brown,548,France,Female,35,3,105814.38428041192,4,0,1,195307.5578870425,0
5180,106106,Davis,584,France,Male,20,6,137275.87433982847,4,1,1,111674.02730216367,0
5181,108864,Brown,560,Germany,Female,18,6,44227.51707011203,3,1,0,22284.63605725876,0
5182,102560,Brown,687,Spain,Male,35,2,18617.08856108569,4,1,1,107890.26480811501,0
5183,105867,Williams,551,France,Female,32,10,107258.58618130788,2,1,1,111281.5108614346,1
5184,101211,Jones,527,France,Female,36,9,251437.91105244792,1,0,0,137133.37448905295,1
5185,109121,Davis,545,Germany,Female,39,2,401189.8564981049,1,0,0,42601.75594499565,0
5186,101539,Smith,579,France,Female,48,2,59792.26195969628,1,0,1,101392.96065766539,1
5187,109104,Smith,699,Spain,Female,40,4,77589.16924028986,1,1,1,84510.43839036654,0
5188,100643,Garcia,740,France,Male,65,0,37282.6183119126,3,0,1,184450.425588024,1
5189,108693,Brown,739,Spain,Male,41,9,111631.2388504156,4,1,1,67363.00681066127,0
5190,108921,Jones,646,France,Male,62,10,144910.9701873317,2,0,0,15008.666357196089,1
5191,101283,Jones,643,Spain,Female,54,6,4206.916885134205,1,0,0,105275.12563082224,1
5192,107680,Garcia,631,Germany,Female,56,7,187489.4281849759,3,0,0,192982.04082840477,1
5193,107345,Johnson,694,Spain,Male,18,6,72113.17701340049,3,0,1,132622.9793352363,0
5194,104386,Jones,761,Germany,Female,41,7,86682.20432706737,2,1,0,124781.08463727018,1
5195,100919,Jones,634,Germany,Female,44,8,23095.666677574496,4,0,1,168395.1240831031,0
5196,102339,Smith,703,Germany,Male,34,3,1035.3908366908227,1,1,1,40812.86056280208,0
5197,108947,Garcia,525,Spain,Female,41,2,304079.90324476134,1,1,0,78226.66446423615,0
5198,105930,Davis,735,Spain,Female,23,6,263666.57835214946,3,0,0,50832.406226719424,0
5199,105402,Jones,671,France,Male,60,8,148872.6635551598,3,0,1,83975.15424500249,1
5200,105663,Jones,546,France,Female,39,8,64168.882828245885,1,0,1,22171.0155562012,0
5201,105275,Smith,756,France,Female,45,7,38217.0061466724,2,0,0,88906.43144897633,1
5202,100507,Davis,525,France,Male,27,2,16969.53331862739,3,1,0,39451.69378788518,0
5203,101436,Davis,422,Spain,Male,62,5,8438.255356373815,3,1,0,128534.87599252177,1
5204,108750,Jones,734,France,Female,51,1,61120.79481824108,4,1,1,102081.46904676201,0
5205,107354,Smith,688,Germany,Male,54,5,157140.65148202606,2,1,0,137357.377230327,1
5206,104516,Johnson,528,Germany,Female,69,4,129434.32634269673,2,1,1,94781.17084729255,1
5207,103622,Williams,685,Spain,Female,35,3,141031.65478285777,3,0,1,129568.46395750204,0
5208,104399,Miller,766,Germany,Female,47,2,12630.063956500542,4,1,0,30385.155107867136,1
5209,105037,Smith,676,France,Female,46,7,198594.4608855773,3,1,1,42663.9219879761,1
5210,108111,Smith,850,Spain,Male,30,9,162949.96565667525,1,1,1,193841.12888249842,0
5211,103715,Jones,564,France,Male,44,5,9881.398359568002,3,0,1,169882.28249938562,0
5212,107837,Smith,426,Spain,Male,27,8,44088.42382704925,3,1,1,116894.54394752192,0
5213,101301,Garcia,508,France,Male,38,2,47036.241871956336,3,0,0,199747.8491705802,0
5214,107370,Brown,420,France,Female,18,4,132844.66486312708,1,1,1,18350.224829572548,0
5215,105185,Brown,850,Spain,Male,27,3,196957.16879394755,4,1,1,195818.23173401682,0
5216,102155,Johnson,649,Spain,Female,18,5,47116.53246557173,4,0,0,22868.248670778958,0
5217,106411,Davis,843,France,Female,61,1,14022.67672010776,2,1,0,132624.81352825993,1
5218,106365,Smith,614,Germany,Female,48,5,8616.993139734335,2,0,0,121508.85892723092,1
5219,100692,Davis,559,France,Female,31,2,101843.99609068908,2,1,1,176504.26145810547,0
5220,101478,Garcia,476,France,Female,27,7,68911.16248205856,3,1,1,121605.90003038933,0
5221,106396,Jones,610,Germany,Male,56,9,232327.96673777202,3,0,1,53184.13617520658,1
5222,108448,Jones,734,Spain,Female,65,9,306890.7652749362,2,1,1,52155.41417547463,1
5223,100441,Miller,627,Spain,Male,50,10,228334.71290110922,1,1,0,149852.19825410168,0
5224,102646,Williams,490,Germany,Female,58,5,7864.673321069614,3,1,0,168764.26550463546,1
5225,105209,Johnson,715,Germany,Female,38,7,33444.36450382691,1,0,1,103166.95731789443,1
5226,106533,Garcia,733,France,Female,18,6,27286.888373107,1,1,1,163522.60044636857,0
5227,104677,Davis,597,France,Female,37,5,7113.428026446122,3,1,1,41046.717298523145,0
5228,107211,Garcia,584,France,Female,40,8,250436.52135247862,2,1,1,111796.96573166744,0
5229,109927,Miller,479,Spain,Male,54,10,225175.945470426,4,1,0,101626.48209431833,1
5230,102645,Miller,712,France,Female,33,8,49555.475528242896,4,0,0,167828.94451099675,0
5231,108210,Jones,603,France,Male,21,9,318713.3976977155,4,1,0,184750.11789704312,0
5232,109316,Davis,382,Germany,Male,18,9,82861.33096337947,1,1,1,32926.63535610775,0
5233,107933,Williams,501,France,Male,48,3,56921.70686395866,2,0,0,121360.44357281548,0
5234,105476,Jones,706,Spain,Male,34,7,79773.02681082937,3,1,0,89965.40585454552,0
5235,107928,Williams,615,France,Male,22,2,54827.75482142409,1,1,0,101442.20117208982,0
5236,102080,Brown,536,Spain,Female,48,10,34515.19138159207,3,1,0,168744.1904880485,0
5237,106089,Garcia,655,France,Female,50,4,19979.591949976933,3,0,1,137979.58347079647,1
5238,107396,Miller,565,France,Female,35,2,61734.45567431789,1,0,0,107299.21615122206,0
5239,109739,Brown,585,Spain,Female,54,9,75667.67467430866,1,1,1,117422.08934586367,1
5240,107797,Davis,623,Germany,Male,48,3,172384.87702607893,2,1,0,172572.74402285772,1
5241,100861,Jones,818,France,Female,36,4,64127.32407484916,1,0,1,169300.90680417407,0
5242,108346,Johnson,818,France,Female,35,7,176850.22387485803,3,1,1,76061.00933736439,0
5243,103494,Smith,452,France,Female,33,9,309339.3636606757,2,0,1,32931.34890054076,0
5244,100904,Johnson,643,France,Male,38,7,127829.26803817491,3,1,1,41096.849753265626,0
5245,101269,Johnson,504,France,Male,61,2,12750.896231878936,2,1,0,72332.53269154702,1
5246,100404,Smith,543,Germany,Male,56,7,61853.2072840555,3,1,1,193477.44744612378,1
5247,109035,Garcia,464,France,Male,46,9,194288.2845069403,2,0,0,187207.97788391224,1
5248,109974,Brown,563,France,Male,66,3,67656.93654888064,1,1,0,181389.91225644274,1
5249,109756,Brown,530,Germany,Female,56,10,166456.85017369577,4,1,1,117790.48750576377,1
5250,101184,Garcia,752,France,Male,36,1,149563.89048456127,3,1,1,105391.05506095516,0
5251,108938,Smith,565,Germany,Female,47,2,17416.861616982635,3,0,1,58471.11404478544,1
5252,101725,Williams,455,Germany,Female,59,7,39971.410571612134,2,1,1,139425.6285567105,1
5253,108462,Johnson,649,France,Female,40,4,144354.64554638133,1,1,1,177537.00613214885,0
5254,105811,Jones,632,France,Male,35,1,17337.5230330777,1,1,1,169978.2288142311,0
5255,105606,Brown,623,France,Female,66,6,54954.86192211562,2,1,1,154891.72389001804,1
5256,103956,Garcia,710,Germany,Female,47,4,14775.363494486875,1,1,0,57556.81261607353,0
5257,100171,Jones,773,Germany,Male,54,5,26880.024366559628,1,1,1,120096.33841173125,0
5258,108465,Miller,622,Germany,Female,28,1,33634.1698125264,2,1,1,53959.65786365908,0
5259,102306,Smith,676,Spain,Male,52,10,75558.70448922261,3,1,1,163030.84612825562,1
5260,109350,Jones,624,Germany,Male,36,6,242933.51465306242,2,1,1,185347.36115568635,0
5261,109898,Davis,700,Germany,Male,38,0,48704.02690331717,4,1,0,188280.85669320865,0
5262,109963,Jones,503,France,Female,24,9,189689.0995801108,2,0,1,184932.22184666232,1
5263,100421,Davis,711,France,Female,35,9,118802.62331135933,2,0,0,65263.99584856367,0
5264,105540,Johnson,678,France,Female,18,4,151619.20986946762,1,1,1,51110.70074303897,0
5265,109401,Smith,554,Germany,Male,55,8,143635.1636066179,3,1,0,27115.540968724577,1
5266,104675,Jones,850,France,Female,30,6,35970.527233109344,4,1,1,152743.16026500167,0
5267,109082,Brown,514,Germany,Female,44,8,26951.53893681014,1,1,0,192848.7543263669,1
5268,106748,Smith,682,Germany,Male,21,8,379794.6245677822,1,1,1,33988.61808809525,0
5269,106103,Brown,554,France,Female,46,0,133875.23729576875,1,0,1,101575.8275740696,0
5270,101473,Garcia,707,Germany,Female,18,7,45535.66666348246,3,1,1,63023.722445685264,0
5271,103243,Garcia,849,France,Male,25,6,80829.3923137938,2,1,1,149018.5929447777,0
5272,102181,Miller,727,France,Male,59,10,149553.76076606312,2,0,0,174463.59516607746,1
5273,109641,Williams,638,Germany,Female,29,1,5738.360014120654,4,1,1,77677.55956885217,0
5274,103096,Garcia,742,Germany,Female,35,2,10428.611118984027,3,1,0,140492.6492796081,0
5275,106646,Jones,590,France,Male,18,5,2539.9322938695304,2,0,1,86648.13104680505,0
5276,109782,Smith,698,France,Male,59,10,17920.6747105876,4,1,0,190315.65971300672,1
5277,105882,Garcia,658,France,Male,35,10,12710.002058291648,3,1,1,11986.08755270819,0
5278,105982,Brown,528,France,Female,58,2,62185.58444642245,4,1,0,156355.5778292543,1
5279,105798,Jones,820,Spain,Male,28,7,33855.36705986306,1,1,1,19716.31966829502,0
5280,109627,Garcia,774,France,Female,18,3,4666.146075078761,2,0,1,148164.1270489016,0
5281,108415,Davis,564,Spain,Male,60,6,59682.62728717062,4,1,0,190563.9934512322,1
5282,108411,Davis,752,Spain,Female,44,3,86411.76264210576,3,0,0,178359.4832832364,1
5283,109846,Johnson,532,France,Male,40,1,46240.10293615346,3,1,1,33970.225556774734,0
5284,108456,Brown,696,France,Male,29,6,30157.68606327798,3,1,0,25272.73355078949,1
5285,109145,Miller,654,Spain,Female,56,7,49504.346994031395,3,1,0,184743.40008136097,1
5286,104524,Miller,817,France,Male,18,0,73375.71349162346,2,1,0,63297.33979147355,0
5287,106559,Miller,683,Germany,Male,51,4,57275.022754129786,1,1,0,44743.06216929674,1
5288,107620,Brown,495,France,Female,21,9,9791.663891854067,2,0,1,55535.70095604101,0
5289,102774,Miller,751,France,Female,45,7,61034.81217758066,2,1,1,112536.0119033612,0
5290,105673,Williams,605,France,Male,68,0,127415.65404442634,3,1,1,24392.49057879118,1
5291,103124,Johnson,601,France,Male,38,2,171478.2015492891,4,1,1,16555.86396684618,0
5292,108671,Williams,652,Germany,Female,37,1,57899.453479814976,1,1,0,122061.57634551816,0
5293,101353,Davis,592,Spain,Female,31,2,508210.0379231285,3,1,1,93840.15692759585,0
5294,109081,Garcia,829,France,Female,36,2,185060.7212542539,2,1,1,180999.18486028633,0
5295,103854,Johnson,730,France,Female,32,2,24256.215435631162,1,0,1,116825.44053609463,0
5296,108134,Brown,535,France,Male,39,0,61022.268354563945,2,1,0,121162.68263970212,0
5297,100924,Williams,577,France,Male,34,2,35021.58211221314,4,1,0,184725.50065533357,0
5298,102170,Jones,519,Germany,Male,36,1,79904.095322728,4,0,1,29438.936781425647,0
5299,105506,Johnson,746,Germany,Female,30,8,25375.600367716404,4,1,0,97938.35236121569,0
5300,102395,Brown,643,France,Female,37,9,3586.48231710284,4,1,0,87416.75950585128,0
5301,108220,Smith,552,Spain,Male,38,7,234739.22556635292,1,0,1,158749.04229063104,1
5302,108226,Johnson,807,Germany,Female,63,5,73347.08434573669,4,1,1,90717.10218468074,1
5303,105515,Johnson,700,France,Female,62,6,246465.91547089964,1,1,0,102740.26329091573,1
5304,102670,Garcia,668,Germany,Male,43,0,12573.507820734056,3,0,1,100403.016642713,1
5305,103365,Jones,663,France,Male,32,6,16426.46569385707,3,0,1,160733.12030884915,0
5306,100588,Garcia,514,Germany,Female,44,7,25680.900329269978,3,1,1,138312.88453977992,0
5307,103138,Miller,705,France,Male,26,7,61086.50501833872,2,1,1,91995.40769150776,0
5308,109095,Johnson,608,France,Male,30,5,212028.09867178783,1,1,1,25060.8581075588,0
5309,106663,Davis,737,Spain,Female,39,6,105099.97043233614,3,1,0,168739.1059444349,0
5310,104086,Johnson,713,Germany,Female,29,10,5657.538385640465,3,0,1,198662.30489005666,0
5311,108531,Miller,643,Germany,Female,29,1,52289.05724530564,3,1,1,151688.08323428966,0
5312,104270,Jones,636,France,Female,32,3,128465.72438033941,3,1,1,93119.97789689418,0
5313,106019,Jones,815,Germany,Male,73,7,38917.8001506647,1,1,1,85734.66506860549,1
5314,109906,Davis,516,France,Female,41,10,67837.99324095612,1,0,0,124192.9722859051,1
5315,100556,Davis,592,Spain,Female,18,3,124282.00309223219,2,1,1,51845.59869171392,0
5316,108022,Williams,763,Germany,Male,41,7,335198.1891294869,3,1,0,41088.570200705064,0
5317,105452,Brown,798,France,Male,45,9,40528.53201036351,4,0,1,32785.604323919535,0
5318,103567,Brown,636,France,Male,38,3,136405.33753270074,1,1,0,194149.02221593697,0
5319,103899,Williams,580,Spain,Female,48,8,137596.08259860557,1,1,0,135921.29410122472,0
5320,106477,Brown,582,Germany,Female,30,0,78242.0555252894,2,0,0,116243.65048662658,1
5321,107500,Johnson,506,Spain,Male,36,5,167859.80430868696,3,0,1,177891.59737256792,0
5322,101016,Williams,850,France,Female,37,0,76812.15210797254,4,0,0,73549.20861629616,0
5323,106470,Williams,635,Germany,Male,28,5,98082.67002112805,2,1,1,107642.04309809502,0
5324,102062,Brown,696,Germany,Female,24,3,181536.84464465082,3,1,1,38102.03988585392,0
5325,109030,Smith,697,Germany,Male,40,7,64677.054065962395,4,1,1,125814.28970561907,0
5326,109829,Davis,798,Germany,Male,42,7,65000.23136303499,4,1,1,180837.31285358744,0
5327,104321,Brown,608,France,Male,18,8,89413.55484991538,1,0,0,152294.12751827145,0
5328,103496,Garcia,615,Germany,Male,31,6,163063.3999925989,4,1,1,119541.91316140542,0
5329,101813,Smith,733,Germany,Male,34,10,13603.295688636754,4,0,1,109649.96420013723,0
5330,106256,Williams,470,France,Male,41,7,147498.12849286187,1,0,1,124968.11009905262,1
5331,109643,Smith,799,France,Female,51,10,34921.584366141666,4,0,1,130036.6276786612,1
5332,102313,Johnson,823,Germany,Female,34,2,7368.232656676371,3,1,0,126992.41953636492,0
5333,109706,Jones,674,France,Male,47,9,157106.1688883968,3,1,0,99553.7834474287,0
5334,101231,Smith,556,France,Female,18,3,15682.129085138638,1,1,1,129499.73287822916,0
5335,109837,Garcia,735,Germany,Female,59,3,23986.071619241815,1,0,1,109721.80016212822,0
5336,105831,Jones,630,France,Female,38,5,122474.64628438816,1,0,1,91135.53082213679,1
5337,102999,Johnson,664,France,Female,18,6,83131.26617703638,2,1,1,109908.15093213026,0
5338,103440,Garcia,671,Germany,Male,47,8,253195.13233940612,2,1,1,166133.63438899393,0
5339,104056,Miller,584,France,Female,35,9,308641.2876631767,4,1,0,182539.38988548785,0
5340,100305,Jones,684,Germany,Female,66,5,37682.16606126915,2,0,0,131903.77288467204,1
5341,109915,Miller,503,France,Female,62,1,39185.43196446896,2,1,1,173942.09322477042,1
5342,101689,Johnson,430,Spain,Male,52,9,23539.55103146232,3,1,1,12419.033317331596,1
5343,109709,Jones,686,France,Male,18,9,72901.59626392521,3,0,1,188805.2292964029,0
5344,103917,Jones,754,France,Female,35,6,47479.532183742864,4,0,0,13096.491241614116,0
5345,107080,Brown,598,Germany,Female,58,9,1476.1237353884064,1,0,1,187749.3236229125,1
5346,108611,Garcia,593,France,Female,51,8,50245.28999360668,3,1,0,45433.722984383894,1
5347,102936,Davis,714,Spain,Female,25,7,6368.734330698868,3,1,1,29144.426928510376,0
5348,103862,Garcia,647,Germany,Female,37,3,160466.9471412321,3,1,1,178392.90780722728,0
5349,109642,Smith,593,Spain,Male,47,1,264357.03773784026,2,1,1,14712.805005330092,1
5350,105649,Miller,680,France,Male,18,7,35072.67212991014,3,1,1,167443.06957347863,0
5351,103261,Miller,650,Spain,Female,18,5,105186.2005498999,3,0,0,49750.02727546767,0
5352,109356,Garcia,525,France,Female,75,7,9268.668189476632,1,1,0,86829.11708204243,1
5353,101819,Garcia,639,France,Female,34,10,45180.8357646697,2,0,0,13143.85928541812,0
5354,101342,Jones,668,France,Male,18,8,85781.68541684022,1,0,1,194627.45548823432,0
5355,105560,Miller,596,Germany,Male,28,2,11000.7559786424,1,1,1,95007.559989686,0
5356,102226,Williams,742,Spain,Female,43,7,47343.33405153714,2,0,1,93267.8301028746,0
5357,101079,Davis,698,France,Male,50,9,310646.68326669093,2,0,0,15950.94247254753,1
5358,104206,Brown,622,Spain,Female,29,7,18162.107742443695,2,0,1,46634.08582011006,0
5359,106280,Davis,663,Spain,Male,21,4,96818.83278518457,1,1,0,48348.60962541795,0
5360,107235,Smith,612,France,Male,52,5,179184.62881451892,4,1,1,13644.440417545651,1
5361,100813,Davis,627,Germany,Male,24,4,147477.9714653935,1,1,1,43673.70380903878,0
5362,105089,Brown,631,France,Male,35,5,147570.24448077107,2,1,0,188647.1582622231,0
5363,102031,Smith,472,Spain,Male,49,0,6094.2493065090375,1,1,1,121378.37600225607,0
5364,108514,Johnson,652,Germany,Male,31,9,363445.9071413494,4,1,0,14913.414894780019,0
5365,109095,Jones,681,France,Female,69,9,129881.27900656317,4,1,0,52131.61597069139,1
5366,109733,Garcia,850,Spain,Female,26,9,308655.30373589986,4,0,0,89604.17537436001,0
5367,105911,Garcia,693,France,Female,33,1,387563.2468576149,3,1,0,43910.893299481344,1
5368,102653,Williams,584,Spain,Female,33,7,44161.49339245189,1,1,1,41190.117050099754,0
5369,103340,Davis,485,France,Female,29,0,78390.8906688412,2,1,1,192196.52400361415,0
5370,107876,Miller,544,Spain,Female,55,8,130735.47683716305,1,1,0,198599.54432379614,1
5371,101141,Miller,600,Germany,Female,33,6,189103.04781207658,4,1,1,129046.0815803591,0
5372,109041,Brown,601,Germany,Female,81,0,353864.9632007708,4,1,1,174882.18635586507,1
5373,108558,Brown,626,France,Female,40,4,366735.3877125738,4,0,0,93587.40791908668,0
5374,102897,Brown,609,Spain,Male,42,1,39713.09142780512,1,0,1,12707.41699869255,0
5375,109281,Miller,626,France,Female,18,10,114092.95839900945,2,1,0,121517.4366918027,0
5376,104041,Garcia,607,France,Female,30,0,15891.682165259566,3,1,0,42871.531357031825,0
5377,102038,Miller,651,France,Male,49,0,166349.4186302729,4,0,0,120162.03453013033,0
5378,104270,Brown,559,Spain,Female,47,4,17375.96127410982,2,0,0,179623.76996924405,1
5379,104683,Jones,524,France,Female,23,3,221347.88018107062,4,1,0,152858.8552513198,0
5380,100494,Smith,626,Germany,Male,32,4,386800.369505275,4,0,1,60283.85357379548,0
5381,107116,Garcia,693,Spain,Male,18,5,9030.58655320411,1,0,0,164099.41574671835,0
5382,101784,Jones,538,Spain,Male,27,0,71817.59728675842,3,0,1,145610.87364964164,0
5383,103510,Johnson,592,France,Female,64,1,30751.985445615075,4,1,0,187786.8313048341,1
5384,103786,Davis,635,Germany,Female,42,1,63494.29772863988,3,1,0,128599.34937869005,1
5385,105266,Jones,632,France,Female,55,4,34782.09583017359,4,1,1,196378.52611032108,1
5386,109190,Davis,725,Spain,Female,18,9,6790.112631233203,1,1,0,111014.66137178359,0
5387,105428,Jones,743,Spain,Female,40,8,50108.80616116324,4,1,1,110522.8190565476,0
5388,106681,Johnson,672,Spain,Female,37,6,22887.209249711803,2,0,1,15154.32174115486,0
5389,106893,Jones,770,Germany,Female,29,9,79693.04478675952,3,1,0,188027.7723606828,0
5390,109643,Smith,613,France,Female,35,3,114117.50030054197,2,0,1,92777.3318565534,0
5391,109943,Garcia,734,France,Female,31,4,51971.02094372978,1,1,0,175177.40780740167,0
5392,104658,Davis,588,France,Female,21,10,22770.38989111729,2,0,1,84264.77509169547,0
5393,107082,Williams,679,France,Male,41,6,21282.806397036256,2,1,0,186306.18320291655,0
5394,106869,Miller,714,Spain,Female,52,9,238.99589375425623,2,1,0,190425.4852643895,0
5395,107607,Johnson,655,France,Male,27,8,121195.47191850502,3,1,0,15529.444117385741,0
5396,107669,Davis,553,Spain,Female,27,9,29185.895288779877,1,1,1,145173.8125052144,0
5397,106219,Garcia,482,Spain,Male,51,6,353152.7241282956,4,1,1,17628.757272393304,0
5398,104534,Brown,705,Spain,Female,39,10,137459.17729781964,3,0,1,30122.295595154243,0
5399,105979,Davis,622,Germany,Female,33,1,35009.44475598754,3,0,1,19204.099769418128,0
5400,108890,Smith,629,France,Male,40,3,17309.910788174016,1,1,0,17293.466595637346,0
5401,101312,Williams,800,France,Male,69,9,97908.11537119366,3,1,1,89089.22089434338,1
5402,102962,Smith,555,Germany,Male,56,3,199920.90611518078,4,1,1,96778.92013592341,0
5403,102938,Davis,724,France,Male,64,10,87784.62146468203,3,1,1,99924.46573340139,1
5404,103197,Smith,576,France,Male,50,8,1103.481489603772,2,1,1,40920.89540308152,0
5405,105296,Brown,632,Germany,Male,27,7,154316.65056121515,3,1,0,62056.49602521111,0
5406,107204,Williams,541,Spain,Female,32,5,333044.5626165279,1,1,0,153557.0760737241,0
5407,105730,Miller,575,Spain,Female,27,7,4863.581285945747,1,1,1,77501.6019880245,0
5408,100126,Smith,691,France,Male,48,6,165616.47740801566,3,0,1,60668.51411551478,1
5409,105602,Brown,779,Spain,Female,34,7,126938.36425354112,3,1,0,75278.96939253376,0
5410,101191,Johnson,692,Germany,Female,26,6,50666.12241681596,2,1,0,180171.9262408594,0
5411,102639,Brown,680,Germany,Male,37,1,100531.65002757989,3,1,0,179477.3174244769,1
5412,101366,Jones,850,France,Female,18,10,17293.204571792267,4,1,1,94074.05756013756,0
5413,109211,Davis,706,Germany,Female,54,5,127330.51567476508,2,1,1,173282.25416789326,0
5414,106453,Garcia,556,Germany,Male,24,3,87046.10056967281,4,0,0,80737.49338334583,0
5415,106671,Davis,481,Germany,Male,52,3,9056.34591527576,2,1,1,26309.357121868306,0
5416,106683,Davis,687,France,Female,45,9,202676.21496795272,4,0,1,97038.92764337995,1
5417,104539,Brown,509,Spain,Female,47,5,13738.092871035806,4,1,0,182102.1749653736,0
5418,108876,Brown,549,Spain,Male,21,7,57679.38820262979,4,0,0,24480.116478678927,0
5419,102887,Brown,680,Spain,Male,39,4,14061.18225114005,4,1,1,58363.688041993264,0
5420,109654,Davis,753,France,Female,31,2,103880.20265564686,3,0,0,21051.186204184596,0
5421,104086,Miller,621,France,Female,18,0,133885.84849215575,3,0,1,154731.3076525269,0
5422,102261,Smith,529,France,Male,60,4,294185.8485306441,1,1,0,164414.32136020053,1
5423,104180,Miller,635,Germany,Male,37,2,29116.007153134,3,1,0,179836.6344762111,0
5424,102841,Williams,622,Spain,Female,32,2,45617.533327097364,1,1,0,26823.216952823193,0
5425,109959,Brown,661,France,Male,59,3,48893.05073272596,4,0,1,134543.23939351868,0
5426,106040,Brown,529,Spain,Male,53,8,10203.38832629779,2,1,0,110884.12523415254,1
5427,103560,Jones,566,Germany,Female,88,3,164977.58186450656,2,1,0,60314.89784180322,1
5428,104758,Jones,752,France,Male,24,4,8633.008052541018,3,1,0,139367.83637934245,0
5429,100626,Johnson,726,France,Male,30,9,41331.269955225405,4,0,0,14802.128216469198,0
5430,105014,Johnson,766,France,Male,68,4,21119.517114342732,1,1,1,35268.67746692126,1
5431,101375,Jones,464,Germany,Male,26,0,109177.48168148598,1,0,1,183587.6032086068,0
5432,101181,Williams,561,France,Male,28,6,235989.68309700306,1,1,1,131916.0082585117,0
5433,105708,Johnson,749,Germany,Male,37,1,137233.05338343326,2,0,1,31937.472889550492,0
5434,100490,Garcia,709,Germany,Female,63,5,148951.69304980114,1,1,0,135358.92300708964,1
5435,103729,Garcia,690,France,Male,31,10,8175.552646651613,2,1,0,59932.232576743416,0
5436,105974,Williams,613,France,Male,73,3,134308.56215933635,4,1,1,75071.2478444501,0
5437,103534,Jones,587,Germany,Female,38,4,6457.110255310565,2,1,1,32161.465227301047,0
5438,103296,Johnson,653,France,Female,59,4,66204.93974045308,4,1,1,148591.9379440183,1
5439,101940,Brown,605,Spain,Female,33,3,117747.5645652325,3,1,1,66070.75598162055,0
5440,105014,Jones,702,Germany,Male,24,1,29401.501918626018,3,0,0,40852.81343651482,0
5441,101882,Johnson,653,France,Female,47,7,114749.2222271815,2,1,1,195756.74027120578,1
5442,104908,Williams,552,Germany,Female,18,0,212469.60256451918,3,1,1,43439.97602439656,0
5443,102987,Garcia,713,Spain,Female,18,8,210345.18456332266,3,0,1,129179.90861918007,0
5444,105585,Davis,775,France,Male,49,5,21332.172648209184,4,0,0,35944.02927218306,1
5445,103159,Williams,782,France,Female,30,3,32091.561380302486,4,1,0,191895.06529084174,0
5446,104530,Davis,717,Germany,Male,18,5,109672.7299037396,2,1,1,97888.24326267083,0
5447,100681,Johnson,718,France,Male,30,10,184083.79769326124,2,1,1,125753.26701932713,0
5448,105254,Williams,533,France,Female,47,8,60737.08353230454,1,1,0,22028.43612788553,0
5449,101073,Johnson,582,Germany,Male,24,8,255361.3747245184,1,1,0,189730.58506405004,0
5450,102387,Johnson,633,Germany,Male,18,2,85475.95716774292,3,1,1,136566.27254509117,0
5451,102693,Davis,709,Spain,Male,36,7,30374.039766717186,3,0,1,38208.795814760066,0
5452,109562,Williams,589,France,Male,44,0,2016.7967863398035,4,1,0,110749.52480543063,1
5453,104340,Smith,619,France,Male,51,8,164692.5860891861,2,1,0,168707.87959144567,1
5454,102156,Brown,705,Germany,Female,54,6,9739.691813680305,1,1,1,152696.9998851359,1
5455,107966,Jones,663,Spain,Male,36,9,8169.062649184531,1,1,0,184238.84347274157,1
5456,102580,Garcia,683,Germany,Male,67,6,150118.1487454989,2,0,1,190323.82958083999,1
5457,107257,Brown,572,France,Male,37,5,3216.1417903618158,2,1,1,17708.89792265443,0
5458,102159,Jones,617,France,Male,35,0,184998.2499464315,2,1,1,132009.7850110666,0
5459,106772,Jones,603,Spain,Female,34,1,91310.73843117742,1,1,1,22276.21978115,0
5460,101627,Garcia,649,Germany,Female,41,10,101210.07523401207,4,1,1,12604.548057409444,0
5461,108219,Brown,606,France,Male,46,2,278144.50017273787,2,1,0,26877.461633565916,0
5462,107080,Garcia,593,France,Male,59,0,201508.85480223576,3,0,0,198359.3166419446,0
5463,101985,Johnson,662,Spain,Female,30,4,7903.823008777945,1,0,0,11827.038341576359,0
5464,109713,Garcia,850,Spain,Male,26,10,191722.4457634651,4,1,0,135873.76675699733,0
5465,108488,Davis,708,France,Male,41,4,110004.84171379014,2,0,1,127101.67044532268,0
5466,102181,Davis,471,France,Female,32,5,38092.85249526463,3,1,1,160320.56855799723,0
5467,102296,Williams,685,France,Female,22,6,191977.9914761197,1,1,1,138063.62220276656,0
5468,107164,Smith,598,France,Male,57,9,2357.448869751179,2,1,0,188765.39028038716,1
5469,102597,Smith,555,France,Female,56,8,181734.70441519396,3,1,1,172549.4910050522,0
5470,100901,Smith,720,France,Male,18,6,96808.65676183056,2,1,0,64581.00050585924,0
5471,106060,Brown,657,Germany,Male,36,5,30268.445378811433,3,1,1,176792.12069641097,0
5472,109290,Davis,850,Germany,Male,47,8,597.4907968981892,4,0,0,64192.25469419227,1
5473,101677,Brown,638,Spain,Male,67,1,73673.37847355151,1,1,0,135777.3313459676,1
5474,102881,Johnson,627,Germany,Female,38,5,54862.506514158835,4,1,0,57814.80386702974,0
5475,105622,Miller,769,France,Female,51,4,198447.88344427978,1,1,0,188362.6565532025,1
5476,108052,Smith,652,France,Female,33,5,155077.01455351253,1,0,1,144486.88011425408,0
5477,101378,Johnson,544,Spain,Male,45,9,89076.40691579101,2,0,0,101944.38857152793,1
5478,101248,Davis,561,Spain,Female,52,0,16351.829789212568,4,1,1,162818.74496168495,1
5479,105650,Miller,617,France,Male,44,10,129507.9858292995,1,1,0,16694.604043291663,1
5480,106079,Smith,715,France,Female,39,4,90047.25519003056,3,1,0,131381.4744946073,0
5481,109456,Brown,777,Spain,Male,53,7,2280.1327980493984,2,1,1,17466.937512886023,1
5482,107036,Miller,730,France,Male,59,2,143467.40401373955,3,0,1,54541.53466362302,1
5483,106487,Williams,706,France,Female,41,2,178212.9127272754,3,0,0,70460.09692912763,0
5484,101058,Williams,759,Spain,Male,54,10,148940.89149174935,3,0,1,153005.5945233013,1
5485,102048,Williams,712,Spain,Male,30,6,19398.59813376108,2,1,1,184638.42869372436,0
5486,106115,Garcia,559,Germany,Female,33,6,69816.08495766165,4,1,1,81064.57405094201,0
5487,104248,Williams,627,France,Female,62,1,74925.5463282447,3,1,1,128023.97581693121,1
5488,102476,Jones,598,Germany,Male,18,7,272348.53725425364,3,1,0,158047.92182326867,0
5489,104603,Smith,776,Germany,Male,35,4,259835.1429785805,1,1,1,170947.58170387568,0
5490,103553,Williams,554,Spain,Male,42,8,6430.328398182062,2,0,0,192971.40448255787,1
5491,109953,Miller,556,France,Male,21,0,712742.3634958093,4,1,1,158989.1893674397,0
5492,100220,Davis,666,Spain,Female,55,10,154500.87068485105,1,1,0,17704.821566093382,1
5493,104818,Jones,842,France,Female,38,3,47085.45890532405,4,1,1,30794.679911965653,0
5494,107192,Jones,723,France,Male,49,7,135977.90340815354,3,0,0,168684.1830002787,1
5495,104623,Jones,754,France,Male,61,8,47264.7266587169,3,1,1,64276.75248259933,0
5496,107349,Johnson,539,Germany,Male,57,8,275324.4800898213,2,1,0,27123.507508101084,1
5497,105618,Miller,716,Germany,Male,33,9,47499.71639435578,3,1,1,192013.4459947243,0
5498,109856,Johnson,538,Germany,Female,21,10,145285.44037278075,2,0,1,83190.26845463271,0
5499,107209,Jones,723,France,Female,32,0,16874.3232544196,3,1,1,80595.9832143785,0
5500,104576,Garcia,492,Spain,Female,41,0,191269.13034126358,3,0,0,33319.22318790757,1
5501,101871,Williams,616,France,Female,18,6,96875.27982554512,1,1,1,167118.23161069112,0
5502,107915,Davis,444,France,Male,62,10,164818.18375914724,3,0,1,96690.55099409766,1
5503,101462,Smith,561,Germany,Male,40,5,54121.50582723253,4,1,1,68574.75449581018,1
5504,105521,Miller,507,France,Male,35,6,42512.97404779929,4,1,1,167463.75134714277,0
5505,108536,Garcia,715,Germany,Female,18,7,76061.70188950135,1,1,1,172448.72433923636,0
5506,108236,Brown,659,France,Female,39,10,49133.167621752764,1,0,1,146090.71701452197,1
5507,107813,Johnson,603,France,Female,40,5,72185.0499609027,3,1,1,91693.24289985505,1
5508,102068,Williams,661,France,Female,26,9,56325.390732077154,1,1,1,68013.77075559055,0
5509,105753,Williams,566,France,Male,43,9,21895.657892428204,2,1,0,108593.50272550627,0
5510,107237,Brown,682,France,Male,37,9,375625.7242595135,1,0,1,116732.43192046534,1
5511,107016,Brown,642,France,Female,18,6,1621.611356756067,4,1,0,118381.65670689497,0
5512,106191,Miller,850,Germany,Female,49,10,259893.6813703307,2,1,0,152401.92684695893,1
5513,101514,Williams,813,France,Male,76,6,175674.35339262147,4,1,0,22860.05512749059,1
5514,102598,Brown,744,Germany,Male,65,6,54628.60604207289,1,1,0,133763.13986725258,1
5515,101001,Williams,679,Germany,Male,46,1,38875.10806223152,1,0,0,175251.81925840484,1
5516,101033,Garcia,692,Spain,Male,43,2,17994.809793685814,1,1,0,36329.63763228742,0
5517,106899,Miller,774,Spain,Male,18,9,14278.525854111493,3,1,1,115928.19755915453,0
5518,108465,Davis,678,France,Female,42,8,80055.12238681577,4,0,0,141235.99924217982,0
5519,105051,Brown,684,France,Male,34,0,11140.843813506308,3,1,1,192613.69262853274,0
5520,109971,Garcia,592,Germany,Male,18,7,64716.3540986457,3,1,0,29715.074780658128,0
5521,104476,Garcia,581,Spain,Female,33,6,168583.51606198231,3,0,1,148540.35075460654,0
5522,100478,Brown,639,France,Male,30,5,141476.90626232282,4,0,1,121405.11194251782,0
5523,100515,Miller,388,Germany,Male,18,0,14215.34689941794,2,1,0,75922.37390191971,0
5524,101191,Williams,647,Spain,Female,37,8,324614.53844226606,1,0,1,21133.54391648188,0
5525,106297,Davis,625,Spain,Female,18,1,33711.02834250696,3,0,1,73631.1540025705,0
5526,109603,Jones,737,Germany,Female,45,9,122312.36743320113,4,1,1,167254.76711957817,1
5527,100271,Williams,772,France,Female,47,4,35738.46368172019,4,0,1,131169.93816731803,0
5528,108334,Smith,850,France,Female,18,8,96083.35924505566,1,1,0,54584.84494522694,0
5529,107778,Brown,707,France,Female,32,7,84977.44592920106,3,1,1,198667.97101234077,1
5530,106008,Johnson,665,France,Male,31,9,19639.936540086055,2,1,0,152136.5060204786,1
5531,107987,Miller,593,Spain,Male,35,3,105716.02626725551,1,1,0,47166.306724409325,0
5532,103332,Brown,545,France,Male,18,7,39453.41862469405,2,1,1,158761.62899924754,0
5533,100787,Smith,741,France,Male,44,8,94456.28874835238,3,1,1,168189.71886150521,0
5534,106222,Garcia,647,France,Female,61,10,77952.72372286543,1,1,1,175619.90868286986,1
5535,109873,Johnson,692,Germany,Female,61,4,184929.8404892926,3,0,1,150931.07792761805,1
5536,100622,Johnson,651,Germany,Female,52,0,24027.973441739356,3,1,1,26721.50608546704,1
5537,103841,Williams,654,Germany,Male,18,10,16418.188365772596,4,1,1,164891.29617829568,0
5538,103676,Jones,671,Spain,Female,29,5,193031.90374779014,2,1,0,186368.26608413618,0
5539,102572,Williams,692,France,Male,46,3,58796.880549381625,2,1,1,105725.52979338901,1
5540,106915,Miller,744,France,Female,45,5,152254.06656103148,1,0,1,154978.50758134548,0
5541,105033,Johnson,526,Spain,Male,56,0,320824.940934628,3,1,1,106589.973172456,0
5542,107788,Davis,708,Spain,Female,35,3,78598.01778731048,1,0,1,132300.90978448256,0
5543,105214,Davis,521,France,Female,20,4,35764.634704050804,1,1,1,133479.4246157038,0
5544,104712,Johnson,720,France,Male,46,5,158099.29974955114,3,0,1,96886.29290750597,0
5545,100066,Davis,682,Spain,Female,31,4,267282.8031087691,2,1,1,78410.25449540692,0
5546,107533,Davis,642,France,Female,59,1,28123.50914783967,1,1,1,93707.17170834281,1
5547,104616,Jones,646,France,Male,49,2,116585.75507873028,1,0,1,121061.02450527683,0
5548,101140,Miller,663,Spain,Male,33,4,151678.62979328967,1,1,0,110898.15597253399,0
5549,105730,Brown,759,France,Female,41,10,2692.154720467986,3,1,0,132521.42995232434,1
5550,107465,Jones,750,Germany,Female,55,6,89714.56160814952,1,1,1,20296.014747396217,1
5551,109379,Garcia,738,France,Female,46,3,100284.41401864805,2,1,1,98253.91089781941,1
5552,104471,Williams,515,France,Female,41,10,101208.97092410481,4,1,1,24868.994654722606,0
5553,103339,Davis,707,Germany,Female,42,5,8785.577103421114,2,0,0,153881.84474074427,0
5554,100548,Brown,410,France,Female,34,8,2192.67727387462,3,1,1,62044.10307807704,0
5555,107675,Williams,436,Germany,Male,45,9,34770.61094525947,4,1,1,76737.970779866,0
5556,108264,Davis,762,France,Female,39,6,44290.60307573512,3,0,1,134836.7867752018,0
5557,100198,Jones,505,France,Male,23,2,15621.39135862356,3,1,1,76888.12812400893,0
5558,109973,Brown,632,France,Male,45,10,71250.62526285894,4,1,0,149067.74175295385,0
5559,100571,Jones,790,Spain,Female,47,4,25818.260764589584,3,1,0,173966.26876129198,0
5560,100790,Garcia,708,France,Male,54,8,41178.22309066855,2,0,1,131573.01688230108,1
5561,109830,Smith,687,France,Female,18,4,34647.53219581117,4,1,0,41028.55303768035,0
5562,101174,Johnson,644,France,Male,43,2,147854.76141788284,3,0,0,96283.6760516385,1
5563,100178,Miller,662,Germany,Female,33,7,209618.20057041445,1,1,0,149607.1477866534,0
5564,102244,Brown,587,France,Male,47,6,35449.53102027905,2,1,1,62905.459894413245,0
5565,104086,Johnson,602,Spain,Female,20,4,47264.5968726594,4,0,1,190297.06849550386,0
5566,100734,Smith,658,Spain,Male,58,4,168887.79625009792,4,1,1,189334.45206911402,1
5567,106232,Brown,673,France,Male,22,0,142337.18651550674,3,1,0,75341.77580783654,0
5568,100798,Johnson,634,France,Male,31,7,123372.32108258228,4,1,0,127255.94270420371,0
5569,107601,Johnson,426,Spain,Male,79,5,123051.33815852112,4,1,0,84742.67320222237,1
5570,108979,Brown,806,France,Male,40,4,35265.29357698315,3,1,1,148373.39308884955,0
5571,102795,Johnson,743,Spain,Male,55,6,275717.01486162486,1,1,1,160998.20570838716,1
5572,104588,Johnson,629,France,Female,42,1,165649.86121936407,2,0,1,42974.5232972561,0
5573,107297,Brown,746,France,Female,58,2,23817.056769583043,2,1,0,109656.09323244556,1
5574,103084,Miller,614,Spain,Male,51,8,108515.77008692073,4,1,0,76798.04909460018,0
5575,100731,Johnson,681,France,Male,27,4,16829.227408069277,4,0,0,185909.05137734546,0
5576,101129,Johnson,457,France,Male,18,5,86188.60550262421,4,0,0,48676.13982955979,0
5577,101605,Miller,675,Germany,Female,19,7,34122.00622045429,1,0,1,189910.68829272236,0
5578,102933,Williams,621,Spain,Male,31,2,11120.674417099275,1,1,1,90576.12046267382,0
5579,109407,Garcia,671,France,Male,47,0,92426.19110756542,3,1,1,176161.90719441473,0
5580,108516,Williams,820,Spain,Male,54,3,215673.24924781194,1,1,1,99060.89593957069,0
5581,105074,Davis,648,Germany,Female,38,1,15164.967408489743,1,1,0,127234.10866936065,1
5582,107099,Smith,604,Spain,Male,41,8,229327.36522554694,1,1,1,197749.67628260667,0
5583,101490,Williams,605,Germany,Female,18,3,13675.204892159254,2,1,0,149430.18750248794,0
5584,100893,Williams,508,Germany,Male,34,8,135432.19560146253,4,1,0,48284.97775271417,0
5585,101390,Smith,690,Spain,Male,37,6,456577.7363947589,2,1,1,61188.23295345459,0
5586,103389,Johnson,703,France,Female,45,6,9836.283769548698,1,0,0,98832.11253248055,1
5587,104239,Johnson,656,Spain,Male,34,0,23910.94957100615,4,1,0,121993.26016443098,0
5588,104479,Williams,741,France,Male,31,1,62279.20903658086,1,0,1,23088.89393615876,0
5589,102263,Smith,742,France,Male,67,6,133787.39648513598,4,1,0,19783.344446932606,1
5590,103432,Johnson,656,Germany,Female,18,4,228188.0452861122,2,0,1,97762.42232742374,0
5591,102371,Jones,708,France,Female,59,6,130604.07163684967,1,0,0,110221.00929890781,0
5592,104312,Brown,850,Spain,Male,48,2,147499.82303103543,1,1,1,26611.551461645824,1
5593,101515,Brown,567,Spain,Male,37,7,60172.85850016947,2,1,1,101164.6648431667,0
5594,106326,Garcia,727,France,Female,72,3,43977.00968920008,1,1,1,158645.27423934513,1
5595,107088,Brown,658,France,Female,38,7,70879.72572850036,4,1,0,115037.23306996589,0
5596,105586,Williams,754,Germany,Male,26,5,104846.83238071218,1,1,0,101594.9416807639,1
5597,102917,Brown,570,Spain,Male,42,8,69784.25385715485,2,0,0,25044.648409898127,1
5598,105731,Brown,670,Spain,Male,52,5,156221.47404195648,3,1,1,196326.87724338847,1
5599,107686,Jones,582,France,Female,47,3,17087.650362497443,1,1,1,113548.4372093432,1
5600,101167,Johnson,473,Spain,Female,30,2,50449.21026613114,1,0,1,96260.12807553646,0
5601,108302,Jones,790,France,Female,48,3,6882.443879925955,1,1,0,25476.333776919993,1
5602,105109,Williams,606,France,Female,18,10,111302.86985887199,3,0,1,150372.17848336944,0
5603,104327,Brown,565,France,Male,59,6,141482.5456322999,4,1,1,63512.30755972644,1
5604,105810,Miller,592,France,Female,51,7,110077.0441799499,2,1,1,26702.50508375954,1
5605,103655,Johnson,832,Germany,Female,18,1,310454.7473872516,4,1,1,147246.45196797562,0
5606,103793,Garcia,781,Germany,Female,28,8,269035.3042556582,4,1,1,102152.42161683642,0
5607,109947,Garcia,628,Spain,Male,57,6,31528.057278092863,2,0,1,22195.25848542532,1
5608,106738,Davis,736,Germany,Male,35,6,27862.041021684232,2,1,0,171673.8929582381,0
5609,101577,Davis,542,France,Male,38,9,2564.9292620828796,4,1,1,95873.57120182812,0
5610,109488,Brown,702,Germany,Male,60,3,69829.67854649467,2,1,1,38700.70611330305,1
5611,102220,Brown,606,France,Female,30,6,197414.42632540528,1,1,0,75388.03390228034,1
5612,109164,Garcia,693,Germany,Female,18,1,17138.964298147854,4,1,1,16996.542200212927,0
5613,101030,Garcia,512,France,Male,59,10,89987.73694532065,4,1,1,196236.2220717571,1
5614,106691,Miller,590,France,Male,32,9,127427.34424751361,3,1,1,152850.2699736064,0
5615,103992,Williams,668,France,Male,38,2,45837.037185031106,3,1,0,20786.941152196276,0
5616,100913,Brown,667,Spain,Female,36,1,121383.64746569734,4,0,0,56856.72605045727,0
5617,106358,Garcia,503,Germany,Female,31,4,181594.95510719254,2,0,1,101331.7458378131,0
5618,102181,Miller,552,Spain,Female,26,0,1056.534494639286,2,0,1,146674.06485495708,0
5619,103197,Smith,692,France,Female,36,1,132888.64884225428,1,0,1,131229.8598007304,0
5620,106040,Garcia,680,Spain,Male,24,10,91588.84790827012,4,0,1,94712.76006351666,0
5621,101462,Johnson,715,France,Male,59,5,186327.3926169843,4,0,0,114586.06231692882,1
5622,107037,Johnson,669,Spain,Female,57,5,14920.29682895321,2,1,1,19704.0167030697,1
5623,109499,Smith,544,France,Female,47,7,164558.5158064604,4,1,1,199793.13676736862,0
5624,104994,Davis,614,France,Male,46,8,15219.623291286154,2,0,1,174941.2734507889,0
5625,109381,Williams,703,Spain,Male,18,8,87919.21514250695,4,0,0,72398.05181514325,0
5626,105308,Davis,549,Spain,Male,55,6,31592.323221583923,2,0,1,31882.373604019824,0
5627,106221,Brown,537,Spain,Female,32,9,27444.64164457368,2,1,1,130003.34392965383,0
5628,107090,Davis,619,France,Male,59,0,69063.09474298982,3,0,1,184253.3636368734,1
5629,107769,Brown,677,Germany,Female,64,3,141605.28585658167,2,1,1,140605.52320291864,1
5630,100687,Garcia,465,France,Male,35,6,103626.51418080661,2,0,0,24412.688364610796,0
5631,104661,Johnson,625,France,Female,18,1,447083.1230715983,1,1,0,83069.72057384264,0
5632,109399,Williams,701,Spain,Male,42,8,12676.68159314789,2,1,0,146964.47656229784,1
5633,101894,Williams,721,Germany,Male,21,0,127926.88049283842,2,1,1,57192.042285209,0
5634,107389,Williams,549,Spain,Male,30,8,5706.809802223968,1,0,0,132704.08984035332,0
5635,104922,Garcia,687,France,Male,35,6,44231.483195394474,4,1,0,121663.18164192834,0
5636,106322,Brown,749,Spain,Male,53,9,42083.49399707232,1,1,0,29722.270158333955,1
5637,103183,Williams,710,Germany,Male,45,5,29600.10956123759,2,0,1,150494.99758128918,0
5638,103797,Garcia,608,Germany,Female,62,6,76014.77652396997,4,1,0,94010.49560095194,1
5639,105178,Garcia,411,France,Male,27,1,27922.90143250532,4,0,0,41880.79486239123,0
5640,109836,Smith,670,Spain,Female,55,9,45818.89660390118,1,0,1,186221.20104115465,1
5641,103968,Jones,807,Spain,Male,50,1,196251.60977493983,1,1,1,152023.49399886804,1
5642,102716,Davis,732,France,Male,49,2,39114.319479659,2,1,0,147906.2885828637,1
5643,100190,Williams,725,Germany,Male,55,5,426579.8795143267,3,1,1,95794.2887237894,1
5644,101335,Jones,666,France,Male,51,0,32302.396112427014,4,1,1,132885.4826031865,1
5645,108181,Brown,739,Germany,Female,18,10,233308.4115450244,1,0,1,132299.54289761916,0
5646,100378,Garcia,680,Spain,Male,30,3,56435.9356674559,2,1,0,37383.85781266145,0
5647,103829,Miller,475,France,Male,53,7,238085.39782921268,1,1,1,177358.1356748286,1
5648,106380,Davis,739,Germany,Male,46,7,55650.81868612297,3,1,1,165570.53134760368,0
5649,100615,Davis,563,France,Female,54,4,147124.4522881024,3,1,1,37458.492798252846,1
5650,102330,Williams,656,Germany,Female,42,6,51082.163086939094,2,1,1,72404.51485252475,0
5651,101754,Miller,723,Spain,Male,31,4,96996.49373007662,3,1,0,24587.421311418042,0
5652,100463,Johnson,575,France,Male,26,3,5286.100748991311,4,1,1,76614.47775220094,0
5653,109158,Brown,551,France,Male,18,5,91379.40905650413,2,0,1,149092.5910919311,0
5654,104267,Smith,697,Spain,Male,46,7,37972.38899018964,2,1,0,12256.139055640468,0
5655,103158,Smith,538,Germany,Female,18,9,559598.9303646403,4,0,1,107064.39198249966,0
5656,103624,Jones,630,France,Female,39,0,166401.07723149392,1,1,1,174977.36729224023,0
5657,104938,Garcia,762,France,Female,37,2,8291.847621290304,2,1,0,70225.37700302873,1
5658,105417,Jones,812,France,Female,55,3,22098.277582772374,1,0,1,148023.09075900936,1
5659,106004,Johnson,471,France,Female,73,4,95730.53266410326,4,1,0,21878.605663298313,1
5660,108881,Johnson,628,Germany,Female,33,0,35728.65117356636,4,1,0,116562.3795048284,0
5661,105603,Davis,777,France,Male,46,8,23940.436603737704,1,0,1,176801.35647937775,0
5662,102212,Smith,610,Germany,Male,38,7,43958.20024568288,1,0,1,88429.21469490684,0
5663,106120,Miller,729,France,Male,25,1,11228.00483582031,1,1,0,128926.48321911812,1
5664,105818,Williams,736,France,Female,56,4,80849.60023244651,2,1,0,131060.16331984638,1
5665,100382,Smith,588,France,Male,44,8,33268.96260126266,3,1,1,149484.17426350922,0
5666,102256,Smith,692,Germany,Female,47,2,201748.04714013002,2,0,0,54616.970489223895,0
5667,101412,Miller,698,France,Male,52,4,3330.0983098772886,3,1,1,152495.8683634333,0
5668,109775,Davis,741,Spain,Female,52,8,43223.307180126634,2,1,0,56341.96112090418,1
5669,106146,Davis,487,France,Male,36,5,79762.00861161534,1,1,1,124234.31382012373,0
5670,100371,Miller,779,France,Male,54,4,26809.347176046405,1,1,0,41746.34048820689,1
5671,105806,Johnson,718,France,Female,36,7,5906.267924789129,2,1,1,150300.14491814948,0
5672,105565,Miller,536,France,Male,20,4,7521.475753204798,4,1,1,65720.88268776375,0
5673,108802,Jones,637,Spain,Female,46,8,17354.810026853553,3,1,0,134309.68967492273,0
5674,108307,Johnson,733,Spain,Male,59,10,31730.440951329612,2,0,1,41005.17756028642,1
5675,107437,Miller,542,France,Male,28,2,122327.32101254676,2,1,1,55123.09710209713,0
5676,100446,Garcia,557,Germany,Male,18,0,64368.09422233071,3,1,1,165555.9723201498,0
5677,101391,Johnson,651,Germany,Male,40,3,3347.884020949206,1,0,0,29112.45530001284,1
5678,101340,Johnson,606,Spain,Male,23,6,16845.797704940476,1,0,1,29978.29358273371,0
5679,102939,Smith,675,France,Female,30,2,45874.72982400988,1,0,1,157408.92374041202,0
5680,105969,Williams,732,France,Female,40,9,54433.63077066681,4,1,1,34817.71885893176,1
5681,109265,Smith,677,Germany,Female,18,7,6522.776095331607,3,1,1,180208.82264084677,0
5682,104813,Brown,648,France,Male,32,1,12903.772578734848,1,0,0,37819.52460988642,0
5683,103569,Johnson,732,Spain,Female,33,8,30407.109081641425,4,1,1,139987.66659246106,0
5684,105454,Miller,639,Spain,Female,66,2,181188.83113306307,1,0,1,124345.50236910055,1
5685,103150,Miller,575,France,Male,36,10,23470.898650921208,4,1,1,148725.47415734522,0
5686,109797,Miller,765,Spain,Male,70,5,25721.061680698876,4,1,1,142537.69011700468,1
5687,106414,Johnson,408,Spain,Male,57,6,68225.63949087767,1,1,1,80463.93164887717,0
5688,104657,Miller,656,Spain,Female,45,4,222072.45002735738,4,1,1,189844.90648924385,0
5689,106947,Brown,613,Spain,Female,44,9,75117.36752316602,3,1,0,107359.61627883735,1
5690,107943,Johnson,557,Germany,Male,43,4,8268.401145877031,3,0,1,194693.3390722991,0
5691,103662,Miller,679,France,Female,41,0,20633.454909055286,1,1,1,83369.54696848961,0
5692,104482,Johnson,695,Spain,Female,18,3,193655.85318920642,2,1,1,110919.09902290875,0
5693,104797,Garcia,567,France,Female,44,0,209360.413917969,4,1,0,121634.31567691425,0
5694,105068,Johnson,510,France,Female,40,8,158695.9846077922,2,0,0,117703.84029773147,0
5695,105480,Brown,519,France,Male,42,8,78052.57914376349,1,1,1,136255.857823468,1
5696,108033,Smith,831,Germany,Male,65,4,57830.323550515204,3,1,1,65528.90689485096,1
5697,100983,Johnson,842,France,Male,35,4,31227.946705996303,1,1,1,23816.984797286226,0
5698,105607,Williams,652,Spain,Female,23,4,79361.79264091393,1,1,0,48970.369628325716,0
5699,108543,Brown,512,Germany,Male,30,6,114828.79825604739,4,0,1,117134.08608570704,0
5700,109916,Jones,635,France,Male,51,5,91442.82540423893,4,0,1,173177.6446617657,0
5701,109471,Garcia,429,France,Female,43,1,25561.124814795945,2,1,1,101084.08960791271,0
5702,101907,Brown,681,France,Male,39,10,233412.27305218877,2,1,1,72089.1749029765,0
5703,106924,Smith,550,France,Female,18,9,49500.78233238651,1,0,0,149355.82717690448,0
5704,109216,Miller,528,France,Male,56,2,216188.8586799399,4,1,1,86054.66873699847,0
5705,108737,Miller,747,France,Female,29,4,50658.20084891707,1,1,1,166454.01470963637,0
5706,104174,Brown,634,Spain,Male,44,6,3921.3472789247335,4,1,0,13817.070961233418,0
5707,109080,Jones,736,Germany,Male,37,1,133923.55674661376,3,1,0,33452.24017273882,1
5708,107265,Miller,770,Germany,Male,18,10,252747.00543811498,4,0,0,30910.891664770093,0
5709,109297,Garcia,641,France,Female,44,3,29404.914516821034,2,1,1,18168.09241567747,1
5710,101990,Williams,649,France,Female,21,0,78194.15368809752,1,0,1,43248.044899438406,0
5711,105596,Jones,755,Germany,Male,44,6,164827.57243159093,4,0,1,197549.20427989154,0
5712,103998,Davis,596,Germany,Female,31,10,38725.978334216474,2,0,1,102303.733429659,1
5713,103775,Davis,765,France,Female,36,1,33711.72567047838,2,1,0,91142.41786833046,0
5714,109112,Brown,447,France,Female,49,7,52943.98031194649,1,1,1,183072.074548943,1
5715,104645,Jones,614,Spain,Male,20,9,79978.5984364123,2,1,1,161356.02162764547,0
5716,102061,Miller,668,France,Male,85,10,80415.31112663435,1,1,0,62863.74109875348,1
5717,104487,Miller,529,France,Male,26,0,66622.36453457583,1,0,1,163139.727806858,0
5718,104435,Brown,686,France,Female,49,1,171668.12952526397,4,1,1,27156.916515521207,0
5719,102644,Miller,667,Spain,Male,52,7,16595.881551925486,3,1,1,146450.12772937017,0
5720,101045,Miller,576,Spain,Male,61,4,8900.76330103098,4,1,1,15052.901820159135,1
5721,107951,Williams,572,France,Male,28,4,18459.830813558416,2,1,1,51182.8014302554,0
5722,106449,Williams,562,France,Male,27,10,121741.20203736027,3,0,1,178786.99805279184,0
5723,102681,Smith,493,France,Male,55,6,15693.9972488134,2,1,1,81944.06429888283,0
5724,103199,Williams,811,France,Male,47,3,38982.689550981086,3,0,1,100112.1517016865,0
5725,106768,Johnson,628,France,Female,47,8,211760.63676455015,1,1,1,133463.00562406387,1
5726,109130,Jones,514,France,Male,59,2,15108.915880042401,2,0,1,142318.15384569013,1
5727,107440,Jones,637,France,Male,40,7,75114.49958774912,3,1,0,39004.16141832169,1
5728,108633,Brown,673,Spain,Male,41,2,70530.25668870498,4,1,1,186372.45081943925,0
5729,102550,Williams,568,Germany,Female,58,7,3463.9254828901144,1,1,1,118641.41180817879,1
5730,104225,Smith,613,Spain,Male,41,0,12263.653966534379,1,0,0,124399.58193935342,1
5731,100596,Miller,780,Germany,Female,23,9,300361.17223310366,2,1,1,132307.21578716754,0
5732,106054,Smith,533,Spain,Female,25,9,324484.9432629946,2,1,1,172295.07323626324,0
5733,101505,Smith,591,Spain,Female,34,6,207671.23010608467,3,0,1,51209.963318897324,0
5734,109053,Garcia,449,France,Male,44,0,56538.82069781519,1,1,1,183294.95348405055,0
5735,106468,Miller,832,France,Female,53,1,89879.81718967592,1,0,1,158685.51620128597,0
5736,107236,Johnson,715,Spain,Male,74,10,173813.35507287274,2,0,1,53758.21658959853,1
5737,101551,Williams,645,Spain,Male,35,10,112745.80591361257,1,1,1,162082.39403598898,0
5738,109928,Miller,578,Spain,Female,18,0,225505.89763351905,4,1,1,106602.4881749863,0
5739,106852,Smith,573,Germany,Female,18,9,37941.85827824343,3,0,1,120024.6284863352,0
5740,101449,Miller,623,France,Male,35,2,97856.59115450767,1,1,1,198585.17868902461,0
5741,105953,Johnson,699,France,Male,38,8,83710.7134001602,1,1,1,14056.574946209153,1
5742,108456,Jones,543,France,Female,48,0,417305.6942018328,1,0,0,187971.80757527144,0
5743,108042,Brown,603,Spain,Male,75,2,210436.68324176082,3,1,1,148271.16939272088,1
5744,102659,Williams,735,Spain,Male,48,1,18055.227422104563,2,0,0,77240.35625729561,1
5745,107509,Williams,810,France,Female,40,4,6069.827206670444,4,0,0,148980.5421750351,0
5746,107893,Garcia,704,Germany,Male,54,6,59131.80154518229,2,1,0,49762.18335929648,1
5747,107445,Jones,583,Germany,Male,18,5,78859.23848190287,1,0,1,108316.77040614696,0
5748,102721,Williams,634,France,Male,42,9,156001.06616340816,4,1,0,165320.59656894623,0
5749,109654,Garcia,691,Spain,Male,18,4,17402.853530947905,1,1,1,51040.91600050442,0
5750,109637,Garcia,620,Germany,Female,60,2,252482.29409333924,3,1,1,117198.77027562256,1
5751,102925,Garcia,721,France,Male,18,6,84766.58247001925,3,1,1,19573.215511427203,0
5752,109824,Davis,576,France,Female,53,8,184990.3162969979,3,0,0,169227.18583955988,1
5753,107104,Williams,811,France,Female,51,1,181080.0733473537,1,0,0,77592.03327577272,1
5754,106240,Williams,641,France,Male,61,5,303373.50390511524,2,1,0,73315.82380231006,1
5755,100512,Williams,586,France,Male,25,4,107509.71085782521,2,0,1,59855.5450010629,0
5756,100215,Johnson,709,France,Male,38,8,153166.7466366561,1,1,0,147059.22161471465,1
5757,107299,Garcia,552,Germany,Male,53,7,171773.1852865322,1,1,1,44407.69966983412,1
5758,103153,Johnson,664,Germany,Female,44,8,63133.22722676778,4,1,1,17971.115906907697,0
5759,107450,Brown,790,Germany,Male,46,6,56612.67340314938,3,0,0,64033.095661916974,1
5760,101706,Williams,528,Spain,Female,50,4,293023.23928708816,2,0,0,136469.26467627895,0
5761,101567,Davis,769,Spain,Male,34,3,6931.9688011013195,2,1,1,21044.84045382255,0
5762,101128,Miller,520,Spain,Male,24,7,305642.10809757386,4,0,1,92063.75547699635,0
5763,103510,Jones,732,France,Female,27,1,86389.55652888582,4,1,0,163571.82404639557,0
5764,107867,Davis,555,France,Female,37,0,34910.57701278688,1,1,0,92008.1509109813,0
5765,102365,Smith,769,France,Female,27,2,81464.32997734372,1,1,0,115667.29813192054,0
5766,105583,Brown,592,Germany,Female,34,6,101553.50484164456,1,0,1,92121.10419237141,0
5767,104897,Miller,614,Spain,Female,38,0,11741.788071455196,3,1,0,44360.027686516616,0
5768,105718,Smith,556,Germany,Male,61,4,110843.39820052437,2,1,1,194482.95979353823,1
5769,106001,Smith,408,Germany,Female,22,4,232871.25183630487,4,0,1,47443.5072890306,0
5770,104567,Williams,535,Germany,Female,27,2,355067.78839199047,2,0,0,128454.32998752297,0
5771,109271,Jones,481,Germany,Male,38,10,91576.25079239743,1,1,0,62950.25499074697,1
5772,102741,Smith,445,Spain,Male,23,0,39607.659661952865,3,1,0,166695.5177240699,0
5773,103020,Garcia,679,Spain,Female,18,4,82890.38632157726,2,1,0,161170.35479941117,0
5774,106256,Miller,802,Spain,Male,29,7,285.1649782293161,1,1,1,97482.44479964973,0
5775,100228,Davis,829,Germany,Male,35,8,251626.20367836062,4,1,0,47293.536374492134,0
5776,108362,Davis,533,France,Male,41,5,153543.95573789295,1,1,1,20634.17541044963,0
5777,100294,Smith,639,France,Male,24,0,18204.898819682992,1,1,1,101398.52031379259,0
5778,104284,Brown,766,France,Male,64,4,93998.63499392802,2,1,0,42502.923244076075,1
5779,108617,Jones,518,France,Male,50,1,2081.631033781182,3,1,1,190425.1471165481,1
5780,106801,Jones,770,Spain,Female,22,0,24339.95840283481,4,1,1,37327.72688600813,0
5781,100918,Davis,772,France,Female,29,2,18634.407136515285,4,1,0,55980.00880304171,0
5782,100498,Smith,455,France,Male,28,10,16978.03920697036,4,0,1,156337.22051054426,0
5783,102809,Jones,414,France,Female,22,9,80318.88184518418,3,1,0,92812.43426410362,0
5784,104961,Brown,609,France,Female,56,4,333615.4822727732,4,0,1,79003.8684277852,1
5785,109017,Davis,743,Spain,Male,23,8,13964.962978391519,1,1,1,79921.51435139538,0
5786,103779,Miller,498,France,Male,40,6,206211.8277973163,3,1,1,111350.8571151247,0
5787,102118,Brown,446,Spain,Male,31,5,8583.822083374347,4,1,1,112400.58977758334,0
5788,106391,Brown,656,France,Male,36,8,8647.54104841879,3,1,0,72626.13926089769,1
5789,100145,Garcia,713,Spain,Female,54,5,98906.97180016019,1,0,1,142363.82255275713,0
5790,107942,Williams,581,Germany,Male,43,10,85450.4120526359,2,1,0,65579.00553526526,1
5791,104565,Smith,590,Germany,Female,44,3,42194.24480589764,3,1,1,56761.0927046419,1
5792,100192,Miller,712,France,Male,43,6,76225.82488697502,2,0,1,174982.5814516329,0
5793,105187,Davis,563,Germany,Female,46,1,140615.51592609772,3,1,1,32650.988506583006,0
5794,106637,Jones,570,Germany,Male,23,1,148410.43964163613,1,1,0,194306.93196161822,0
5795,108243,Brown,677,France,Male,28,5,1205.728777943743,2,1,1,118182.28361237116,0
5796,102410,Davis,688,France,Male,44,4,8130.032828512895,4,1,0,186340.533016687,0
5797,101820,Smith,627,Spain,Male,28,5,343.6430425943844,4,1,1,196611.21301101657,0
5798,102964,Miller,798,France,Female,33,1,1576.5194351104337,2,0,0,90046.71310666135,0
5799,102521,Miller,724,Spain,Male,43,1,183032.55353162676,3,1,1,47976.03457435856,0
5800,102568,Smith,614,Germany,Female,55,0,8725.090375620952,2,1,0,188114.68260391767,1
5801,105882,Williams,520,France,Female,51,1,124135.00957635135,4,1,1,171693.67303120362,0
5802,101867,Garcia,749,France,Male,62,10,391366.5756013518,3,1,0,45636.365567943016,1
5803,107465,Jones,752,Spain,Male,41,9,171986.39470620741,2,0,1,40134.09026724291,0
5804,107602,Garcia,640,Germany,Female,40,6,6870.269523908864,3,0,1,198217.46809664124,0
5805,103199,Miller,677,France,Male,29,1,224317.78643255203,3,1,1,120525.055005054,0
5806,106103,Jones,720,Germany,Female,47,2,317409.5335377114,1,1,1,97086.18619565161,0
5807,100240,Miller,810,France,Male,57,10,122544.48882598268,1,0,1,129213.62712062208,1
5808,103440,Brown,738,Spain,Male,30,5,95792.23576007674,3,1,1,168900.4177791534,0
5809,104631,Brown,694,France,Male,45,5,92079.00804501667,4,1,0,14310.743415226447,1
5810,109599,Smith,742,France,Female,55,9,171620.11618021235,4,1,1,30594.012863798165,0
5811,108274,Jones,765,France,Male,26,10,80620.83973452928,3,0,1,140333.81634708546,0
5812,105077,Jones,677,France,Female,47,8,40613.31858583396,3,1,1,139520.85332610787,0
5813,103768,Miller,741,Germany,Male,48,10,352115.41690263856,1,1,1,197228.1412047553,1
5814,109142,Garcia,582,Germany,Female,18,1,4967.1611910666825,4,0,0,16640.65217396573,0
5815,107995,Brown,753,Spain,Male,30,6,109466.47980873965,1,1,0,26487.91119713396,0
5816,108802,Johnson,583,Germany,Female,22,0,88098.8076371461,4,0,1,102063.84627438332,0
5817,106429,Smith,549,France,Male,31,5,101929.20375852841,4,0,1,135604.46962514654,0
5818,103605,Davis,637,Germany,Female,32,8,102779.99709211227,2,1,1,60279.512018374815,0
5819,102173,Jones,515,Spain,Female,38,7,13185.178955935811,3,0,0,59856.060649795894,0
5820,109714,Williams,590,France,Female,52,5,14330.633441588821,2,1,1,18913.179454555462,1
5821,106568,Williams,687,France,Female,57,5,6974.912104182569,4,1,0,20309.28647469386,1
5822,102601,Johnson,677,Germany,Female,41,5,278681.34859759617,1,0,1,28495.135233977813,1
5823,102657,Brown,713,France,Female,58,7,94136.15030270288,3,1,0,24612.69198937819,1
5824,106080,Brown,715,France,Male,51,1,8024.449098298331,2,1,1,177419.32159164688,0
5825,107325,Brown,687,Spain,Male,37,10,56855.613349986364,4,1,1,88302.93092624284,0
5826,102159,Garcia,564,Spain,Male,60,8,44522.974396992875,4,1,0,154502.35727930284,1
5827,103830,Miller,742,Germany,Female,40,9,16040.778559489383,2,1,1,35559.85776878964,0
5828,108313,Williams,639,Spain,Male,42,7,172607.29449812026,3,1,1,13659.02722273999,0
5829,104368,Brown,674,France,Female,24,1,149435.2487755756,2,1,0,199662.16792409527,0
5830,101317,Williams,660,Germany,Female,44,10,62376.013472743965,2,1,1,161754.59694300394,0
5831,104493,Johnson,807,Germany,Male,45,7,73912.36299566392,1,1,1,168450.08572406493,0
5832,101230,Smith,530,France,Male,51,0,57346.51362799496,1,1,0,125037.84376417044,1
5833,101133,Miller,615,France,Male,35,5,80077.68714240006,2,0,1,48769.01313986304,0
5834,107607,Garcia,703,Germany,Female,28,5,131887.27839025029,2,1,0,16051.259657829913,0
5835,101301,Jones,652,Spain,Male,45,8,208723.4572955947,4,1,1,152281.2063244456,0
5836,101910,Johnson,601,Germany,Female,50,8,89727.24992137877,3,1,1,164422.07448418587,0
5837,108082,Miller,458,France,Female,33,4,13444.293420725204,4,1,0,102217.52876168006,0
5838,108107,Williams,621,France,Female,26,0,147865.2728128941,1,1,1,128763.57509612641,0
5839,109697,Johnson,686,France,Male,32,10,46565.92895554239,3,0,1,195948.68331915952,0
5840,107970,Jones,704,France,Male,62,0,99392.22255984579,3,1,0,75164.17900431341,1
5841,101916,Miller,633,Spain,Male,24,6,22138.14120258862,1,1,1,171725.93685238998,0
5842,106996,Garcia,667,Germany,Male,23,10,17842.028647487477,4,1,1,176048.35860228716,0
5843,102757,Davis,535,Germany,Female,67,10,5411.213504332261,2,0,1,27288.256914756144,1
5844,106464,Smith,688,Spain,Female,36,3,37754.20632769964,2,0,1,101104.50624714773,0
5845,100178,Jones,650,France,Female,20,8,90917.57028257646,3,1,0,120770.44296949534,0
5846,109088,Miller,666,Germany,Female,18,2,38386.32124030199,3,1,1,38833.417951655014,0
5847,106362,Garcia,628,France,Male,47,5,27559.472273379954,2,0,1,89063.95565796341,0
5848,109743,Williams,671,France,Male,44,8,527179.8343620974,3,1,0,96931.32395540706,0
5849,108683,Jones,713,France,Female,47,3,676080.7992429212,2,0,1,63910.517559725646,0
5850,100060,Davis,675,Spain,Male,26,4,92873.7195770748,1,1,1,28578.063549807823,0
5851,109269,Johnson,467,France,Female,21,4,39095.758501329954,1,1,1,77247.6441365389,0
5852,106681,Brown,677,France,Female,47,4,197781.58007948034,2,0,1,126777.92606212241,0
5853,102895,Johnson,611,Germany,Male,23,1,133480.32207830428,3,1,0,81570.17389032069,0
5854,100585,Williams,579,France,Female,36,10,95695.19995680271,1,1,0,55874.324429558146,0
5855,105823,Miller,784,France,Male,25,1,238873.58072049083,2,0,1,48958.631448846005,0
5856,100534,Davis,556,Spain,Male,63,0,58935.01602608273,2,1,1,88331.21393354444,1
5857,103462,Smith,568,France,Female,52,0,29498.375302216777,3,1,1,193981.2735646096,1
5858,104011,Jones,425,Spain,Male,78,3,341261.19509874313,3,0,1,130403.0617197421,1
5859,103398,Miller,794,Germany,Male,48,2,196785.9881033594,4,0,0,31472.968868205873,0
5860,102155,Smith,739,France,Female,43,3,243115.91973887544,3,0,1,37585.67487946612,0
5861,105966,Williams,616,France,Male,49,10,250355.42710626332,1,1,1,123761.77168159481,1
5862,107329,Jones,711,Germany,Male,18,5,48225.910989539276,1,1,1,58340.397159043445,0
5863,106957,Garcia,427,France,Male,18,10,197190.08382668998,1,1,0,168483.45627885064,0
5864,109196,Garcia,697,Germany,Male,49,0,220074.55317803592,2,1,0,24652.338056722285,1
5865,105325,Miller,564,Spain,Male,30,7,79315.82408161498,2,1,1,56093.907812500795,0
5866,108518,Johnson,817,Spain,Male,38,7,98151.67311060237,2,1,1,131175.44959826756,0
5867,104703,Miller,686,Germany,Female,18,6,86155.70372633892,1,1,1,135300.17905962947,0
5868,102706,Johnson,663,Spain,Male,31,10,1615.7286517042999,4,0,1,146016.6973116948,0
5869,100001,Davis,567,France,Female,33,10,76686.4455376852,2,0,0,174901.2503224762,0
5870,109225,Williams,568,France,Female,52,3,3857.1125007451997,4,1,0,194140.78151473126,0
5871,108316,Garcia,709,Spain,Female,40,7,59979.13179162006,2,1,0,49432.01658146193,0
5872,101104,Davis,566,France,Female,18,8,4676.259608950083,1,0,0,60374.415295745064,0
5873,101861,Jones,563,Germany,Female,31,4,60762.581784055226,4,1,1,85885.94459953895,1
5874,105269,Garcia,790,Germany,Female,55,5,36348.22690774519,2,1,0,83710.1473760098,1
5875,106943,Johnson,678,France,Male,32,9,148688.90577906996,1,0,1,78171.36565441718,1
5876,108320,Miller,540,France,Male,52,7,65219.93112326294,2,0,0,23298.532075092604,1
5877,100437,Williams,705,Germany,Female,30,4,71763.43336694739,3,1,1,174134.81581477207,0
5878,104846,Garcia,622,Spain,Female,44,3,234014.09431073233,1,1,1,136580.08734518086,1
5879,103129,Davis,473,France,Female,39,7,65835.66104504884,2,1,1,159919.3176015106,0
5880,109413,Williams,600,Germany,Male,37,2,17004.321582375174,4,1,0,199946.45506783557,1
5881,108081,Davis,545,France,Male,19,5,11943.400600044426,2,1,1,103798.16101033599,0
5882,100901,Garcia,675,France,Female,18,8,36502.70470885948,4,0,0,36655.33580747704,0
5883,105398,Miller,584,France,Female,42,5,30839.784427497692,3,0,0,168535.59882608542,0
5884,106678,Smith,659,France,Female,39,8,170647.36147272514,3,0,1,151490.38900531773,0
5885,105529,Miller,716,Germany,Female,31,7,142247.6313464528,4,1,0,156315.68674706624,0
5886,106604,Garcia,850,Germany,Female,25,8,6041.242735760623,2,1,0,41923.391019247094,0
5887,103918,Johnson,847,Spain,Female,59,9,22439.362956074452,4,1,1,153762.8461071265,1
5888,101067,Miller,672,France,Male,53,8,59570.37916778223,3,1,1,123220.68315583159,1
5889,100026,Jones,644,Spain,Male,50,7,9123.663280335895,3,1,1,21113.648260672995,0
5890,106937,Johnson,590,Germany,Male,63,8,18178.302813922895,3,1,1,66622.96103677046,1
5891,107264,Johnson,485,France,Female,22,6,239081.82632218066,4,0,1,53088.26255722768,0
5892,107118,Johnson,421,France,Male,43,6,77913.3397434088,3,1,1,66434.34024929113,0
5893,100547,Williams,565,Germany,Male,18,10,159280.4953710344,2,1,1,49223.36424298919,0
5894,108758,Brown,813,Spain,Female,32,3,40129.68772574615,4,0,0,86541.60442041808,0
5895,108895,Brown,810,Germany,Female,34,0,46966.72487343282,3,1,1,52468.14558734866,1
5896,105338,Smith,657,Germany,Female,28,6,195441.33158904949,4,1,1,86211.41338981174,0
5897,103140,Davis,696,France,Female,38,7,107055.22780181495,3,1,0,14706.377227302117,0
5898,107996,Davis,589,France,Female,71,8,113438.88457734413,1,0,0,150238.8941459343,1
5899,101590,Johnson,646,France,Male,42,0,101871.31217173264,3,1,1,76969.79219075899,1
5900,107776,Brown,572,France,Male,53,8,77899.7296035409,2,0,1,65756.18758525452,1
5901,104943,Smith,572,Spain,Female,40,6,472499.9896005466,1,1,1,173408.54584654042,0
5902,108997,Williams,711,Spain,Female,18,6,224628.9612336985,4,0,0,152642.43966448566,0
5903,107798,Johnson,589,France,Male,29,2,124099.40429844217,3,1,1,174198.1705148717,0
5904,103791,Jones,699,Spain,Male,30,0,113369.28380853937,1,1,0,176044.6109110564,1
5905,101357,Williams,635,France,Male,38,6,8802.804433747273,4,1,1,149057.2519505148,0
5906,108092,Smith,791,France,Female,48,9,66394.54039938016,1,1,0,22426.904023160834,1
5907,103225,Williams,705,France,Female,51,7,68519.27244170595,2,0,1,29601.155013735504,1
5908,102460,Jones,674,France,Female,44,5,5333.667030248866,4,1,0,25397.08362392455,0
5909,108737,Davis,506,France,Female,54,6,140895.49108950183,2,1,1,58295.712555237566,1
5910,102728,Williams,600,France,Male,29,8,196.83184976445773,3,1,0,174339.71135655482,0
5911,106726,Smith,644,France,Male,47,7,55374.8723378268,4,0,1,18794.816588887625,1
5912,107481,Davis,655,France,Female,46,4,233563.70461091475,1,1,1,22241.091285563947,1
5913,106430,Davis,716,Germany,Male,52,10,41605.921588582496,1,0,0,33740.05088265501,1
5914,103114,Davis,670,France,Female,28,3,87382.28770151277,4,0,0,120548.5501749977,0
5915,100616,Jones,546,Spain,Male,66,10,36810.3795949706,1,1,0,71712.91576559746,1
5916,103644,Jones,709,Spain,Female,27,3,19720.970039894313,4,1,1,188840.52873421065,0
5917,106413,Davis,603,Spain,Female,32,3,130940.33079477993,2,1,0,37076.48031961443,0
5918,101203,Williams,585,Germany,Male,50,1,22887.268359683636,2,1,1,163172.85629080777,0
5919,109951,Jones,539,Germany,Male,18,9,7493.299190760029,2,0,1,133078.8695305794,0
5920,102565,Miller,614,France,Male,24,9,57115.98269216819,2,1,1,134644.317440696,0
5921,103174,Williams,594,Spain,Male,40,6,123400.7732330597,3,1,0,77859.5877802243,1
5922,103081,Johnson,766,France,Male,18,7,86751.70627962421,4,1,0,12433.799759477275,0
5923,102630,Jones,623,France,Female,27,6,28024.950708643108,4,0,1,80637.15531652507,0
5924,103161,Williams,703,France,Female,40,10,170239.86153415177,3,1,1,124887.30581163288,0
5925,104321,Johnson,469,France,Female,26,9,10213.483224046784,1,1,1,150505.92935050392,0
5926,108861,Jones,724,France,Male,65,7,110962.41056711272,3,0,0,115776.22542664768,1
5927,106269,Johnson,714,Spain,Female,49,10,93312.66106955899,1,0,0,196426.42122748334,1
5928,107099,Garcia,504,France,Male,45,10,229186.31855912658,1,1,0,122093.7024871506,0
5929,107376,Jones,562,Spain,Male,41,8,74850.48212665801,2,0,0,27230.949249555346,0
5930,104078,Garcia,583,France,Male,50,7,170917.09256970795,4,0,1,172672.6724241004,1
5931,105801,Smith,629,Germany,Female,39,4,24244.814127977523,2,1,1,134574.76868237753,0
5932,104151,Smith,579,Germany,Female,24,3,78815.10157437892,3,0,0,109007.26402816352,0
5933,108911,Williams,625,Germany,Male,44,4,76063.23660922139,3,0,1,158375.90526516223,0
5934,102600,Brown,715,France,Female,28,10,35002.84042317838,3,1,1,141638.90063600536,0
5935,106175,Garcia,594,Germany,Female,45,0,509.9500250860321,1,1,0,190350.6461894889,1
5936,100666,Garcia,679,France,Male,43,4,136355.30310381963,1,0,1,99038.33152809592,0
5937,100283,Smith,667,Germany,Male,29,5,50529.673801258716,2,0,0,145490.98711930893,0
5938,105840,Garcia,354,Germany,Female,69,8,35680.81723183152,3,1,0,98087.43593077426,1
5939,103565,Brown,569,France,Female,58,8,21578.4228758694,4,1,0,63969.09766822855,0
5940,104593,Davis,748,France,Male,38,9,190863.69777733524,2,1,0,71776.73561234763,0
5941,101465,Johnson,560,France,Female,46,2,40627.921555200635,3,0,0,123123.9179120015,1
5942,108321,Johnson,542,Spain,Female,44,10,22809.581471665395,3,1,1,45583.07575844473,0
5943,104734,Brown,753,Spain,Female,30,7,74119.56081012305,2,1,1,106802.15164361964,0
5944,106257,Garcia,665,France,Male,47,7,152257.16681529197,1,1,0,142224.83463440443,1
5945,107366,Garcia,795,France,Male,36,8,92246.99281364572,3,1,0,112653.54315905928,0
5946,103672,Garcia,603,France,Male,18,0,322371.66651460447,2,1,0,117566.35697100736,0
5947,107382,Miller,770,France,Female,31,4,314119.8716084898,3,1,1,51622.5240604889,0
5948,106587,Williams,561,Spain,Male,31,4,232659.4504274384,1,1,0,135490.27311599138,0
5949,100992,Jones,393,Germany,Male,18,6,83276.41524489186,2,1,1,124141.38447566882,0
5950,106858,Brown,717,Spain,Female,59,10,146218.57435748083,1,1,0,112087.06709418472,1
5951,102121,Brown,707,Spain,Female,31,7,34038.32241574553,3,1,1,142731.78260625314,0
5952,102223,Miller,717,Germany,Female,33,10,85651.57398479471,4,0,1,143654.69409055426,0
5953,104522,Brown,629,Germany,Female,72,6,6880.805082092934,1,1,1,141964.4147913512,1
5954,103188,Davis,796,Germany,Male,24,5,30575.381483992893,4,1,1,38069.73554906381,0
5955,103237,Davis,736,Germany,Male,37,3,39354.84549154899,3,1,0,122553.62763129188,0
5956,104136,Brown,732,Spain,Female,18,8,44822.90616921498,3,1,0,143238.81738378343,0
5957,100343,Miller,662,Spain,Male,29,1,17556.40986037194,3,1,1,126203.58994081116,0
5958,104704,Brown,515,France,Male,31,5,8693.580174547207,2,0,0,47926.81339364122,0
5959,104823,Garcia,656,Spain,Female,55,9,86362.88325846604,1,1,1,16073.20550508517,1
5960,104920,Miller,685,Germany,Female,26,5,67594.14905176312,1,1,0,126228.85238333186,1
5961,103201,Williams,850,France,Female,51,10,87835.08332639694,2,1,0,53118.40189293204,1
5962,105471,Smith,676,Spain,Male,79,3,13846.388188778985,2,1,1,167513.13367322012,1
5963,100888,Garcia,545,France,Male,65,2,295059.55243394634,1,1,1,187818.11747116828,1
5964,109533,Davis,696,Spain,Male,18,10,53333.3606575267,3,1,0,169568.3465879026,0
5965,107127,Garcia,775,Spain,Male,46,2,59687.886335348936,1,1,1,43705.19018469712,0
5966,103720,Jones,820,France,Male,62,1,79178.85133723497,3,1,1,165788.70966145315,1
5967,102883,Miller,639,Spain,Male,26,2,117159.11102883522,4,1,0,45215.493332649756,0
5968,104212,Davis,630,Spain,Female,37,3,48590.28457630206,4,1,0,67757.68207771907,0
5969,106961,Smith,508,Germany,Female,34,9,15449.251530563779,3,0,0,167627.92381954202,0
5970,102415,Brown,589,France,Female,53,3,152841.53994655164,1,1,0,38949.66023215299,1
5971,109309,Smith,693,France,Female,31,9,30185.876432883833,2,1,1,46970.39798134225,0
5972,103001,Williams,497,France,Male,67,6,58495.02187152203,2,1,1,170806.23764123538,1
5973,101738,Johnson,850,France,Female,57,3,100056.6119315109,4,1,1,197572.74470513294,0
5974,101364,Garcia,614,Germany,Female,18,8,336292.57479404774,3,1,1,131383.3000739344,0
5975,102708,Miller,662,Spain,Female,18,7,3416.19304194163,1,1,0,127897.23144535992,0
5976,100924,Miller,684,Spain,Female,42,0,73161.3489694045,4,1,1,113431.00311857597,0
5977,100151,Smith,762,France,Male,35,9,275081.3899515397,1,0,1,57659.46357683257,0
5978,108777,Jones,676,France,Male,37,0,29456.80642854911,2,1,0,18701.56354460251,0
5979,108044,Davis,543,Spain,Male,30,5,11912.04925654608,1,0,0,96423.27392919116,0
5980,100912,Williams,692,France,Female,23,3,90842.0452941089,2,0,1,171156.54691713955,0
5981,102321,Johnson,762,Spain,Female,39,9,16510.220060404445,3,1,1,178995.72227462422,0
5982,100495,Williams,560,Spain,Male,46,5,211090.38527593893,4,1,1,106839.21940487843,1
5983,102148,Miller,730,Germany,Female,54,8,128435.89932583255,1,1,0,188625.64145201462,1
5984,100556,Brown,675,France,Female,57,9,12899.745218407716,1,1,0,117816.20160972663,1
5985,101552,Johnson,659,France,Male,39,4,86144.2556572345,2,1,0,154672.85971803108,0
5986,102120,Davis,586,France,Female,44,7,2748.9445382170916,4,1,0,94842.33635762679,1
5987,103085,Davis,627,France,Female,18,1,186542.69891688254,3,0,0,27056.550706395996,0
5988,103504,Miller,693,Germany,Female,49,7,22996.394612862634,3,1,1,169428.84697297955,0
5989,100156,Jones,607,France,Female,59,7,131608.37640622686,4,0,1,189274.62493912497,0
5990,108926,Johnson,552,Germany,Female,48,1,11241.001878853864,2,1,0,147904.45553367937,1
5991,107505,Miller,547,Spain,Female,38,6,63946.310307101696,3,1,1,88637.23897719853,0
5992,107162,Jones,678,France,Female,24,7,264833.5745326997,1,1,0,173680.40219288948,0
5993,105523,Brown,698,Germany,Female,24,6,7739.729254660403,1,1,0,130468.86946766585,0
5994,107543,Jones,643,Spain,Female,36,5,35008.44406278765,2,0,1,12105.1964476069,0
5995,108055,Williams,831,France,Female,45,2,152613.5615822847,3,1,0,187802.06267510937,0
5996,104654,Smith,479,France,Male,18,10,62243.430606983886,4,1,0,98802.91573587204,0
5997,106250,Williams,687,Germany,Male,19,10,105068.58410641673,3,1,0,44431.24105757049,0
5998,107246,Davis,465,Germany,Male,53,2,167135.65990624198,1,1,1,46061.8537690378,1
5999,100154,Miller,639,Germany,Male,64,7,153271.13027446554,2,0,1,75869.66439602387,1
6000,107950,Miller,675,France,Female,36,3,50314.44927248755,4,0,0,19586.978204848354,0
6001,100996,Garcia,632,France,Male,48,9,56321.33150438993,2,1,1,69142.28497821363,0
6002,104626,Williams,454,France,Male,37,7,84657.67088286394,4,1,1,28755.365364444166,0
6003,102905,Johnson,640,France,Male,40,9,13097.409703143387,4,0,1,49628.137805261,0
6004,109369,Davis,650,Germany,Male,22,5,203655.80724844174,1,0,0,14980.993082442885,0
6005,100153,Brown,739,Germany,Male,47,2,9814.764547048586,1,0,1,139890.42588848865,1
6006,107853,Davis,507,Germany,Female,27,9,20433.97131184492,4,0,1,120028.70244469451,0
6007,106481,Garcia,794,France,Male,42,1,289679.6817741546,3,0,0,28946.324410522087,0
6008,105599,Garcia,398,France,Female,50,0,33106.12689085049,4,0,1,157672.94647011618,0
6009,101716,Garcia,520,Spain,Female,48,3,27999.875199309878,4,1,1,141217.5444936999,0
6010,100786,Miller,667,Germany,Female,26,7,55398.954756441664,4,1,0,40671.54306144475,0
6011,104368,Smith,681,Spain,Female,43,3,128839.05543257024,2,1,1,19383.327619748252,1
6012,108096,Jones,801,France,Male,30,7,45605.78208140602,1,1,1,37024.024601294914,0
6013,104272,Johnson,669,Germany,Female,50,7,207724.19197927276,4,1,1,33606.968235498854,0
6014,103767,Davis,639,Germany,Female,51,10,16176.71946668021,2,0,1,126576.92926451276,1
6015,108834,Miller,694,Spain,Female,50,0,12549.863625627653,2,1,1,21233.898971837712,1
6016,105994,Davis,415,Spain,Male,61,5,8055.971752463834,3,1,1,70167.42382646311,1
6017,107216,Brown,549,Spain,Female,47,10,35433.26686992389,1,1,0,79223.43401744463,0
6018,108857,Miller,532,Spain,Male,62,9,22258.975693819324,3,1,1,27727.969334989593,1
6019,103426,Smith,745,Germany,Male,50,7,61865.25513150144,4,1,1,76257.32415595333,0
6020,103783,Davis,780,France,Female,28,7,544915.7053455423,4,0,1,118264.1038573816,0
6021,105427,Miller,836,Germany,Female,43,0,202906.114896261,1,1,1,72284.95312063696,1
6022,107011,Miller,706,France,Female,55,7,225345.55654687472,4,0,1,186931.5685294455,1
6023,108052,Williams,739,France,Female,56,8,177631.24299033894,1,0,1,65456.417758435266,0
6024,103701,Brown,659,Germany,Male,33,10,31705.613328049803,2,1,0,134229.1777658316,0
6025,109261,Garcia,600,Spain,Female,33,5,25660.265224458635,1,1,0,113079.41627461911,0
6026,102349,Brown,542,Germany,Male,49,6,131718.1403322672,2,1,1,82267.02634948849,1
6027,107011,Brown,533,France,Male,28,5,91370.91423441451,1,1,1,194129.28077279628,0
6028,107055,Williams,512,Germany,Male,36,4,23082.740223237306,1,1,1,173410.48640159398,0
6029,101212,Jones,723,Spain,Male,41,0,342155.52771555475,2,1,0,49388.97803386465,0
6030,106965,Miller,609,Germany,Female,37,1,55201.51287508423,3,1,1,194804.23873012065,0
6031,109344,Johnson,577,Germany,Male,52,9,168429.64563969834,2,1,0,15177.483474801431,1
6032,106704,Garcia,447,Germany,Male,51,1,7667.204655608174,1,0,0,13621.136098467867,1
6033,107433,Davis,558,Spain,Female,42,10,3579.950271231627,4,0,0,29560.795760602414,0
6034,102511,Jones,621,France,Female,23,8,60844.858545190385,3,1,1,78591.12245268835,0
6035,100143,Smith,496,France,Female,60,5,12714.193844764723,4,1,1,80342.45469091216,1
6036,107367,Miller,850,France,Female,28,2,387588.0728478484,1,1,0,22096.924094598104,0
6037,103228,Garcia,515,France,Male,31,2,167142.42538629824,3,1,1,151577.12225045395,0
6038,104582,Johnson,765,France,Male,27,9,60527.24445548209,3,0,1,72036.25479570313,0
6039,106031,Miller,637,Germany,Male,18,9,388807.9800954257,1,1,0,190195.6641727746,0
6040,104243,Smith,593,France,Male,54,1,27216.814658468662,4,0,1,199659.64247135934,0
6041,109549,Williams,625,France,Male,66,6,113623.69849245253,4,1,1,141620.68555097916,1
6042,102713,Jones,651,France,Male,20,0,1768.4901050110198,1,0,0,33302.00080673144,0
6043,104185,Miller,672,Spain,Female,18,0,46563.724459327015,3,0,1,109023.09346601108,0
6044,109549,Garcia,551,Germany,Female,41,9,8264.86548537161,3,1,0,159436.48462279513,0
6045,107328,Brown,705,France,Male,44,2,45787.54748158559,1,1,0,184588.2584662333,1
6046,104633,Davis,622,France,Male,18,0,47900.13186344665,4,1,1,91964.66964527138,0
6047,103192,Davis,516,France,Male,23,10,47027.6890558601,4,1,1,11624.127282903288,0
6048,100300,Davis,607,Germany,Male,59,2,53517.23901910782,4,1,0,88233.52027877272,0
6049,100723,Johnson,791,Germany,Male,48,8,95933.74430015299,1,1,0,119476.07296386028,1
6050,105694,Miller,671,Spain,Female,58,6,21001.304531709637,2,1,1,32496.05524673252,1
6051,103010,Davis,650,Germany,Female,23,8,26709.091211146257,1,1,1,133313.99828938628,0
6052,105555,Garcia,610,Spain,Female,39,6,103685.27886188625,2,1,1,117601.7145017244,0
6053,100067,Brown,618,France,Male,38,10,62780.380766691116,4,0,1,101602.67736266351,0
6054,102506,Garcia,672,Spain,Male,55,8,17664.111783073844,1,0,1,113765.84809593689,1
6055,101537,Miller,623,Germany,Female,29,10,154760.89907012795,2,0,1,17201.372216519823,0
6056,100397,Smith,695,France,Male,31,2,267192.8736499779,4,0,1,153432.5830146171,0
6057,105680,Brown,682,France,Male,46,6,62611.540479819036,4,1,1,143236.50308698096,1
6058,109355,Brown,530,Germany,Male,50,5,95199.56441522305,4,0,1,49411.21134383692,0
6059,104825,Garcia,702,France,Male,32,1,168926.34022072493,1,1,1,26022.12945671082,0
6060,108747,Williams,554,Spain,Female,42,5,331737.2569593036,4,0,1,85559.10276260482,0
6061,106048,Miller,550,Spain,Male,53,2,347857.5766740003,4,1,1,154299.01753277902,1
6062,103661,Davis,647,France,Female,43,1,256184.19715750078,3,1,0,86069.45861101046,1
6063,109943,Williams,675,France,Male,32,4,169288.03263711007,2,1,0,147732.32805927008,0
6064,102941,Jones,711,Spain,Female,43,4,55473.97722754678,4,1,1,157868.6614371702,0
6065,107067,Davis,434,France,Female,48,10,110757.99101104085,1,1,0,20230.901104010358,1
6066,105091,Smith,728,France,Male,40,1,144147.2709682287,2,1,1,86076.42587707478,0
6067,101601,Williams,691,France,Female,47,2,9640.294160199668,4,1,1,197787.27156032374,1
6068,101480,Garcia,577,Spain,Female,53,7,12371.07384548846,4,1,1,16535.477364763337,1
6069,106230,Miller,626,Spain,Female,45,4,122213.50806518258,2,1,1,180198.569797936,0
6070,109294,Williams,669,France,Female,52,7,109935.46474052267,2,0,0,33608.020767145266,1
6071,103276,Jones,301,France,Female,36,9,162891.49180486164,2,0,0,126609.40086972326,0
6072,106447,Johnson,524,France,Male,31,3,20405.04817500788,1,1,1,190524.4903064646,0
6073,105499,Jones,766,France,Female,60,3,275955.33293349313,2,1,0,127632.83615703306,1
6074,106273,Brown,589,Germany,Male,18,5,27227.59621028634,1,1,1,47404.32806133991,0
6075,101299,Davis,641,France,Female,45,9,14514.099218927313,4,1,0,50668.61233764184,1
6076,105818,Miller,638,Germany,Female,34,10,39205.827329317835,2,1,0,17262.746591698997,0
6077,106701,Brown,721,Germany,Male,49,4,165320.17733621201,3,1,0,78617.48135852939,1
6078,104994,Williams,609,France,Female,21,4,2864.530086806742,1,1,1,121757.6713006223,0
6079,107489,Williams,617,Spain,Female,44,8,25725.747978456693,4,0,1,164254.03126438722,1
6080,109727,Jones,669,France,Female,47,5,311453.5585184765,1,1,1,121371.69250990916,1
6081,108269,Jones,734,France,Male,45,2,1715.6076628449912,1,0,1,183423.597297993,0
6082,102831,Garcia,766,Spain,Male,25,10,32608.71557977944,1,0,1,141852.1678046234,0
6083,102721,Smith,618,France,Female,30,3,39418.7197921882,2,1,0,115756.96702457021,1
6084,101532,Garcia,600,France,Male,49,8,257585.7442703709,3,1,1,50402.04296784389,0
6085,108429,Brown,635,France,Female,37,5,190520.96164385605,3,1,0,159506.65833467187,0
6086,105253,Garcia,783,France,Male,18,10,61635.04010179521,4,1,1,68662.71442765142,0
6087,101996,Jones,727,Spain,Male,31,7,38207.60725415607,4,1,0,72038.52114875644,0
6088,105311,Miller,602,France,Male,56,10,289007.1684626864,3,1,0,31556.705366521066,0
6089,100277,Garcia,488,France,Female,36,6,20862.51684468956,3,1,1,21166.687949040846,0
6090,103089,Johnson,760,Spain,Male,19,0,64783.13203431269,1,1,1,97359.56231118378,0
6091,100523,Davis,771,France,Female,33,0,54203.824135830415,4,0,1,34702.65703918753,0
6092,104275,Smith,538,Spain,Male,38,9,273652.4630023524,3,0,0,75375.76376505084,1
6093,105365,Jones,605,France,Female,27,6,140981.07029307226,3,0,1,169430.67369701635,0
6094,103122,Miller,737,France,Female,59,1,62245.8678870622,3,1,0,73657.9046614286,1
6095,108167,Williams,688,France,Male,34,8,93408.02722038946,4,1,1,128495.43536478771,0
6096,105190,Davis,450,France,Male,35,9,238078.1269655344,1,1,1,171909.48526494976,0
6097,104575,Garcia,537,France,Female,36,8,177920.99054661233,1,1,0,39684.55227704949,0
6098,107727,Jones,708,France,Female,18,1,95569.05237814719,2,1,1,189924.68501587445,0
6099,101797,Williams,674,Germany,Male,44,8,246885.7933370172,4,1,0,117130.071814066,0
6100,102131,Williams,716,France,Male,30,8,47849.87550576283,2,0,1,150184.34528528966,0
6101,107322,Brown,728,France,Female,18,9,132118.26956095197,3,1,1,173271.37927095022,0
6102,106500,Brown,674,France,Female,18,5,1624.637578800709,1,1,1,158362.35085134913,0
6103,100815,Miller,692,Germany,Female,38,4,87460.61709320809,4,1,0,57018.38363609704,0
6104,108634,Jones,593,France,Female,57,9,14731.614680097688,1,1,1,58887.24142122164,1
6105,106666,Davis,661,France,Male,49,1,74296.95072616961,2,1,1,45196.668288816996,0
6106,100142,Miller,681,Spain,Male,47,5,28304.1275937717,3,1,1,48364.59473323158,0
6107,101410,Jones,820,France,Male,40,10,47913.80890278024,1,1,0,163167.01972194618,0
6108,100534,Johnson,567,France,Male,44,8,157100.88362398313,2,0,1,117164.89394352605,0
6109,109908,Smith,722,France,Male,40,2,6039.226109028408,2,1,1,35825.48000364129,0
6110,103364,Smith,638,France,Male,27,2,77089.56532082756,4,0,1,69801.8562587728,0
6111,101032,Davis,724,Spain,Female,28,10,15650.596904162423,3,1,1,26151.163869584176,0
6112,103342,Jones,637,France,Male,39,3,85153.59996196939,3,1,1,167542.94584700037,0
6113,109602,Brown,767,France,Female,27,9,100401.10210113821,1,0,1,127525.74046729477,0
6114,106085,Davis,575,France,Male,18,10,20099.800608991136,1,1,1,42560.05401217709,0
6115,104500,Garcia,664,Spain,Male,47,3,598.4579536771708,2,0,1,169315.7397394703,1
6116,101172,Miller,693,France,Female,45,0,8932.675996748756,1,0,1,180581.67458247364,0
6117,109080,Johnson,581,Germany,Male,18,1,116993.49820402192,3,0,1,144500.16850722415,0
6118,104517,Smith,680,France,Female,20,5,47819.521153397814,4,1,0,105338.66069717253,0
6119,108007,Jones,750,Germany,Female,44,4,46664.1283497347,1,0,1,157102.0060074605,0
6120,101641,Brown,643,Germany,Female,21,9,117729.98597597767,1,0,1,83796.17806254333,0
6121,100471,Brown,725,France,Male,39,3,68742.8360535983,1,1,1,95857.05989735585,0
6122,102940,Brown,582,France,Female,51,9,101358.72090223523,4,1,1,92502.9206498344,1
6123,108738,Miller,540,France,Female,32,8,251737.4457352712,3,1,0,195290.63341984936,0
6124,104726,Garcia,719,France,Female,48,1,70697.05403584497,1,1,0,73824.13798275303,1
6125,107670,Williams,594,France,Female,31,7,101620.81906054654,1,1,0,105133.57017531752,0
6126,103723,Davis,482,France,Female,34,10,102085.53846472892,4,1,1,178559.17585729994,0
6127,100363,Miller,573,France,Male,45,3,76506.97056635337,3,1,0,27681.743556360565,0
6128,103309,Garcia,784,France,Male,49,8,109193.49246153713,3,1,1,66160.6367761081,0
6129,100545,Brown,756,Germany,Male,20,3,179784.98724349478,4,1,1,153091.671027273,0
6130,103240,Jones,537,France,Female,19,1,164938.0821748268,4,1,0,150699.53243348934,0
6131,106665,Davis,503,France,Male,18,5,5897.489164822462,1,1,0,116513.73044138093,0
6132,101936,Johnson,609,Germany,Male,64,8,303213.32091291423,1,0,1,142457.6634738833,1
6133,109154,Garcia,754,Germany,Female,32,6,187863.04823681002,3,1,1,65015.33250532458,0
6134,100882,Jones,630,Spain,Female,28,0,352684.41451844934,2,1,0,133694.47979078276,0
6135,103840,Miller,631,Spain,Male,43,8,21577.003390118905,2,1,0,20528.170093512403,0
6136,106923,Miller,588,Germany,Male,18,5,76875.1095766073,4,0,1,197278.5469795882,0
6137,109062,Davis,622,France,Male,33,8,57962.845820299226,3,1,1,132219.09822194485,0
6138,104611,Brown,734,Germany,Female,39,1,47314.048299865244,2,1,1,45371.925151785035,0
6139,109057,Johnson,658,Germany,Male,24,10,52174.48843445196,2,0,0,147488.19832261675,0
6140,105204,Smith,629,Spain,Male,21,6,233946.35749786085,4,1,1,132034.37957706786,0
6141,107288,Smith,715,France,Male,33,7,119880.59112088749,3,0,1,193261.44867253848,0
6142,103203,Miller,657,Germany,Male,31,7,39267.21267016446,2,1,1,66020.23812554392,0
6143,102244,Jones,745,Germany,Female,31,4,47622.82729225453,3,1,1,22198.20658746933,0
6144,100018,Johnson,581,France,Male,18,6,63209.206930439344,4,1,1,46117.3818338636,0
6145,100641,Jones,677,Germany,Female,18,6,45717.42805386083,2,1,0,90481.38871382625,0
6146,103083,Johnson,738,France,Male,57,2,23581.50090169813,1,0,0,56332.59908436757,1
6147,105200,Johnson,805,Germany,Female,19,10,57154.39290979314,1,0,0,151622.01900303285,0
6148,108521,Miller,540,Germany,Male,35,10,8286.68907018944,3,1,0,20535.228524403065,1
6149,100865,Jones,632,France,Male,36,1,192703.20321460313,3,1,1,35815.35446555045,0
6150,100773,Miller,518,Spain,Female,31,4,174222.6228208966,2,1,0,69731.24594253013,1
6151,104732,Davis,553,Spain,Male,36,3,222489.16163763538,3,1,1,117141.38063899474,0
6152,103518,Johnson,651,France,Male,33,7,59042.9134556841,2,1,1,66563.54359969222,0
6153,106795,Garcia,447,France,Female,32,4,105334.04646817288,3,0,0,117412.0696045107,0
6154,106984,Brown,691,Germany,Female,54,8,166069.7174083991,3,1,1,70266.94887038383,0
6155,102567,Davis,705,France,Female,24,6,37812.77980272546,4,1,1,154773.1549312164,0
6156,101674,Johnson,642,France,Male,29,10,100344.20637107761,3,0,0,151301.99498925038,0
6157,100739,Garcia,565,Spain,Male,52,0,57666.67326935716,1,1,1,160455.24821517864,1
6158,101545,Johnson,625,Spain,Female,30,1,46794.28031030684,1,0,1,191828.31661382114,0
6159,109327,Garcia,850,France,Female,32,7,196235.91941998285,4,1,0,167177.97085587235,0
6160,105127,Jones,597,France,Female,29,9,97837.3703901491,4,1,0,167764.14265830032,0
6161,106947,Smith,571,Germany,Male,54,7,97655.97616502852,4,0,0,83376.58508370355,0
6162,106620,Williams,418,Germany,Male,52,1,17062.67471047559,4,0,1,70206.20808535838,0
6163,109065,Davis,754,Spain,Female,21,6,42605.289638019065,2,1,1,53372.47248260744,0
6164,104555,Johnson,525,France,Female,60,7,184047.66622555914,3,1,1,95172.88298518951,1
6165,105645,Williams,658,Germany,Female,18,3,24015.255987169578,3,1,1,82483.36867053591,0
6166,108943,Johnson,850,France,Female,18,2,352213.2905579394,1,0,1,53279.835930257614,0
6167,107124,Jones,686,Germany,Male,18,9,178305.4767465633,1,1,1,11919.422423025584,0
6168,109045,Jones,685,France,Female,22,8,31144.834703381664,1,1,0,97422.74408436072,0
6169,103732,Garcia,617,Spain,Female,32,1,11453.46573968344,2,1,0,196332.00424089792,0
6170,102283,Johnson,681,Germany,Male,22,2,18579.440708091937,3,1,1,149113.98496988445,0
6171,109521,Jones,657,Spain,Female,20,7,27733.845522755735,4,1,1,188610.51779069117,0
6172,108669,Jones,704,France,Female,45,1,27147.71098990932,2,1,1,105846.3719016415,0
6173,106998,Johnson,408,Germany,Male,33,4,1641.3275768566725,1,0,1,197470.4423536686,0
6174,105413,Garcia,687,Spain,Female,50,9,125632.4971681632,4,1,0,49108.07662846297,0
6175,101269,Garcia,693,Spain,Female,51,7,377516.76829360134,1,1,0,115708.10695940763,1
6176,107868,Garcia,850,Spain,Female,40,6,33748.06710434241,2,1,1,60656.057232264255,0
6177,102603,Garcia,649,France,Male,48,3,1641.2748649898501,1,1,1,54672.627313757,1
6178,105961,Smith,672,France,Female,35,9,250482.49983696817,3,1,0,187866.68567517822,0
6179,109661,Johnson,689,France,Male,19,8,23092.35251301939,4,1,1,120242.65819227867,0
6180,108569,Miller,692,France,Male,18,1,717.9832314919661,3,1,0,27318.43971767799,0
6181,107557,Smith,526,France,Male,18,6,25376.058412761864,3,1,1,80828.86887486448,0
6182,101680,Jones,731,Germany,Female,49,6,10983.26290510157,4,0,1,169478.1632315828,1
6183,108433,Smith,558,Spain,Male,40,6,129479.81369854748,1,1,1,29237.62622001278,0
6184,109111,Davis,690,Germany,Male,18,6,164.29271954324457,1,1,0,15705.949012949457,0
6185,105682,Miller,564,Spain,Female,47,4,58223.482263014914,2,0,1,170928.9224960614,0
6186,108084,Miller,627,France,Male,38,0,67717.95650458061,1,1,0,139978.5006355604,0
6187,105367,Miller,602,Spain,Male,24,3,153341.58068419658,1,0,0,24792.48696011208,0
6188,100069,Garcia,625,France,Male,24,4,73890.71562171729,3,1,0,46197.37775005108,0
6189,103924,Jones,641,France,Female,33,9,13323.147854910514,1,1,0,24940.534061849106,1
6190,106200,Smith,687,France,Male,55,3,55596.283203525985,1,1,1,24669.41848897049,1
6191,102007,Smith,640,Spain,Male,38,6,272709.41274211335,3,1,0,181167.57870775502,0
6192,108992,Davis,737,Spain,Female,27,1,27024.08047136382,4,1,0,153571.45482863864,0
6193,108119,Johnson,596,France,Female,71,1,35591.570144150624,2,1,1,108225.86077445405,1
6194,102779,Smith,692,France,Male,52,10,206560.81765422164,4,1,1,71681.63966678752,1
6195,104920,Davis,566,Germany,Female,52,1,154161.46681932145,4,0,0,126768.15023836747,1
6196,100755,Jones,828,Germany,Male,53,9,35029.06879236442,4,0,1,65385.66416656655,0
6197,106495,Garcia,693,Germany,Female,56,2,123227.95415734347,4,1,1,38373.09299429016,1
6198,105935,Johnson,580,France,Male,45,4,8895.753339695728,4,1,0,103293.72284698044,0
6199,109513,Davis,823,Spain,Female,39,9,78305.88079238585,3,1,0,170840.50765301555,1
6200,102330,Smith,701,France,Male,40,8,204775.63150545297,1,1,1,140600.34806959968,0
6201,105705,Johnson,580,France,Male,18,2,184843.9862186491,1,0,1,159458.8492660547,0
6202,108301,Williams,636,France,Female,18,5,22670.656788904962,2,1,1,45270.28506407445,0
6203,101016,Johnson,536,Spain,Female,49,5,76178.0357644929,4,1,0,192750.5849725744,1
6204,107347,Miller,536,France,Female,66,10,50826.39191131344,2,0,1,25790.20377694228,1
6205,108216,Garcia,770,Germany,Female,33,5,82292.70082253663,3,0,1,107744.9003157914,0
6206,104938,Miller,560,France,Female,59,4,7804.030004213578,3,1,1,81695.3848851964,0
6207,102838,Williams,516,France,Male,62,1,398221.1795519758,4,0,1,123168.89356330658,1
6208,100737,Miller,713,Spain,Male,31,0,82899.99829888875,2,1,1,188835.93541500135,0
6209,106200,Williams,815,France,Female,57,4,12702.648384819235,4,1,0,32416.42993706098,1
6210,108371,Johnson,765,Spain,Male,48,7,102797.2355777678,4,1,0,36465.79128944509,0
6211,100231,Jones,850,Spain,Male,34,9,774.3392582274874,3,1,0,74667.07295646421,0
6212,101917,Garcia,850,Germany,Female,46,4,648.8074327241433,3,1,1,132397.18507555098,0
6213,108534,Jones,559,France,Male,43,2,19741.070996604838,1,1,1,39153.717058874834,1
6214,105918,Garcia,618,Spain,Female,18,2,31598.391690267617,2,1,1,36176.438765089035,0
6215,102623,Davis,492,Spain,Male,76,1,30538.511558650534,3,0,1,160745.25912359913,1
6216,108646,Garcia,533,Spain,Male,22,6,58549.8282940775,2,0,0,161335.93100101806,0
6217,106401,Miller,757,Spain,Female,41,1,71989.09937931052,2,1,1,139802.21421790172,0
6218,107072,Miller,677,France,Male,66,5,54844.40192236734,4,0,0,88924.70427256681,1
6219,102276,Jones,795,Germany,Female,34,7,46822.714115044626,1,0,1,119670.76741377986,0
6220,107393,Brown,563,France,Male,27,7,110908.65760350053,2,0,1,127457.60590066822,0
6221,108787,Davis,595,France,Male,40,1,28546.723011336922,2,1,1,139531.44730700375,0
6222,103874,Williams,709,Germany,Male,33,5,98834.1467704049,2,1,1,55599.32743223477,0
6223,104530,Miller,755,Spain,Female,57,2,313885.3269362156,2,1,0,108730.12311185994,1
6224,107164,Davis,486,Germany,Female,26,8,63822.95313838243,4,0,1,199655.0232079549,0
6225,104497,Miller,625,Spain,Male,30,2,71579.70021513883,2,1,1,44727.98698337266,0
6226,107933,Miller,689,France,Female,37,0,130297.84420822603,1,1,1,26185.4578451796,0
6227,102135,Johnson,728,France,Female,19,8,70804.9247794522,2,1,0,24614.849899074467,0
6228,106727,Jones,748,France,Female,30,7,15537.685481207744,1,1,0,137258.71139207672,0
6229,101565,Jones,642,France,Male,30,1,94341.36126929347,1,1,0,165078.30047302326,0
6230,100308,Miller,526,France,Female,19,9,71084.98812504551,2,1,1,56293.8828909058,0
6231,108534,Johnson,457,Spain,Female,29,9,302570.8130050396,4,0,1,18029.504245987504,0
6232,108627,Miller,631,Germany,Female,50,2,9761.662336002868,1,1,0,146235.77449593306,1
6233,108368,Williams,621,France,Female,18,6,76888.05921855143,3,1,1,152390.13302354154,0
6234,100138,Johnson,570,France,Female,54,5,95953.99722767409,1,1,0,61254.89826720167,1
6235,100193,Miller,739,Germany,Female,31,7,96730.57634049348,2,0,1,14403.375594550576,0
6236,103257,Garcia,535,France,Female,43,9,6155.7073943325195,4,0,0,162220.72404022038,0
6237,103235,Brown,583,Germany,Female,54,4,39724.50640922546,3,1,0,79599.39611813049,1
6238,100942,Garcia,766,France,Female,24,4,30454.747813543254,1,1,0,109508.17158906766,0
6239,104620,Brown,572,France,Female,45,1,113939.35402058827,2,0,1,181146.89728712165,0
6240,105720,Johnson,682,Germany,Male,19,5,132958.20592432978,3,1,0,50321.679630656814,0
6241,106353,Garcia,649,Germany,Male,18,10,23479.79442046195,2,1,1,36128.63386685639,0
6242,104957,Williams,674,France,Male,35,10,174916.21351758335,2,1,0,121241.31728965252,0
6243,109145,Davis,738,Spain,Male,36,4,66365.41244095002,2,1,1,137075.90081040945,0
6244,109494,Garcia,682,France,Male,53,8,30511.42375125201,4,1,1,85724.11046118784,1
6245,103381,Jones,511,France,Female,18,2,35632.22043135448,3,0,0,17589.345514284432,0
6246,105839,Davis,528,Germany,Female,47,4,30589.664100389597,3,1,1,28393.64134661939,0
6247,102880,Davis,679,Germany,Female,32,2,92745.73270400068,3,1,1,61994.98026028652,0
6248,104887,Brown,558,France,Female,36,8,74879.91141461776,4,1,1,53093.14684293989,0
6249,100545,Brown,745,Germany,Male,18,8,279246.4315192646,2,0,1,70918.78131910546,0
6250,101927,Miller,680,France,Male,35,9,31977.69995553111,3,1,0,113081.54465969102,0
6251,104152,Williams,478,Spain,Female,50,6,38445.34299488804,1,1,1,22105.649411918064,1
6252,100004,Brown,838,Germany,Female,34,0,649.8408529471307,1,0,1,54246.327551636066,0
6253,105533,Brown,613,France,Male,33,8,35430.44538745486,2,1,1,162323.2950362873,0
6254,109554,Miller,629,France,Female,66,8,28885.613673311105,3,0,1,43304.56110532757,1
6255,105378,Williams,692,Germany,Female,37,9,51415.74010857577,2,1,0,67964.69202003269,1
6256,106233,Garcia,641,Germany,Male,18,4,68446.61143687057,4,0,1,97694.30244350807,0
6257,102663,Johnson,746,Spain,Female,18,10,110942.41137986396,4,1,0,42160.32548819818,0
6258,109465,Garcia,548,Spain,Female,60,1,21305.525259918497,2,1,0,154551.0444822751,1
6259,103326,Jones,764,France,Female,31,0,81287.45091958779,4,1,0,16861.484028480005,0
6260,103659,Jones,718,Spain,Male,50,1,130431.9485231586,3,1,0,92313.4601999919,0
6261,101131,Brown,572,Germany,Male,32,3,27599.34651546963,4,1,1,114595.77555384218,0
6262,104763,Davis,675,France,Male,44,3,43264.865186163785,2,1,0,35004.25073499146,1
6263,106737,Jones,771,Germany,Male,31,0,22956.23801107118,3,0,0,141155.76291080384,1
6264,105092,Johnson,702,France,Male,36,7,11769.411156945363,2,1,0,29910.38398666214,0
6265,106022,Brown,664,France,Male,45,9,141142.37332877304,3,1,0,116376.1661134364,1
6266,103159,Miller,712,Spain,Male,19,7,27452.053197783964,2,1,1,180593.8980084738,0
6267,106159,Jones,720,Germany,Female,43,7,45818.366438887766,1,0,1,42670.174315480945,1
6268,107318,Davis,599,Spain,Male,41,4,28460.26166362645,1,1,0,119156.71825355208,1
6269,108445,Miller,665,France,Female,18,9,4481.398094832905,4,1,1,166900.10414559292,0
6270,105307,Smith,734,France,Male,78,1,130560.07368143905,2,1,1,52140.11762891465,1
6271,108520,Smith,663,France,Female,33,3,103094.41315154552,2,1,1,15135.233842625426,0
6272,103044,Smith,578,France,Female,22,0,64650.42576945345,1,1,1,15610.870555378198,0
6273,109612,Miller,678,Spain,Male,61,9,112188.88318560192,1,0,0,57739.748808647535,1
6274,105636,Smith,610,France,Female,20,0,187405.40375942335,1,1,1,146491.81598619078,0
6275,102892,Garcia,708,Germany,Male,29,9,96354.6114290134,2,0,1,75485.68763528253,0
6276,105288,Smith,792,Germany,Female,41,2,237284.9041924022,4,1,1,101895.64785326144,1
6277,105812,Brown,717,Spain,Female,29,3,22501.42926556065,1,1,1,22468.638088109008,0
6278,100654,Williams,567,Germany,Female,46,10,214864.26052864126,2,0,1,177661.7850716912,1
6279,105481,Garcia,680,Germany,Male,47,10,77987.09383787042,3,0,0,88818.0076937569,1
6280,100759,Davis,392,Spain,Female,27,2,184279.43162617346,2,1,1,160064.27943253182,0
6281,106782,Williams,640,France,Female,61,10,136183.4130251108,2,1,1,14694.710770120417,1
6282,101798,Brown,744,Spain,Male,34,2,5936.776467780433,4,1,1,143428.48780172828,0
6283,105159,Davis,690,Spain,Male,41,7,181889.9015423731,2,1,1,106053.84387573559,0
6284,108446,Brown,661,France,Female,33,3,41141.54977993772,1,0,0,60573.460898885874,0
6285,105262,Johnson,850,Germany,Male,32,2,55014.744064160106,2,0,0,146449.12553453137,0
6286,103823,Davis,479,Spain,Male,37,8,1113.6315466404717,4,1,0,103987.14026739079,0
6287,101876,Garcia,501,Spain,Male,66,0,142180.35252983292,3,0,1,124862.57244096795,1
6288,106154,Williams,698,France,Male,45,7,62915.37652030989,2,1,1,150058.76324197746,0
6289,107787,Smith,739,Germany,Female,23,4,280706.9378711936,3,1,0,28433.04127102013,0
6290,104516,Brown,743,France,Male,40,7,32989.10651903374,2,0,0,141474.78381149267,0
6291,103734,Smith,592,France,Female,30,9,68532.1439016995,3,1,0,92103.95228795952,0
6292,109436,Davis,565,Spain,Male,53,2,52955.80468412917,3,1,1,186879.44114320655,0
6293,105972,Williams,550,Spain,Male,37,5,157074.62418376392,1,0,0,177112.62018026557,0
6294,106639,Miller,682,Germany,Male,18,10,76710.27873458268,3,0,0,153384.7339983049,0
6295,105356,Garcia,551,Germany,Female,45,6,61596.011220942615,4,1,1,149709.61883709696,0
6296,106380,Jones,761,Germany,Female,26,7,293406.8265642657,2,0,0,178291.86532806893,0
6297,101008,Miller,647,Spain,Female,45,6,47472.40593447023,3,1,1,161518.37074834827,0
6298,104314,Davis,579,France,Female,53,6,67338.18215846145,3,1,0,192912.390598597,1
6299,109702,Davis,580,France,Male,34,1,80775.21575039208,3,1,1,174226.1492431838,0
6300,102508,Miller,496,Spain,Female,36,2,5536.9853944987435,4,1,1,73659.33842859117,0
6301,104758,Jones,570,France,Male,41,5,74762.90586787836,1,1,1,143075.40231618015,0
6302,102682,Davis,594,France,Female,29,2,40917.19514170959,2,1,0,174728.6029332682,0
6303,107311,Davis,690,Germany,Male,40,8,105052.75459992094,3,1,0,164225.12683516918,1
6304,100989,Brown,640,Germany,Female,42,8,103177.10404567474,2,1,0,128899.12681933488,0
6305,108446,Johnson,564,France,Male,25,5,124236.22618262509,2,1,1,106469.226511181,0
6306,104711,Davis,527,Spain,Male,56,0,50941.04193683093,3,1,1,27297.39536715385,0
6307,106479,Smith,626,France,Female,18,0,11069.428944989486,1,1,1,71957.9604870805,0
6308,106964,Brown,444,France,Female,51,3,57830.74914878639,1,0,1,125606.96363218634,1
6309,108075,Johnson,618,France,Male,59,10,80337.84636833897,2,1,1,120478.63707119778,1
6310,104452,Smith,761,France,Male,50,9,2516.4231272646552,1,0,0,152811.46111922353,1
6311,108447,Williams,629,Germany,Female,23,7,79266.47987582392,1,0,1,176648.75194114886,0
6312,101007,Miller,665,France,Male,51,2,50962.02293333936,3,1,1,117433.08612324654,1
6313,106496,Miller,653,Spain,Female,70,3,65096.43360741575,1,1,1,132683.73613389366,1
6314,109947,Jones,511,Spain,Male,36,10,36145.239997834185,3,1,1,91814.74605066245,1
6315,107688,Johnson,825,France,Female,38,5,67754.85324995044,1,1,1,22634.45821313966,0
6316,103908,Smith,609,France,Female,50,10,213572.1316445146,4,1,1,73202.72629082749,1
6317,102803,Davis,649,France,Female,25,8,155045.72221375382,4,1,1,113231.73100334266,0
6318,104379,Brown,584,Germany,Male,18,3,95722.7780938032,3,0,0,104464.19776122434,0
6319,100098,Smith,763,France,Female,45,2,98504.37375546106,4,1,1,117693.28083059708,0
6320,108388,Brown,504,Spain,Female,39,9,225751.9716249853,2,1,1,129414.49906765364,0
6321,100877,Miller,780,France,Female,23,9,65334.23635803873,2,1,1,24588.048247408864,0
6322,101868,Jones,619,Spain,Female,44,8,77510.9536375054,3,1,1,13904.00916636419,0
6323,102665,Davis,596,Germany,Female,33,6,196738.91267892203,1,1,1,54525.39177198917,0
6324,101388,Jones,587,Spain,Male,44,8,140534.3690196072,3,0,0,112964.10520485252,0
6325,102415,Smith,830,Germany,Male,41,10,56750.38421799423,1,1,1,75680.67958530999,0
6326,108761,Smith,489,Germany,Male,41,9,36422.093905743655,1,0,0,121163.20826437847,0
6327,102637,Brown,596,Germany,Female,38,5,72943.50746345887,2,0,1,131789.8210663728,0
6328,107242,Brown,520,Spain,Male,18,3,12852.813915234907,2,0,1,44511.66598758018,0
6329,109257,Johnson,468,Germany,Female,18,4,114080.47197723974,1,1,0,122193.97852236142,0
6330,108613,Miller,780,Spain,Male,65,9,62445.68955437527,3,1,1,199213.28954864547,1
6331,102883,Johnson,647,France,Male,59,1,90383.83594856504,4,1,1,192916.12330793423,1
6332,101204,Johnson,533,France,Male,34,2,187209.4647264913,3,1,1,78137.40161743999,0
6333,100544,Smith,732,France,Male,45,4,44055.437613517985,1,0,1,49947.003689885765,0
6334,101223,Garcia,609,Spain,Female,18,2,68749.90616755832,4,0,1,182322.60565831643,0
6335,103172,Garcia,585,France,Male,18,2,81123.40037351643,3,1,0,153217.68093758574,0
6336,108959,Garcia,707,Spain,Male,18,8,32874.69488964838,2,1,1,56190.083711138825,0
6337,106450,Garcia,607,France,Female,22,3,32135.706288464473,1,1,1,74045.88708636933,0
6338,106520,Johnson,553,France,Male,29,3,74701.74473065331,4,1,1,92772.47706443578,0
6339,100654,Smith,719,France,Male,49,0,29727.88386294324,3,1,1,85213.03828889881,0
6340,106821,Garcia,635,France,Female,35,6,197473.80411947588,1,1,1,127435.14503275407,0
6341,102446,Davis,724,Germany,Male,42,9,527365.6597823316,1,1,1,147900.5980997044,0
6342,105892,Jones,609,France,Male,33,8,23680.16239538189,2,1,1,181070.3832852716,0
6343,108412,Williams,751,France,Female,36,7,85627.42691979694,3,1,1,44783.264056831176,0
6344,103666,Jones,651,Spain,Female,33,1,15709.606452946025,1,1,1,80473.89883382237,0
6345,104277,Smith,755,France,Male,42,5,20526.840246603435,1,1,0,152847.13713933475,0
6346,104402,Smith,752,France,Male,18,9,145230.16230679865,3,1,1,142738.3054463347,0
6347,102569,Williams,773,Spain,Male,38,9,22274.37653763687,4,0,0,180877.70003734253,0
6348,105515,Brown,656,France,Female,36,4,138230.702747914,3,1,1,145227.2829379868,0
6349,109205,Brown,688,France,Female,64,7,51756.28001022571,3,1,1,33315.26113628139,1
6350,103985,Davis,626,France,Male,42,0,65288.7304356063,3,0,1,147202.19713900078,0
6351,108167,Brown,560,France,Female,62,8,30031.040730115215,1,1,1,17193.971559295653,1
6352,107448,Johnson,850,France,Female,27,8,79624.6436946073,3,1,1,117436.45199540586,0
6353,104310,Brown,574,France,Male,27,10,40280.103640499,1,1,1,137786.36631105095,0
6354,103019,Miller,740,France,Female,64,6,19184.61450529135,1,0,0,167051.67493071748,1
6355,103681,Johnson,722,France,Female,35,7,14974.562876475697,3,0,0,124743.29107651985,1
6356,109635,Johnson,668,France,Female,26,8,797766.9188791348,2,1,1,131250.1329107869,0
6357,104196,Davis,634,France,Female,39,4,42408.68891357383,2,0,0,40237.90822936424,0
6358,100572,Brown,635,France,Male,41,10,163436.98079971943,2,0,0,23334.891807982054,0
6359,109524,Brown,584,France,Female,57,1,41761.628963349904,1,1,0,30785.078673343778,1
6360,104753,Davis,659,Germany,Male,26,0,97540.20409605771,1,1,0,54898.66855366397,0
6361,107082,Williams,531,Spain,Male,50,4,183987.34434382102,4,1,1,95796.00250420063,1
6362,104002,Garcia,724,Germany,Male,65,7,119083.9638452524,2,1,0,85599.0918555145,1
6363,105629,Davis,627,Spain,Male,55,9,7157.785423529417,3,1,0,68380.53945188079,1
6364,108417,Williams,553,Germany,Female,66,3,21415.401870923306,4,1,0,178945.23944005612,1
6365,104200,Johnson,522,Germany,Male,39,3,206817.3378742674,4,0,0,28157.27849983164,0
6366,101997,Williams,636,France,Male,48,3,63718.88237897261,1,1,0,38741.27185981019,1
6367,108963,Johnson,640,France,Female,27,7,91247.21149878508,3,1,0,93538.51634683844,0
6368,107422,Smith,598,France,Female,75,6,2475.6762044824304,1,1,1,35997.14082538914,1
6369,104524,Johnson,700,France,Female,52,10,66809.68735015226,2,1,1,40893.0823957371,0
6370,108625,Johnson,684,Spain,Male,42,0,56362.26114593771,2,1,0,193790.65922672165,1
6371,103407,Williams,655,Spain,Male,38,9,115898.67641526237,3,1,0,104700.43218966435,1
6372,106731,Garcia,557,France,Female,18,5,32082.171979666167,4,1,1,31363.330884864376,0
6373,107795,Smith,575,Germany,Female,18,3,136215.1771051987,3,1,0,21374.011981852775,0
6374,109057,Jones,510,France,Male,22,1,111138.10435159662,1,1,1,150058.49766033687,0
6375,102793,Jones,630,Germany,Female,30,2,71276.16840159734,1,1,1,84041.19907948635,0
6376,107334,Garcia,706,Germany,Female,48,3,47104.56402644999,4,1,1,65184.445611207004,0
6377,102911,Jones,528,France,Male,51,9,35952.4075430155,1,0,0,141178.63649081677,1
6378,107952,Smith,593,Germany,Female,38,6,76593.19358978918,1,1,1,143223.31898382402,1
6379,102415,Brown,644,Germany,Female,43,0,85996.69180659967,3,1,1,79494.91184145966,1
6380,100250,Smith,705,Germany,Female,36,0,59444.651057333875,2,1,0,190702.44825413718,0
6381,104951,Williams,502,France,Female,55,2,38650.76437941447,3,1,1,86930.54202436566,1
6382,108098,Davis,850,Spain,Female,28,1,211943.380958865,3,1,1,83104.39869919252,0
6383,105289,Miller,725,Spain,Female,34,2,37137.232100250774,4,1,1,158127.700041361,0
6384,108102,Johnson,590,Germany,Male,41,2,111524.75897176738,4,1,1,165307.11572584332,0
6385,107257,Johnson,542,France,Male,27,10,235204.29310835723,4,1,1,65699.01034084581,0
6386,105565,Davis,678,France,Female,18,0,104086.15697266956,2,0,1,141410.78565144702,0
6387,106437,Williams,697,Germany,Male,44,5,45558.50543038464,3,1,0,132021.90142540217,1
6388,109110,Williams,550,France,Female,72,7,35269.41463339507,3,1,0,17923.670137524616,1
6389,101173,Miller,538,France,Male,40,4,192005.93947998213,1,1,1,48398.93006181664,0
6390,108624,Miller,560,France,Female,50,0,67325.90489005193,3,1,1,30526.018862380435,0
6391,100835,Johnson,656,France,Male,33,10,89984.65850556472,4,1,1,178376.77050154615,0
6392,102262,Miller,657,France,Female,44,9,90708.2770431786,4,1,1,191646.77519680682,0
6393,109089,Miller,850,France,Female,18,10,76314.42658404377,3,0,0,167016.84758621885,0
6394,104567,Miller,433,France,Female,22,6,267838.9351466445,3,0,0,70195.56774728264,1
6395,103815,Davis,582,Spain,Male,48,10,267414.4200230399,3,1,0,173639.45217467527,1
6396,100246,Garcia,597,France,Male,35,9,4126.114297722706,3,0,1,22541.178797326822,0
6397,102429,Brown,698,France,Male,18,8,70454.39791245024,1,1,0,140694.90960963187,0
6398,109182,Miller,702,Spain,Female,32,6,83371.51028947545,4,1,1,34963.25039694347,0
6399,109118,Brown,630,France,Male,52,8,259774.12455127743,1,1,1,13949.07951792986,1
6400,105287,Brown,801,France,Male,29,9,7220.265362096676,4,1,1,44633.66313460675,0
6401,102607,Williams,538,France,Female,18,8,155625.03837653095,4,1,1,193098.4501675492,0
6402,109266,Miller,580,Spain,Female,65,1,102839.25029996908,2,1,1,153683.7510612402,1
6403,105930,Johnson,518,Germany,Male,40,7,131863.27853937482,4,1,1,109187.59350544885,0
6404,104022,Garcia,635,France,Female,63,6,34489.512354583516,4,1,1,188113.61890113406,1
6405,104784,Johnson,616,Germany,Male,44,6,137283.62665877937,3,1,1,89989.0966831122,0
6406,106617,Miller,728,Spain,Female,29,1,33222.24813094404,3,1,0,19170.686868160876,0
6407,103151,Johnson,835,France,Female,44,0,112598.62797187068,1,1,1,123609.47965339193,0
6408,105580,Miller,799,Germany,Male,43,3,154656.85887912498,2,1,0,167653.39690100387,1
6409,107054,Garcia,527,France,Female,66,6,152927.2077938016,4,1,1,65475.22833600683,1
6410,107706,Smith,655,Germany,Female,58,5,78608.03215082246,4,1,0,71364.88251167128,1
6411,107619,Garcia,727,Germany,Female,49,9,53369.72449828984,3,1,0,138109.40064185188,1
6412,104573,Davis,716,Spain,Female,44,1,27912.41720998831,1,1,1,163156.2028220364,1
6413,103491,Smith,850,Germany,Female,40,6,3406.909803304741,1,1,1,93363.99852181257,0
6414,100706,Jones,628,Germany,Female,30,9,5013.088155588638,3,0,0,28340.80647982538,0
6415,106997,Smith,657,France,Female,55,10,54217.12061409163,3,1,1,152246.33329785123,0
6416,105233,Brown,850,France,Female,32,8,9975.02808836573,4,0,1,91943.16351902006,0
6417,108945,Davis,691,Germany,Female,35,1,11874.236859680132,2,1,1,183066.1999627136,0
6418,105755,Brown,590,France,Female,40,9,21654.20522779157,1,1,1,59277.15031320155,0
6419,106960,Davis,552,France,Female,29,10,65644.39609932041,1,1,0,98869.04020073623,0
6420,108779,Garcia,670,France,Female,32,4,89587.70813421128,3,1,1,144999.73244370913,0
6421,101334,Brown,756,France,Male,39,10,118504.13620818387,3,0,1,57775.67248435552,0
6422,105588,Brown,755,France,Female,37,1,66596.01359966428,1,0,0,54324.696233631854,1
6423,101847,Jones,562,Germany,Female,60,0,109283.88307115655,2,1,1,148861.91321449904,1
6424,106851,Brown,660,France,Female,18,10,198128.57609103553,4,1,1,45483.17192723602,0
6425,107211,Williams,604,Germany,Male,47,6,46866.536267323,4,0,0,34030.91888838178,0
6426,107865,Williams,635,France,Male,31,1,116551.82061861662,1,1,1,60370.07065887939,0
6427,103317,Williams,740,Spain,Male,33,5,107442.45982327774,2,1,1,166139.83269708886,0
6428,106811,Smith,645,France,Male,18,6,101196.40391742131,4,1,1,174335.5923170628,0
6429,100164,Garcia,715,Spain,Female,27,0,87585.91161322479,4,1,1,31248.736382868516,0
6430,107060,Garcia,718,France,Female,46,10,129520.33114210628,2,1,1,32246.331064593567,0
6431,103057,Johnson,588,Germany,Female,28,8,170673.82466108524,2,1,0,169309.43698684248,0
6432,104428,Jones,772,France,Male,31,5,49779.33782510452,1,1,0,189804.29287248492,1
6433,100402,Williams,540,Germany,Female,34,1,106352.47111910382,3,1,1,102056.47666070632,0
6434,108605,Williams,523,France,Male,42,0,28569.8584097027,3,1,1,171556.25842343687,0
6435,108236,Brown,602,France,Male,63,0,141061.261385571,4,1,0,179144.43045890954,1
6436,106349,Williams,552,France,Male,37,1,212354.6566324229,1,0,1,79548.43959159807,0
6437,104157,Brown,710,Spain,Female,82,8,143327.1101693018,2,0,1,106654.12062044432,1
6438,100867,Brown,850,France,Female,77,1,67548.55444483235,1,0,0,119190.78903823726,1
6439,108210,Johnson,762,Germany,Female,63,0,14322.112161422803,3,0,1,157569.99443996372,1
6440,100364,Smith,568,Spain,Female,54,3,206438.0209625009,2,1,1,98103.96708051092,1
6441,107467,Brown,550,France,Male,44,8,168535.62594225115,1,1,1,107178.7531877465,1
6442,106571,Brown,747,Spain,Female,61,7,119734.08791438038,4,1,1,25617.956170597532,1
6443,100579,Garcia,531,France,Female,70,6,190706.84749593574,1,0,1,21787.524037032945,1
6444,107674,Johnson,551,Spain,Female,40,7,76148.34068052167,1,0,1,150943.1889609449,0
6445,108737,Brown,686,Spain,Male,43,1,468663.71869217244,2,1,1,102443.9222597241,0
6446,106468,Jones,595,Spain,Male,50,4,181445.13516997016,2,0,1,28468.723922290188,1
6447,104150,Smith,661,France,Female,37,6,17864.385860742455,4,1,0,56961.867797265295,0
6448,103039,Davis,616,Spain,Female,61,0,51442.174834609745,4,1,0,139198.40637603347,1
6449,104137,Jones,647,France,Male,20,5,18649.227408828137,1,1,0,106684.96377759954,0
6450,100452,Williams,737,France,Male,44,6,25393.88033887532,3,1,1,161238.9904474007,0
6451,106537,Smith,712,France,Female,21,7,69509.40140465963,3,1,1,85709.54132316566,0
6452,101381,Williams,741,France,Male,38,4,44847.59210221759,4,1,1,33264.18503326566,0
6453,108154,Garcia,713,Germany,Male,27,7,240506.61866391025,2,1,0,61994.49869470746,0
6454,101467,Miller,720,France,Male,38,9,11.614652895817676,3,0,0,32297.83376469479,0
6455,102738,Miller,649,Spain,Male,18,10,1040.9329290702601,4,1,1,102107.64229346288,0
6456,107572,Miller,504,Germany,Male,47,0,253032.4743263919,1,1,0,100922.67237855996,0
6457,109408,Brown,639,Spain,Male,33,3,27314.58924279723,2,0,1,25525.932196076392,0
6458,106747,Johnson,681,Spain,Male,54,10,247.47062640474493,1,0,0,47661.07325517895,1
6459,100880,Jones,657,Spain,Female,38,5,57557.0815587156,1,0,1,194314.9617147201,0
6460,103149,Williams,691,France,Male,51,3,21771.897071747757,2,1,0,196881.66935688577,1
6461,108276,Brown,850,Germany,Female,32,4,5480.460843163515,1,1,0,76138.28789177355,0
6462,107892,Miller,599,France,Female,51,10,75602.28269777262,3,1,1,38836.02765376378,1
6463,104144,Jones,609,France,Female,70,10,15102.988269039535,1,0,1,47074.704900360404,1
6464,101168,Jones,770,France,Female,27,1,181326.02003531606,1,0,0,26923.501172960598,0
6465,103129,Garcia,662,Germany,Female,51,6,35976.89630748204,3,1,1,27688.734479618754,1
6466,103645,Garcia,695,France,Female,20,8,25058.838055575765,4,0,1,47941.76529949015,0
6467,102526,Miller,590,France,Male,36,6,134613.90414615,2,0,1,100217.45367846252,0
6468,103516,Williams,576,France,Male,18,0,188814.9326479607,2,1,1,145893.3956177863,0
6469,103367,Miller,529,France,Female,48,1,9772.3730404572,3,1,1,41356.628309353706,0
6470,107338,Miller,667,Germany,Female,30,10,16436.992353955487,1,1,1,90137.55457492963,0
6471,103555,Brown,552,Germany,Male,50,7,64350.04790045173,3,1,1,27696.25693281241,1
6472,105111,Johnson,539,Spain,Male,43,0,89213.68149997512,2,1,1,128703.34566098914,0
6473,106752,Miller,716,France,Female,35,1,8693.583603997415,2,0,1,92731.53441833935,0
6474,100445,Williams,586,France,Female,50,4,47002.1816796999,4,1,1,162192.30676088933,1
6475,106364,Jones,529,France,Female,54,5,227888.67619406563,1,1,1,177717.59776166442,0
6476,103626,Jones,519,Spain,Male,32,0,208813.0051347881,3,1,0,57433.813545069286,0
6477,104016,Davis,741,France,Male,55,0,37284.02764700109,1,1,1,87119.38115593314,0
6478,103875,Smith,639,France,Male,35,1,25803.273021485464,2,1,0,105282.900768791,1
6479,105497,Miller,610,France,Female,18,2,87410.91182923174,2,1,1,199294.60829396485,0
6480,106238,Davis,667,France,Male,42,8,10106.340312278484,1,0,1,184110.0580565609,0
6481,100261,Davis,657,France,Female,29,2,26575.180825221818,1,1,1,194321.38574740113,0
6482,104992,Brown,597,Germany,Female,33,7,18242.980270107844,2,0,0,99014.56231029418,0
6483,104025,Smith,616,Germany,Male,18,5,23286.850639059587,3,1,1,199912.33213209972,0
6484,108283,Garcia,723,France,Male,43,9,24183.486129194353,2,1,1,17657.931476002992,0
6485,104222,Johnson,732,France,Male,28,4,98747.56909144938,1,0,0,193919.36807139014,0
6486,104175,Williams,566,France,Female,31,8,66965.0602923746,3,1,1,47829.96861444404,0
6487,109174,Miller,777,Germany,Male,54,7,198262.6015160429,4,0,0,195998.0153265727,1
6488,103443,Jones,850,Spain,Female,18,10,133035.50604176964,1,1,1,97282.02222883378,0
6489,105011,Brown,620,Spain,Male,44,2,69085.74609684382,1,1,0,120759.36124954304,1
6490,100693,Jones,618,France,Female,44,6,36733.213270322565,4,1,1,182544.99959649524,0
6491,108347,Miller,560,Germany,Male,42,3,178356.72343697978,4,0,0,197031.94499937372,0
6492,101812,Garcia,583,Spain,Female,55,7,8287.810058710951,3,1,0,43916.691730138635,0
6493,105724,Smith,682,Germany,Male,52,6,114256.38647697151,2,0,1,126322.81226176217,0
6494,101407,Miller,850,France,Female,40,2,11991.399459596922,4,1,1,142124.0088462877,0
6495,108032,Smith,722,Germany,Male,27,6,76099.01719119602,1,1,0,145008.0704695088,0
6496,109408,Williams,616,Germany,Male,32,5,231886.07818001005,1,0,1,51194.28135030283,0
6497,101410,Brown,607,France,Male,38,5,27189.714459644736,2,1,1,24773.25099282524,0
6498,103497,Garcia,583,France,Male,18,10,8178.527152537078,2,1,1,82468.9153769663,0
6499,104372,Brown,755,Germany,Female,31,9,41475.657067159795,3,1,1,164502.18916086905,0
6500,107394,Williams,625,Spain,Male,56,2,65058.08359269205,2,0,1,194459.7802846552,1
6501,100551,Garcia,695,Spain,Female,33,3,129028.88779572818,2,1,1,95352.944255469,0
6502,109368,Davis,626,France,Male,51,3,3018.4162113094903,1,0,1,183828.95353121273,1
6503,104332,Garcia,850,Germany,Male,52,5,14027.737887522024,1,0,1,147671.9597177604,0
6504,100997,Smith,596,France,Male,57,8,52887.77122723547,2,1,0,33812.32269207471,1
6505,104076,Smith,579,Spain,Male,34,4,9984.38049312505,3,1,1,76665.21072261766,0
6506,106099,Smith,601,France,Female,35,7,312108.15724157594,4,1,0,151831.93247241186,0
6507,105555,Jones,692,France,Female,43,4,71536.98923333442,4,1,1,95844.40087990052,1
6508,104052,Davis,793,France,Male,27,5,47310.20623279284,3,0,0,135182.71067734403,0
6509,105303,Johnson,692,Germany,Female,28,5,389848.08526618447,1,1,1,154701.10978516418,0
6510,108118,Miller,720,France,Female,54,3,103872.6224239466,4,1,1,196410.73222206667,1
6511,106102,Smith,706,Germany,Male,28,9,72530.45131008001,3,1,1,184577.17777624668,0
6512,105490,Johnson,483,France,Male,46,9,27593.07672582153,4,1,1,76440.37566443197,0
6513,108564,Johnson,648,France,Female,44,4,29179.53684945564,3,1,1,162826.69507411282,1
6514,105616,Brown,618,France,Female,38,3,44983.61032249347,1,1,1,81763.84353820857,1
6515,102248,Williams,635,France,Male,43,1,138920.20954395464,2,1,0,133346.28014139636,1
6516,100848,Jones,567,France,Male,49,1,169284.6307463699,2,1,0,23190.552179742495,0
6517,106354,Johnson,736,Germany,Male,60,7,21328.5536762547,1,0,1,159309.12489014445,1
6518,108695,Miller,654,France,Male,24,3,170052.07926964774,1,1,0,198330.21741168379,0
6519,108070,Jones,654,France,Male,24,8,40187.88977989397,1,0,1,113120.92303572645,0
6520,108894,Brown,635,Germany,Male,37,5,22351.28805353892,2,1,1,187282.3332188608,1
6521,103625,Smith,587,France,Male,44,4,21664.29426957805,3,1,0,176011.6666159793,0
6522,100314,Garcia,471,Germany,Male,43,6,62255.913216820925,2,1,1,13753.915217995558,1
6523,102376,Johnson,677,Spain,Male,64,5,145727.717121535,2,1,1,28461.293557172965,1
6524,109232,Williams,661,France,Male,24,3,84563.53983407379,1,1,0,93789.42241146902,0
6525,104378,Garcia,703,Germany,Female,18,9,62482.89021750726,3,1,1,61417.235280821114,0
6526,108449,Brown,657,Germany,Female,46,8,1818.064058670048,4,1,0,87391.8822529948,1
6527,100574,Jones,542,France,Female,42,5,82910.7373894115,2,0,0,107784.47940219703,1
6528,109744,Miller,570,Germany,Male,36,2,112302.58901418935,3,1,1,101561.34655363775,1
6529,105585,Davis,783,France,Female,51,3,10321.974464043917,4,1,1,42165.12398636619,0
6530,105492,Smith,681,France,Male,18,3,312759.8958401296,3,1,0,39544.50445298583,0
6531,108949,Jones,730,Spain,Male,18,7,9600.599307392707,1,1,0,89508.38599809243,0
6532,102810,Williams,741,Germany,Male,18,4,117336.80336343092,3,1,1,141756.61822903669,0
6533,108134,Johnson,551,Spain,Female,28,7,74350.37355308811,2,1,1,122984.54459890067,0
6534,109296,Williams,615,Germany,Male,57,10,215579.6936485539,4,0,1,27787.562176105737,1
6535,105670,Jones,718,France,Male,18,7,53459.56721163727,4,0,1,64855.83839093561,0
6536,107715,Jones,568,Germany,Female,39,5,71038.11490969989,4,0,0,89706.99573506946,1
6537,106567,Garcia,609,Germany,Male,43,4,80502.589709366,3,1,0,74210.45624032375,1
6538,103459,Williams,598,Germany,Female,62,1,207821.79598492675,4,1,1,95798.61965432102,1
6539,106117,Williams,576,Spain,Female,26,0,160767.6410455972,4,1,1,94276.62797832917,0
6540,103992,Williams,636,Spain,Male,25,6,32865.645607569306,1,1,0,168513.35885423576,0
6541,107837,Smith,601,France,Female,54,9,310679.4121982929,2,1,1,168774.92688190928,0
6542,100203,Miller,610,France,Female,22,9,139865.15975406283,4,1,1,188679.77217190506,0
6543,102775,Jones,676,Germany,Male,57,10,1211.760625444636,3,1,0,110243.23702664036,1
6544,101992,Brown,749,Germany,Male,44,6,20302.923534863156,2,1,1,63661.92783085224,0
6545,102243,Smith,726,Germany,Male,18,1,193659.67455666958,4,1,0,141959.54747683898,0
6546,108498,Smith,667,France,Male,48,2,103807.24088483333,2,1,0,155559.4952458731,1
6547,101687,Smith,813,France,Female,45,10,29857.990971744508,4,1,0,77301.58484572527,0
6548,104109,Garcia,715,France,Male,35,7,18804.44775306698,4,0,1,166933.34234726318,0
6549,101860,Davis,730,Germany,Female,29,3,15870.495062432256,4,1,1,142352.9851050623,0
6550,105176,Miller,633,France,Male,63,4,38288.02476366532,1,0,1,194386.21620153153,1
6551,100722,Miller,611,Germany,Female,18,6,228799.24569123835,2,1,0,76639.59133458007,0
6552,108971,Brown,687,Spain,Male,18,7,43393.60885076856,1,1,0,185396.43330540284,0
6553,108720,Davis,740,France,Female,31,0,108087.22711894578,1,0,0,77078.70376412521,1
6554,104893,Williams,667,France,Male,46,6,11829.452409037593,3,1,1,174837.73558258012,0
6555,100343,Garcia,586,France,Female,38,2,75800.48310276802,4,1,1,73354.88754989937,0
6556,105398,Jones,521,France,Male,28,4,41988.01474892041,1,1,1,182766.40795986916,0
6557,108400,Davis,491,France,Female,46,0,17497.38530366413,3,1,0,14764.626132981864,1
6558,104736,Johnson,654,France,Male,18,10,159839.28296249613,2,1,0,87905.76190492493,0
6559,103406,Garcia,731,Germany,Male,44,2,169032.01473477407,2,1,1,21027.525916387007,0
6560,109503,Johnson,419,France,Male,34,4,36567.403326731626,1,1,0,88352.61336362416,0
6561,100919,Jones,589,Germany,Male,49,0,106064.04209486928,3,1,0,91030.84066521097,1
6562,105819,Brown,572,Spain,Male,46,1,50099.4534270227,4,0,0,182626.58874860278,1
6563,102044,Miller,687,France,Female,50,2,4549.55769869536,2,0,1,162267.80429955127,0
6564,100418,Johnson,583,Spain,Female,29,7,55822.7429321053,3,1,1,61801.02968457928,0
6565,101749,Smith,526,France,Female,27,4,85769.3400749908,2,0,1,168954.021242449,0
6566,107378,Garcia,589,France,Male,41,4,35529.98127326139,4,1,0,45773.412536761665,0
6567,101099,Davis,573,Germany,Male,18,2,297388.6920728809,3,0,0,142053.07075752853,0
6568,103392,Davis,651,France,Female,72,8,81654.31807370236,4,1,1,63842.80389466535,1
6569,102772,Johnson,628,France,Male,63,8,46437.110378219084,1,1,0,193758.33482422735,1
6570,106784,Jones,694,France,Female,18,1,132810.12479726615,4,0,0,187492.19287493257,0
6571,101545,Miller,649,Spain,Male,42,7,41691.07252418392,2,0,1,68443.27419531207,0
6572,101070,Smith,751,France,Female,56,0,2501.647751333319,1,1,1,17119.934125854164,1
6573,106522,Davis,605,Spain,Female,33,4,829.5053469610448,4,0,0,133541.9204744758,0
6574,101850,Johnson,712,Germany,Female,27,6,35949.26566197846,1,0,1,42237.23404711212,0
6575,105053,Miller,681,France,Male,56,7,16958.38847334554,4,1,1,33727.24608661978,0
6576,102939,Jones,620,France,Female,59,7,43457.972745674975,3,0,0,182507.3638880291,1
6577,107194,Brown,718,France,Female,18,5,146820.16546457465,1,1,0,117788.57509756194,0
6578,105851,Jones,569,France,Male,40,6,36968.86205151823,4,0,0,187555.88648428582,1
6579,106673,Brown,773,France,Male,37,3,82017.9409110106,1,0,0,61425.59216191902,0
6580,100678,Davis,572,France,Male,18,9,252130.91135677564,4,1,1,74159.91026506588,0
6581,100988,Miller,515,France,Female,18,6,119829.84664396939,4,0,1,188081.6724907054,0
6582,109799,Miller,508,France,Male,25,6,82498.43449507431,1,0,1,95529.0319580171,0
6583,101502,Smith,659,Germany,Male,39,8,201782.52906522644,1,1,1,55658.55119907899,1
6584,101789,Jones,593,France,Male,58,10,40143.91266361918,3,1,0,89804.46026523679,0
6585,105281,Williams,668,Spain,Male,18,1,22045.310782895584,3,1,1,77718.25493261118,0
6586,105027,Davis,539,France,Male,40,10,137503.59636035026,1,0,1,159993.0438426699,0
6587,101425,Garcia,698,Germany,Female,24,7,6059.309877661315,2,1,0,89028.60113020013,0
6588,106654,Williams,668,Spain,Female,46,8,55196.434302191585,4,0,1,26091.790104367057,0
6589,102440,Davis,604,France,Male,54,2,33838.11561506459,1,1,1,125681.04187774113,1
6590,106856,Williams,712,Germany,Male,54,7,355172.9707202527,1,0,0,179023.98835895566,1
6591,107367,Williams,707,France,Male,37,0,47336.22720611541,4,0,1,183570.9583784012,0
6592,109470,Garcia,659,Spain,Female,33,9,108894.65345519915,2,0,1,102437.82133254554,0
6593,102594,Williams,738,Germany,Female,58,4,31263.70026472175,2,1,0,14051.659484242793,1
6594,104689,Brown,761,France,Female,34,0,408474.44399701426,1,1,1,124743.68020014546,0
6595,102436,Jones,571,Germany,Male,39,0,19892.87399040513,3,1,0,99716.24325180666,0
6596,105517,Miller,763,Germany,Female,32,5,237196.50280008803,3,1,1,188975.07022990697,0
6597,109219,Smith,560,France,Female,44,4,58945.69778099905,2,1,0,178499.49827863785,0
6598,106310,Williams,727,Spain,Female,18,4,55735.05579243891,4,0,1,181093.36629428816,0
6599,103539,Miller,744,Germany,Male,34,1,120830.62846499124,1,0,1,159061.0331559723,0
6600,103483,Williams,632,France,Female,40,9,9796.295422391771,1,1,1,58643.41031063179,0
6601,107371,Davis,644,Spain,Female,54,8,79118.40652845042,1,1,1,120186.71268508208,1
6602,102241,Smith,620,France,Female,36,4,24842.374063401225,4,1,0,170997.9851050556,0
6603,106378,Davis,567,Germany,Male,18,2,17093.268327231635,4,1,0,159749.137507233,0
6604,102765,Smith,586,France,Female,30,10,209943.6263010579,1,1,1,166791.99861751025,0
6605,109365,Williams,699,Spain,Male,60,6,590962.1512304182,1,1,1,101561.54351107003,1
6606,104911,Brown,735,Germany,Male,41,5,354727.0784356655,4,1,0,61651.50339410292,0
6607,100403,Miller,648,Germany,Female,28,10,172127.11088313765,2,0,0,23464.153113893877,0
6608,103382,Smith,548,Spain,Male,23,5,252536.16393319462,3,1,0,64052.37778638863,0
6609,104163,Jones,535,France,Female,44,4,257982.2470580273,2,1,1,15258.910000494747,1
6610,107630,Miller,639,France,Female,28,3,19402.3510005902,2,1,0,73094.36129842167,0
6611,100087,Jones,597,Germany,Male,39,5,8959.485738216596,1,1,0,191043.35391442277,1
6612,109350,Miller,768,France,Female,27,6,13557.415801759898,2,1,1,61997.03654871287,0
6613,105816,Brown,579,France,Female,25,7,17745.86623071747,1,0,0,186864.1688576022,0
6614,105470,Davis,709,Germany,Female,33,1,172848.60436174946,4,0,1,194866.7040067958,0
6615,106276,Garcia,587,Germany,Male,37,3,283488.7330752516,2,1,1,30958.10655028105,0
6616,105739,Davis,621,France,Male,38,10,43361.58693484416,1,1,1,164517.55656220808,0
6617,104273,Johnson,667,Spain,Male,34,6,3496.7975627260694,3,1,1,190349.71552495775,0
6618,109573,Brown,701,Germany,Female,55,2,36741.84451391221,1,1,0,51201.54002193214,1
6619,106523,Williams,692,Spain,Female,32,4,122464.68739907237,1,1,0,84129.42118562956,0
6620,105003,Johnson,594,Spain,Male,60,9,286303.6017865099,3,1,1,169465.64901196113,1
6621,108038,Williams,660,France,Male,36,6,59728.07889020598,1,1,1,38078.645944288146,0
6622,106606,Jones,612,Germany,Female,29,8,40957.446089697536,1,1,0,117096.02230800583,0
6623,102064,Smith,506,France,Male,43,5,105907.44355838599,3,1,1,57065.70926862544,0
6624,105315,Miller,672,Spain,Female,50,1,23714.959090498265,1,0,1,155730.51953701713,0
6625,100317,Williams,776,Germany,Male,26,8,145163.96298533905,2,1,1,128157.52876940121,0
6626,101502,Jones,804,France,Female,18,5,53449.26183033686,1,1,1,127957.39037788277,0
6627,106130,Brown,681,Spain,Female,53,9,378413.101512534,2,0,1,184206.43638652444,1
6628,107419,Williams,675,Germany,Female,59,1,271990.20672310283,3,0,0,138272.04586287937,0
6629,102042,Davis,388,Spain,Male,47,0,109472.61794435812,2,1,0,39341.30022452189,0
6630,104598,Jones,850,France,Female,27,3,104407.12260474183,3,1,0,44356.406841147465,0
6631,100118,Smith,793,Spain,Male,36,1,13141.975053448965,1,1,1,63322.549517737665,0
6632,100709,Miller,725,Germany,Female,21,6,32981.7856043653,1,0,0,18729.74182952824,0
6633,103557,Williams,657,Germany,Female,54,10,197998.97079237335,3,1,1,80357.36398462608,1
6634,103250,Garcia,426,Spain,Female,42,6,45096.043599593264,2,1,0,83724.33100947089,0
6635,108061,Jones,668,Germany,Male,45,2,55186.64414223274,2,0,1,145252.99066472868,0
6636,108609,Williams,653,Germany,Female,40,10,183147.62678826155,2,1,0,73415.84970559408,0
6637,102603,Smith,509,France,Male,39,9,55674.00785572873,2,0,1,172960.95956687935,0
6638,101101,Miller,694,Spain,Female,42,0,189719.77844821633,1,0,0,83968.05433069533,1
6639,104421,Williams,773,Germany,Female,38,1,7195.692381429766,2,1,0,199874.67956884808,1
6640,107857,Williams,684,Spain,Male,56,7,117465.75756973459,4,1,0,101090.58805677122,1
6641,108177,Miller,683,France,Male,18,3,6508.192404536856,3,1,1,178778.03555744872,0
6642,106082,Garcia,690,France,Female,25,2,156070.7178917764,2,0,1,53193.40371420343,0
6643,106658,Jones,617,France,Male,33,9,80344.88308733764,3,0,1,12238.92147225124,0
6644,102261,Johnson,725,Spain,Female,36,6,81164.36455576599,3,0,1,108254.57573467497,0
6645,108021,Davis,802,France,Male,54,9,47270.86148060186,1,0,1,108595.65316561464,1
6646,100508,Miller,654,France,Female,18,3,233651.74337244255,3,0,0,191511.03161769727,0
6647,102379,Williams,574,Germany,Male,47,1,71150.45503498828,2,1,0,48375.73002029639,0
6648,108879,Johnson,511,France,Male,36,2,30169.59982726159,4,1,0,48725.850940016426,0
6649,104752,Brown,700,Spain,Male,51,3,173800.9456331647,2,1,1,90609.98268987268,1
6650,109484,Williams,711,Germany,Male,44,0,295908.0509214671,1,0,0,109107.2264765508,1
6651,105495,Johnson,686,Spain,Female,37,7,27745.606413859558,2,1,1,132504.33426410594,0
6652,103209,Brown,626,France,Male,24,10,92953.92173671894,3,1,1,67119.17015350489,0
6653,107398,Garcia,677,France,Male,44,7,88812.07318922153,4,1,1,61498.235703259095,1
6654,106743,Jones,596,France,Male,33,4,94063.50297538529,2,0,1,169938.20526039734,0
6655,105648,Williams,578,Germany,Female,37,5,83064.9311618985,3,1,1,104874.04068560524,0
6656,105171,Jones,550,France,Female,50,3,10555.757087188093,2,1,0,187093.0640331268,0
6657,107890,Brown,551,France,Male,61,10,53185.62215141175,4,1,0,140343.24143726367,1
6658,100324,Jones,703,Spain,Female,18,2,424859.2366791763,2,1,0,23346.736235261633,0
6659,103557,Jones,623,France,Female,50,2,9233.868685902044,2,0,1,31787.027963053344,1
6660,103587,Miller,581,Germany,Male,58,3,110755.67150251473,3,0,0,175418.038029896,1
6661,100151,Smith,513,Germany,Female,36,5,224714.37880432577,4,1,1,51269.80671797227,0
6662,100954,Brown,717,France,Male,21,1,22396.60351780142,3,1,1,43230.55629732986,0
6663,104354,Jones,756,Germany,Male,44,5,162160.96386753823,1,0,0,178822.05226760355,0
6664,107160,Davis,547,Germany,Female,36,7,27677.46999891242,3,1,0,191414.78494142074,0
6665,109383,Johnson,637,France,Female,91,8,3084.9920094324534,4,0,0,134488.786859122,1
6666,100687,Brown,556,France,Male,44,3,73633.06611154326,3,0,0,30719.26676188706,0
6667,108501,Smith,635,Spain,Male,31,4,124089.16611482338,2,1,1,15741.60340263633,1
6668,109694,Williams,710,France,Male,18,7,21932.700869661854,4,1,1,124406.89948173182,0
6669,103127,Garcia,811,Germany,Female,24,9,7303.290574627519,4,1,1,22687.89294023484,0
6670,106763,Jones,605,Germany,Female,52,1,80622.22074722365,2,1,0,114877.84203024233,0
6671,103395,Johnson,719,France,Female,18,9,15984.183225836401,1,1,0,87289.88219995423,0
6672,109005,Smith,722,Spain,Female,18,1,20372.729315867582,1,1,0,17734.575711948648,0
6673,100845,Brown,634,France,Male,53,8,121555.97749390556,1,1,1,191329.78373944544,0
6674,101164,Garcia,766,France,Female,33,10,94702.57501691797,2,1,1,13265.02046641803,1
6675,105904,Garcia,617,Germany,Female,35,5,293695.3817804912,1,1,1,78310.4396623768,0
6676,109959,Davis,693,France,Female,47,9,39069.838229609224,2,0,0,163371.79976796304,0
6677,105360,Jones,592,Germany,Male,35,8,24129.536507889337,4,1,1,195183.99590886917,1
6678,100354,Smith,703,Spain,Female,18,9,106635.7580680794,2,0,0,20090.55936885633,0
6679,101872,Smith,693,France,Male,29,6,357546.17708682735,1,1,0,190717.91741305165,0
6680,102024,Johnson,768,France,Female,46,4,80626.87413040095,3,1,1,74974.78911358968,1
6681,102817,Williams,833,France,Male,40,8,34788.01288361088,1,1,1,41439.145310056476,0
6682,103832,Williams,741,Spain,Male,61,8,241317.8689690933,4,1,1,166763.3700549942,1
6683,108257,Miller,717,France,Male,45,1,94262.40301252861,4,0,1,132655.05553794102,0
6684,102581,Williams,610,France,Male,26,7,23918.207320394024,4,0,1,30281.713707372965,0
6685,109582,Miller,423,Germany,Female,60,7,298807.22544820537,1,1,0,128083.57553878464,1
6686,109322,Garcia,779,France,Female,61,1,31884.309757013907,2,0,1,165437.21254466323,1
6687,102486,Garcia,835,France,Female,28,9,228753.63086904056,2,1,0,115015.0062445467,0
6688,109026,Davis,681,Spain,Male,47,6,95343.81560691545,3,0,1,76138.00166261512,1
6689,108418,Brown,549,France,Male,48,0,69845.60045317786,2,1,1,51866.05134962366,1
6690,102443,Garcia,787,France,Male,44,4,40431.652046948715,3,1,0,152985.79397820932,0
6691,108919,Garcia,760,France,Male,18,4,12652.95731786831,4,1,0,86790.38653472048,0
6692,101036,Smith,446,Spain,Female,83,9,28078.92267259686,3,0,1,168326.64866688134,1
6693,108684,Brown,664,France,Female,32,4,40198.400295010004,3,1,1,155561.7715043282,0
6694,107435,Smith,674,France,Male,44,1,34071.32618126687,3,1,1,153343.29737221127,1
6695,101548,Johnson,489,France,Female,52,2,7615.4531545200725,1,1,1,161168.01466353366,1
6696,109335,Miller,542,Spain,Male,32,5,86698.0393594299,4,1,1,116266.35164960207,0
6697,105065,Miller,759,France,Female,57,0,64469.91845042249,1,0,0,158466.46339550713,1
6698,106496,Johnson,656,France,Female,38,5,11256.739227366965,4,0,1,177154.656748814,0
6699,106183,Miller,555,Germany,Male,29,5,62334.868783224476,1,1,1,68285.79238351293,0
6700,103957,Brown,583,France,Female,18,6,8225.67565636166,1,0,0,59020.64167223313,0
6701,103407,Brown,529,Spain,Male,33,8,268134.98266799544,4,0,1,98018.64356925222,0
6702,100639,Garcia,657,Germany,Female,44,8,29986.093217531485,4,0,0,115733.42879916688,1
6703,100172,Miller,725,France,Male,34,3,129034.56505647284,2,1,0,16882.735581522935,0
6704,105666,Johnson,767,Germany,Male,48,1,28934.91728078207,3,1,1,45830.19922494383,1
6705,104354,Jones,583,France,Male,63,4,64342.9719980137,4,1,1,15770.283196968161,1
6706,103959,Williams,614,France,Female,34,0,270704.45021697023,2,1,0,117412.45012240052,1
6707,108708,Garcia,700,Germany,Female,56,4,205328.37365366926,1,1,0,156868.04809084922,0
6708,108714,Williams,745,France,Male,41,9,150905.2915144653,3,1,1,167297.46329351148,0
6709,102886,Johnson,687,France,Male,43,2,156155.86423821232,3,0,0,116798.31388501026,1
6710,102164,Miller,776,France,Female,39,6,173421.95475980628,2,1,0,19333.61537982504,1
6711,103945,Miller,831,Spain,Male,44,6,135726.33916260887,1,1,0,122879.90305226366,1
6712,105235,Williams,486,Spain,Male,26,2,227162.58260857445,4,1,1,86825.03015058453,0
6713,107746,Jones,801,France,Female,28,4,43114.49348187223,2,1,1,171509.05964852817,0
6714,102590,Miller,779,France,Male,29,8,74681.73166842017,3,1,1,88181.26300682614,0
6715,107754,Jones,532,Spain,Male,18,3,103962.9249813389,1,1,1,146899.11263942602,0
6716,104934,Smith,696,Germany,Male,20,1,22039.22035512988,1,1,0,48272.34089786484,0
6717,104076,Brown,713,France,Female,37,2,69969.49269663717,2,1,0,185550.9182323585,1
6718,105185,Williams,541,Germany,Female,30,10,13247.977024605578,2,1,1,67213.31678255048,0
6719,101093,Miller,643,France,Male,38,0,94582.42841154989,2,1,1,12673.725590726992,0
6720,103880,Jones,665,Germany,Male,48,4,10272.098872027202,1,1,1,26949.44364926257,0
6721,106559,Davis,542,Spain,Female,42,8,69987.57783977251,4,0,0,54795.69784241282,0
6722,102785,Davis,616,France,Male,37,1,61923.986515936405,4,1,0,42760.24517251891,0
6723,106065,Miller,790,Germany,Male,18,2,11854.814410595782,3,1,0,47465.061204305166,0
6724,106539,Brown,818,Germany,Male,39,2,57863.30458736781,1,0,1,120716.54065425223,0
6725,101574,Brown,539,Spain,Female,28,6,113260.39546099582,4,1,0,100767.42014211608,0
6726,105676,Smith,383,France,Female,49,9,90316.26437902193,1,1,1,145740.95264210904,0
6727,108060,Brown,773,Spain,Female,27,6,61257.61475848216,1,1,0,160488.45703872285,0
6728,103990,Brown,832,France,Male,21,10,45404.381575420884,1,1,1,108930.33632996732,0
6729,105210,Garcia,737,France,Male,60,0,5910.085854277287,2,1,0,123287.07607024375,1
6730,104845,Davis,621,France,Female,18,2,312123.9698838657,4,1,1,157735.28443049736,0
6731,109285,Johnson,541,Spain,Male,64,0,51534.87198521165,2,1,0,28517.79424690784,1
6732,101189,Davis,711,France,Female,40,8,53867.17401953809,3,1,0,93346.79285341733,0
6733,102689,Davis,755,Spain,Male,33,6,13735.907375256595,1,0,0,111140.24207666116,0
6734,104095,Miller,584,France,Female,32,4,76071.58108942157,1,1,0,124229.54918772388,1
6735,101875,Davis,677,Spain,Female,52,6,387381.22794535896,3,1,0,113792.57564587529,1
6736,107768,Smith,606,France,Female,42,2,29172.42028413567,4,1,1,77672.61628682127,0
6737,103406,Smith,725,France,Male,41,2,37591.05126672721,1,1,0,65749.7233864749,0
6738,109979,Williams,444,Germany,Male,38,0,26946.830500021257,1,0,1,94628.65400073773,0
6739,103932,Brown,689,Germany,Female,32,4,201429.50903841187,4,0,1,24126.855495662378,0
6740,109799,Williams,613,France,Male,57,6,64475.697059208,3,1,0,100353.8452174084,1
6741,108240,Garcia,833,Germany,Female,31,2,173456.74903620358,3,1,1,193532.04076961224,0
6742,105408,Davis,681,France,Female,19,4,189769.91106488733,4,1,1,21735.64422850406,0
6743,103861,Jones,720,Germany,Female,43,9,138265.96591881235,4,1,1,40397.27556275582,0
6744,107406,Brown,555,France,Female,18,0,30251.71328397124,3,0,1,130345.85496653861,0
6745,102833,Jones,627,France,Male,61,6,3590.048066673299,3,1,1,144860.47301648822,1
6746,105285,Davis,689,Spain,Female,45,10,15465.509008864872,1,1,0,101127.47424846872,1
6747,109589,Johnson,614,France,Male,18,7,119385.6308025672,3,1,1,184319.75961268973,0
6748,107645,Garcia,625,Spain,Female,44,7,134919.18016281212,3,1,0,102340.27384318496,1
6749,109023,Brown,676,France,Female,33,0,145404.53175776333,2,0,1,32184.788433223548,0
6750,104777,Williams,478,France,Female,58,3,27967.32829724488,2,1,1,101827.24014321882,1
6751,102735,Williams,597,France,Female,36,8,16609.710227798576,3,0,1,108560.02149466258,0
6752,108273,Brown,728,France,Female,37,1,256474.88523629901,4,1,1,92363.09369012158,0
6753,108278,Miller,610,France,Female,32,0,109127.40550781657,3,1,0,183897.75843605815,0
6754,106368,Williams,850,France,Female,34,5,135465.15248639323,4,1,1,101873.21118296837,0
6755,100821,Davis,659,France,Male,18,10,9861.101691375434,2,1,1,142044.475247547,0
6756,107525,Davis,464,France,Male,30,10,53180.89639246299,4,0,0,107415.27386052019,0
6757,100162,Miller,694,Spain,Male,23,0,6540.064920260247,3,0,1,148465.5370810736,0
6758,107777,Brown,544,France,Male,32,5,107221.88588233554,2,1,1,32101.97237647162,0
6759,101932,Smith,683,Germany,Male,55,0,67208.70684138154,2,0,1,189612.72059389506,1
6760,103535,Williams,593,France,Female,63,5,60050.22216996838,2,1,1,126842.05060755345,1
6761,105956,Miller,600,Spain,Female,42,8,233208.9451351791,1,1,0,69564.95678061106,1
6762,103446,Brown,753,France,Male,29,4,134752.9922296869,2,0,1,55539.63975446169,0
6763,102790,Brown,491,France,Female,18,3,333129.53085936554,4,0,1,150575.5327616172,0
6764,102707,Miller,601,France,Female,31,7,4737.399120275437,4,1,1,61945.38496877044,0
6765,107959,Williams,590,France,Female,20,3,95627.33722094179,3,1,0,96153.98163391673,0
6766,103933,Smith,783,Spain,Male,35,3,99483.9446928366,3,1,0,127775.36986467686,0
6767,103385,Williams,615,France,Male,38,10,2690.1765224727037,2,0,1,173191.61301036048,0
6768,106636,Brown,555,Spain,Male,41,8,154684.364435985,1,1,0,167821.08298487676,0
6769,100922,Smith,673,Spain,Female,40,0,16678.080414400294,3,0,0,137268.8182010612,0
6770,108089,Davis,560,France,Male,18,2,120822.19215122252,4,1,0,61507.17910035482,0
6771,109774,Jones,575,France,Female,24,10,3855.783185776348,4,1,0,42088.725539236904,0
6772,100564,Johnson,719,Spain,Female,24,3,95110.85104985801,2,1,1,114348.00684403238,0
6773,103258,Williams,363,France,Female,32,7,73559.71593682042,3,1,1,177668.71410386445,0
6774,102500,Garcia,553,Spain,Female,40,0,66024.82335100853,4,0,1,88514.04950244015,0
6775,104566,Brown,582,Spain,Female,27,2,45675.63483302221,2,0,1,150439.70957382114,0
6776,109179,Smith,804,Spain,Male,86,1,54513.74999326443,3,1,1,168346.01745322527,1
6777,106881,Miller,694,Germany,Male,57,5,64797.16893168296,1,0,0,61045.8814239766,1
6778,103636,Davis,646,Spain,Male,23,8,35337.96798856934,1,1,0,193274.17240239764,0
6779,106030,Miller,639,Germany,Female,58,9,273782.19272192504,1,1,1,59630.02051875912,1
6780,100223,Miller,662,France,Male,63,8,335245.210696245,1,1,1,122626.05044904002,1
6781,106297,Smith,674,France,Male,20,9,35653.611399113135,3,0,1,137439.96558901932,0
6782,100350,Jones,662,Spain,Female,21,4,150819.87036243975,3,1,0,115773.39951922397,0
6783,107314,Williams,844,Spain,Male,40,2,139279.0686534967,1,1,1,128688.9260584728,0
6784,101928,Garcia,606,Germany,Female,54,7,208411.1661521332,4,1,1,51366.316402426695,1
6785,107743,Davis,667,Germany,Female,43,8,385.31876065561806,3,1,0,38774.95697664155,1
6786,108540,Miller,653,France,Female,18,8,41266.79787367421,2,0,0,14489.576908036868,0
6787,104732,Smith,743,Spain,Female,27,10,15663.955207296502,4,1,1,126284.94708415648,0
6788,101017,Miller,580,France,Male,30,0,49570.42844359817,4,1,1,185665.60675263332,0
6789,102226,Jones,613,Germany,Male,51,9,85714.50929997965,4,1,1,139821.1577610083,0
6790,107206,Brown,498,Spain,Female,18,4,239523.6884924578,1,1,1,134239.68999096096,0
6791,107170,Miller,748,France,Male,20,9,183017.21170624477,4,1,0,111923.94394116108,0
6792,106207,Jones,497,Spain,Male,39,8,69119.38316080789,3,1,1,128045.87333813825,0
6793,102419,Williams,703,Spain,Female,38,10,2378.2703935318013,4,0,1,147835.15630919536,1
6794,106240,Davis,818,Spain,Female,52,2,35795.23598668049,4,1,1,40064.7641025763,1
6795,101893,Davis,842,France,Female,29,6,11273.215811266378,2,1,1,149188.737462729,0
6796,105322,Miller,619,France,Male,55,8,105163.25241387758,2,1,1,40829.63718476714,1
6797,107718,Jones,615,Germany,Male,52,1,118884.83547850937,3,1,0,67044.21703403365,1
6798,106878,Smith,642,France,Female,37,1,104640.63868377505,4,1,0,75512.6870825781,0
6799,101125,Smith,740,France,Female,30,4,32119.3311818161,1,0,1,65394.21039705482,0
6800,103117,Johnson,636,Spain,Female,64,7,251960.64170148224,2,1,1,110419.92505272091,1
6801,104161,Jones,622,Germany,Male,46,9,88796.1438891562,1,1,1,116176.27170722384,0
6802,104042,Brown,757,France,Female,34,4,90943.59666785727,3,1,0,165997.7931541794,0
6803,104433,Miller,654,France,Male,24,7,169041.65143384621,3,0,0,120324.72790907553,0
6804,108638,Garcia,634,Germany,Female,58,3,7175.883080316988,4,1,1,199323.8829163316,1
6805,102658,Garcia,562,Spain,Male,29,8,23522.60098457583,3,1,0,142493.59501108856,0
6806,103483,Williams,752,France,Male,30,3,89057.78090770335,4,1,0,149043.6853433248,1
6807,102944,Johnson,674,France,Female,27,4,94271.89080840432,1,1,1,199579.4042495944,0
6808,107210,Jones,648,Germany,Male,33,6,62879.38868396141,1,1,1,55698.6200205664,0
6809,107653,Brown,463,France,Male,45,8,151384.78477612478,2,1,0,133425.81924198483,1
6810,108787,Johnson,745,France,Male,31,4,42407.23292043867,2,1,1,178883.61402341153,0
6811,101986,Smith,536,Germany,Female,37,6,1129.7478451188724,4,1,0,193951.72901937904,0
6812,101074,Williams,695,France,Male,28,3,41545.37467119412,1,1,0,95707.65294984305,0
6813,104305,Miller,572,Germany,Male,46,1,337788.4867253401,3,0,1,92764.38106452671,0
6814,103007,Miller,542,Spain,Male,37,1,150975.37278792151,1,1,1,29430.73698077719,1
6815,100969,Miller,742,France,Female,20,4,38309.45105963488,2,1,0,181951.56949807826,0
6816,108772,Jones,660,Spain,Female,37,1,25160.653016810837,3,1,1,188077.1576490769,0
6817,102824,Garcia,654,Spain,Female,42,1,166214.28284333835,2,1,0,178233.16689951046,0
6818,101211,Brown,845,Germany,Male,32,1,22301.569539204273,3,1,0,54043.07492188002,0
6819,100229,Miller,843,France,Female,18,3,86797.27516825777,1,0,1,68425.80194824995,0
6820,104284,Miller,625,Spain,Female,57,7,70919.63446578757,2,1,0,190272.80354999765,1
6821,103185,Smith,519,Spain,Female,23,6,54933.97310174755,3,1,0,127305.63237747255,0
6822,100501,Davis,791,France,Female,48,4,55505.85753303598,2,0,0,130722.60117960388,0
6823,100048,Johnson,515,Germany,Male,33,6,121187.33196324935,1,1,1,90149.42082920678,0
6824,103566,Miller,697,France,Female,37,5,10851.771034245005,2,0,1,127493.59484544357,0
6825,103055,Williams,623,France,Female,36,7,50290.017041853265,2,1,1,41825.274145127005,0
6826,108880,Johnson,657,France,Female,54,7,345400.7273603946,4,1,0,190451.6219475421,1
6827,100386,Garcia,772,France,Female,42,6,150579.635482165,3,1,1,189730.00474536367,0
6828,100969,Johnson,571,France,Male,41,4,2125.7415354021396,4,0,0,173071.77518268462,1
6829,109197,Brown,589,France,Male,20,5,59249.929882853125,3,1,1,59812.56420815175,0
6830,105820,Smith,725,Spain,Female,61,10,12465.001026288104,4,1,1,176630.71395568794,0
6831,103052,Jones,828,Spain,Male,18,10,66302.98314770823,1,1,1,143490.36416507963,0
6832,107397,Brown,850,Spain,Male,58,9,10934.967587087367,4,1,1,57971.47535422696,1
6833,102302,Garcia,504,France,Female,18,7,49300.934203294186,4,1,1,168966.6012007531,0
6834,102283,Williams,608,Germany,Male,66,6,78744.86616522657,3,0,1,28716.284615985864,1
6835,109799,Garcia,546,Spain,Female,45,4,45777.26612666102,4,1,0,146689.49945568008,0
6836,104366,Garcia,734,Germany,Male,31,9,86411.57145997374,3,1,0,199505.71297925827,0
6837,100122,Johnson,656,France,Female,18,7,420292.2421543431,2,1,0,92807.6694626889,0
6838,106799,Williams,737,France,Male,38,3,28207.997408004816,1,0,0,128703.20752083151,1
6839,109472,Brown,610,Spain,Male,45,5,83127.87135329691,1,1,0,52363.93866353663,0
6840,103727,Garcia,719,France,Female,39,3,63738.13907908498,3,0,1,99477.27993271968,0
6841,108450,Brown,632,France,Male,32,4,165686.6966184063,2,1,1,31973.923691729786,0
6842,109139,Miller,664,France,Female,28,9,37816.446115499806,1,1,1,142598.10883368657,0
6843,104958,Miller,592,Spain,Male,56,2,101615.09583992738,1,0,1,157177.9940854544,1
6844,100524,Miller,786,France,Female,34,1,118077.2289511377,2,1,1,122432.86212732343,0
6845,109079,Jones,523,Germany,Male,44,10,371563.57633541053,4,1,1,151211.83660996243,0
6846,108399,Johnson,638,France,Male,47,0,16400.79559681516,3,1,1,141551.92236404403,0
6847,100148,Brown,828,Germany,Male,20,2,637169.8092401983,3,0,1,185472.77725532424,0
6848,108001,Miller,777,Germany,Male,37,10,127729.52777426814,4,1,1,101745.6475857016,0
6849,100437,Miller,565,France,Male,58,0,60942.75869131998,3,1,0,113026.70325329302,0
6850,103749,Williams,570,Spain,Female,43,5,30593.19052865468,2,1,1,81699.67115099424,1
6851,108186,Garcia,701,Spain,Female,45,10,99075.01750502067,2,0,0,78059.66893230728,1
6852,104453,Miller,714,France,Female,32,1,15290.993998227787,1,1,1,165653.33260065157,0
6853,105336,Jones,768,France,Female,55,2,293328.3713443214,4,0,0,186590.20111929512,1
6854,104551,Williams,509,France,Male,68,7,20386.206235243262,2,0,1,69942.74576592394,1
6855,102823,Johnson,781,Spain,Female,27,4,148856.37348600765,3,1,0,90592.79148218088,0
6856,105728,Davis,559,France,Female,50,1,42334.36673294399,1,0,0,77961.14560055095,1
6857,108677,Davis,783,France,Male,18,1,24314.9306342802,2,1,0,172606.51662250285,0
6858,108391,Jones,488,France,Female,48,2,165373.06068204346,4,1,0,190157.68794545555,1
6859,101982,Jones,538,France,Male,45,2,218780.39963713306,2,0,0,181526.53773458282,1
6860,106996,Jones,822,France,Female,21,7,563.697711084443,1,1,1,14072.438778977186,0
6861,109663,Garcia,827,Germany,Male,52,4,365550.2581038341,3,1,1,44126.687038666285,1
6862,102311,Davis,660,France,Male,24,7,54804.15918948179,4,1,1,180240.00402687135,0
6863,107225,Miller,617,Spain,Male,67,3,10101.057769623381,3,1,0,110539.84416155101,1
6864,109713,Smith,648,Spain,Female,41,8,60375.49603120524,2,1,0,82702.8646273851,0
6865,100604,Jones,691,France,Male,36,2,12620.75023222659,4,1,0,88250.1044689414,0
6866,108175,Williams,700,Germany,Female,28,1,29945.97994595484,1,1,1,166852.08450435466,0
6867,105785,Davis,620,Germany,Male,48,5,81533.88197876894,2,1,1,164613.33979800914,0
6868,109609,Williams,456,Germany,Male,44,10,44503.39209621656,1,1,1,167616.01610453115,1
6869,104597,Johnson,595,France,Male,41,3,25856.88125280704,2,1,1,171325.30644558367,0
6870,107759,Brown,494,France,Male,27,1,21875.63115432521,3,1,1,24666.18770362893,0
6871,107532,Brown,726,Spain,Male,34,5,101222.16010432885,1,0,1,154096.54809507428,0
6872,108740,Smith,686,France,Male,27,3,240449.72923510795,3,1,1,126679.18566790025,0
6873,100838,Garcia,638,Germany,Female,18,9,5807.952654872403,3,1,0,59386.516962122274,0
6874,103815,Miller,624,Germany,Male,36,10,28001.189232002325,1,1,0,123223.67854781648,1
6875,100847,Garcia,846,France,Male,22,3,109484.65007350079,4,1,0,140427.4200624082,0
6876,104709,Miller,764,Spain,Female,69,9,436994.19859575847,1,1,1,119186.23808487703,1
6877,104507,Jones,670,Spain,Female,67,3,114366.03446933701,2,0,1,78011.28526631011,1
6878,106575,Davis,596,France,Male,44,3,5405.899790560251,1,1,1,57649.625376235075,0
6879,104773,Miller,778,Spain,Male,18,7,19706.578685334483,2,0,0,27842.251336055222,0
6880,104468,Davis,661,France,Male,45,0,42719.956336086165,1,0,1,22299.723976339956,1
6881,105192,Smith,585,Spain,Male,35,8,17126.622204863725,3,1,0,77983.99982886782,0
6882,103320,Johnson,590,Germany,Female,55,2,20123.089837180083,1,1,1,56146.51415449654,0
6883,104698,Johnson,716,Germany,Female,54,4,31972.905605946034,4,0,1,104786.8896495675,0
6884,104311,Brown,745,France,Female,27,4,46645.15188185178,1,0,1,117777.98585773434,0
6885,103673,Johnson,713,France,Female,33,3,49732.46154846535,2,1,0,83107.28283819706,0
6886,101564,Jones,715,Spain,Female,32,3,69190.22153785062,2,0,1,83206.7175383042,1
6887,101840,Williams,619,France,Male,32,6,263436.98305691656,4,1,1,152587.36531674748,0
6888,106058,Johnson,595,Germany,Female,18,3,501302.3026675919,4,1,0,12697.60187878553,0
6889,107131,Smith,664,Spain,Male,44,9,1991.125556458313,3,0,1,199579.51512353626,0
6890,100726,Jones,641,France,Female,40,2,68076.11597619609,4,1,1,94658.59439807312,0
6891,109436,Johnson,549,France,Female,34,10,139465.1802796721,1,1,0,122223.59419543706,0
6892,106697,Garcia,646,Spain,Male,43,8,7611.982841129379,2,1,1,57500.08505651782,0
6893,109257,Miller,718,Spain,Male,43,3,283341.5979136962,4,0,1,51092.14706589672,0
6894,100282,Johnson,610,France,Male,56,3,277597.3601259172,4,1,1,138343.57926569475,0
6895,101081,Garcia,808,Germany,Male,52,9,23369.00870145212,1,0,0,194849.97660636375,1
6896,103885,Jones,524,Spain,Male,54,7,154059.00179621324,3,0,0,182729.52333443967,1
6897,102881,Johnson,567,France,Male,25,10,87099.68413783365,2,1,0,187145.7675248389,0
6898,102970,Garcia,592,France,Female,22,6,3448.7953146449613,3,1,0,107316.68653952364,0
6899,109344,Williams,732,Germany,Female,53,3,35282.85235551926,4,1,1,79209.50894195099,1
6900,106985,Davis,671,France,Female,64,7,30567.752792719755,2,1,1,155885.3318202113,1
6901,100947,Brown,561,Germany,Female,51,9,211791.80322104497,4,0,1,113736.72943272695,1
6902,104760,Jones,462,Germany,Female,43,1,227790.02171416138,1,0,1,164780.9557059317,0
6903,109909,Garcia,531,France,Female,39,8,3507.496776583884,2,1,1,143272.803710176,0
6904,100066,Smith,474,Spain,Female,81,1,135251.80805777275,3,1,1,80115.56870012084,1
6905,108828,Davis,737,France,Female,51,9,12766.666003633562,2,1,1,24462.459790845525,1
6906,108505,Johnson,544,France,Male,36,2,156505.66711390222,4,0,1,67126.51717218636,0
6907,100564,Garcia,718,France,Female,68,5,186827.65947697512,1,1,1,168085.17937194716,1
6908,109793,Davis,704,Spain,Female,64,6,6107.763165658479,1,1,0,98515.93020081903,1
6909,109017,Miller,769,France,Male,18,8,39491.157725620425,3,1,0,166354.66859980524,0
6910,103670,Davis,578,France,Male,20,7,47754.29575451793,3,1,1,143048.63169429035,0
6911,109217,Garcia,690,Spain,Female,35,10,310440.1008909205,4,1,0,69787.02537875346,0
6912,102251,Garcia,662,Spain,Male,58,5,46349.510193222966,2,1,1,94704.2803500873,1
6913,100804,Miller,662,France,Male,30,7,29571.00581910324,1,1,1,135324.6835727474,0
6914,104631,Brown,648,France,Male,23,10,96678.84443995697,1,1,1,176844.51733474867,0
6915,109583,Davis,734,Germany,Male,51,10,17303.68598271134,4,0,1,19011.598422583374,1
6916,101235,Miller,723,Germany,Female,18,4,98105.69736847807,2,1,0,198504.4681801036,0
6917,106720,Miller,649,Spain,Male,33,9,61354.989768990185,2,1,0,88356.97085546948,0
6918,106906,Davis,604,France,Female,22,9,131467.68469465515,3,1,0,36073.86100128065,0
6919,106016,Smith,592,France,Male,38,8,86469.57692655594,3,1,1,73991.91531906396,0
6920,103549,Miller,653,Germany,Male,24,3,19429.188421816434,2,1,0,161509.51158878682,0
6921,107938,Smith,672,Germany,Male,36,0,277061.9802101009,4,0,1,119782.31867509767,1
6922,104141,Williams,640,Germany,Male,45,7,59562.300135943435,2,1,1,32464.168534194156,0
6923,106966,Davis,520,Spain,Male,40,4,136477.52047518702,2,1,1,84737.5993227576,1
6924,109546,Miller,619,Germany,Male,30,8,75916.2218534032,1,1,1,22030.723436462,0
6925,105335,Brown,597,France,Male,33,2,200449.34558833952,4,0,1,24149.161739546023,0
6926,105077,Miller,651,Germany,Male,72,8,41101.85333780194,4,1,1,53188.796571835046,1
6927,105611,Garcia,850,France,Male,52,7,101849.98585462994,4,1,1,77757.29713138673,0
6928,108089,Jones,693,France,Female,35,5,8271.47123359603,4,0,1,142189.30266936222,0
6929,102892,Brown,776,Spain,Female,41,10,8092.802420372981,3,1,1,14795.874165381982,0
6930,105577,Miller,581,Germany,Female,45,9,185494.05496177138,3,1,1,70981.68918655293,0
6931,103618,Brown,652,France,Male,27,9,170582.28668687577,1,0,1,78939.8239609156,0
6932,101559,Davis,772,France,Male,39,10,44518.36346945665,3,0,0,69913.74252087776,0
6933,106683,Smith,491,France,Male,22,7,112705.41722120793,4,0,1,38391.01114300422,0
6934,101507,Williams,626,France,Female,24,7,176600.32136498866,2,1,0,173775.25843536074,0
6935,102063,Williams,712,Germany,Male,52,6,15531.458876738347,1,1,1,72098.16443821197,1
6936,103642,Davis,642,Germany,Female,54,6,418230.66959342593,2,1,0,170688.52378651057,1
6937,102000,Davis,593,France,Female,56,2,217025.5993401728,3,0,1,47375.16748370221,1
6938,101294,Brown,598,France,Male,37,6,117414.21168779104,4,0,0,147748.99966518517,0
6939,104065,Davis,681,France,Female,31,2,78357.22885497684,1,1,1,49366.99199747214,0
6940,108014,Brown,492,France,Male,39,10,225309.2089839174,3,0,0,76070.3412287451,1
6941,109945,Davis,662,France,Female,18,8,134450.74633907148,2,1,1,139218.12098194173,0
6942,101603,Miller,722,Spain,Male,59,10,87879.31808299937,2,1,0,114830.6270775971,1
6943,101322,Davis,613,Spain,Male,18,4,222182.4947986682,4,1,1,61835.33266796916,0
6944,105956,Johnson,494,Spain,Male,53,10,23650.682959977643,3,1,0,177624.8572671107,1
6945,102441,Garcia,598,Germany,Male,24,7,28020.941659062508,1,0,0,100603.39058888408,0
6946,101098,Smith,637,Germany,Male,38,2,266086.61721898464,1,1,1,160131.47493208852,1
6947,105073,Garcia,542,France,Female,26,2,6945.348999090799,1,0,1,174015.34581599536,0
6948,109697,Jones,653,France,Male,26,2,4725.811234280651,2,1,1,96355.51722256682,0
6949,109318,Jones,667,Germany,Male,18,7,156993.91014124328,3,1,1,74334.19257664155,0
6950,108488,Williams,770,France,Female,19,8,53442.99392832726,1,0,0,115858.02677695794,0
6951,103787,Smith,633,Spain,Female,52,6,247998.7658055755,1,1,1,27115.787421141667,1
6952,102096,Garcia,661,France,Male,20,0,35766.07255909429,1,1,1,140414.2600894728,0
6953,102208,Williams,594,Spain,Female,19,5,33859.90605938404,1,0,1,153705.34988524235,0
6954,105988,Jones,602,France,Male,37,2,315161.20780173695,1,1,1,31583.45325593688,0
6955,100175,Brown,720,France,Male,18,0,80691.57663751343,3,1,1,67400.06255093473,0
6956,107169,Smith,626,Spain,Male,33,9,95116.35673276184,2,1,1,156099.2144885368,0
6957,106014,Smith,732,France,Female,42,1,228354.1239271799,4,1,1,71204.15229949169,0
6958,101667,Davis,645,Spain,Male,44,2,47935.87457604377,3,1,0,127291.90360330256,0
6959,108867,Davis,535,France,Male,23,6,28483.46482383841,2,1,1,124833.69682596992,0
6960,101823,Garcia,580,Germany,Male,57,5,84646.65436123128,2,0,1,60438.97700008064,1
6961,105147,Davis,850,France,Male,54,1,52766.959718921105,3,1,1,155853.98424464787,0
6962,101356,Davis,639,France,Male,18,4,17863.667673721102,2,1,1,104661.05126879887,0
6963,103072,Miller,488,Germany,Male,49,0,12624.492262935408,2,0,0,34221.538130225796,1
6964,103259,Johnson,536,France,Male,41,2,129265.37138656917,2,1,1,30750.755562497274,0
6965,106199,Garcia,578,France,Female,46,0,3480.2604254393964,2,0,1,184421.67583586767,0
6966,100546,Davis,560,Spain,Male,29,2,74980.85329490907,1,0,1,83579.9093698074,0
6967,105231,Brown,540,Spain,Male,19,1,39995.31003830925,3,1,1,115958.48987856158,0
6968,107965,Miller,796,France,Male,36,3,16358.888463444346,3,0,1,132326.75767549564,0
6969,102083,Miller,716,France,Female,44,4,221335.55897624168,4,1,0,147998.3565156758,0
6970,102040,Miller,630,Germany,Female,44,2,134915.71355288578,1,1,0,89439.83097390285,0
6971,104534,Brown,591,Spain,Male,44,9,148324.0834514472,1,1,1,103549.22986171638,0
6972,101752,Williams,633,Spain,Male,22,4,57250.21792995808,1,1,1,149246.5734680114,0
6973,109807,Smith,828,France,Female,59,10,104511.14163161659,4,1,1,135548.252836284,1
6974,101849,Williams,563,Germany,Male,56,6,9490.779516795306,3,1,1,127946.81183292119,1
6975,102642,Brown,492,France,Male,42,9,14998.18797404307,1,1,0,84666.62571687541,0
6976,101600,Johnson,716,France,Male,24,8,38944.74123047017,3,0,1,193531.26259530245,0
6977,104402,Smith,750,France,Male,42,7,61207.61661643316,4,1,0,46349.136946701365,1
6978,103799,Brown,795,France,Female,32,5,9851.600043452008,1,0,0,33552.52268937359,0
6979,100618,Johnson,614,Germany,Male,33,8,83234.98490442561,3,0,1,65450.179877883005,0
6980,101132,Garcia,615,France,Female,49,7,27417.71001641699,2,1,0,58984.94871684102,1
6981,105491,Jones,850,Spain,Male,32,3,148969.23751230715,1,1,1,192616.07689464182,0
6982,105795,Miller,709,Germany,Female,60,10,46.92999014922568,2,1,1,13158.174162123672,1
6983,107633,Davis,641,France,Male,48,1,201050.12715388316,1,1,1,177400.18611764122,0
6984,101487,Brown,700,Spain,Male,54,8,131893.1701502133,3,1,0,88145.37716102539,0
6985,107848,Jones,606,Spain,Female,25,5,79003.79747267734,2,1,1,118495.93245171945,0
6986,105009,Williams,680,Germany,Male,29,9,133763.22126252137,2,1,1,142252.7774170199,0
6987,109749,Jones,678,France,Female,20,7,45346.883591390244,2,1,0,20047.44756560479,0
6988,102113,Brown,733,France,Female,58,7,17743.69749345206,1,0,1,109084.93081642731,1
6989,101044,Jones,551,France,Male,82,3,915.3128778149302,1,1,0,19045.047069672517,1
6990,102431,Miller,685,France,Male,46,9,79530.22176582477,4,0,1,30101.881241787192,0
6991,107979,Smith,533,France,Female,42,4,34522.98971323435,1,1,1,129788.65291568174,0
6992,101582,Brown,837,Germany,Female,31,0,23913.2179997789,2,1,0,63370.69999478387,1
6993,101308,Johnson,608,France,Female,63,8,201747.9283801799,4,1,0,38374.67353503747,1
6994,104917,Jones,484,France,Male,38,6,129159.4524857977,3,0,0,20912.336510308032,0
6995,108793,Smith,850,France,Male,29,0,462288.10371493985,2,1,1,163079.12805823094,0
6996,101620,Miller,597,France,Male,18,10,108342.2341803385,2,0,1,130883.00588984223,0
6997,107503,Williams,659,France,Female,23,9,225728.8490457476,3,1,0,17631.56822672646,0
6998,104766,Williams,480,France,Male,40,9,12594.436862379402,3,1,1,130966.09000600442,1
6999,105362,Miller,644,Spain,Female,18,2,128288.18633914959,4,0,0,31015.64648040946,0
7000,105192,Jones,817,Germany,Female,20,8,9017.031489134752,2,1,0,73276.08627271357,0
7001,106622,Williams,720,France,Female,63,10,9934.583094189284,2,1,1,135916.60033423637,1
7002,106093,Johnson,479,Spain,Male,51,10,195077.03159191753,3,0,0,65231.91406123314,0
7003,106704,Brown,573,Spain,Male,34,0,44642.03403303484,2,1,1,154448.22589848493,0
7004,100100,Smith,741,France,Female,53,5,38042.98778903733,2,1,0,109292.61405057924,1
7005,106657,Garcia,713,France,Female,27,4,20307.51071571826,4,1,0,58547.79359423106,0
7006,105875,Jones,601,France,Female,50,3,66347.6775213955,3,1,1,116437.69118463197,1
7007,104271,Williams,689,France,Female,33,0,22763.1887744126,1,1,1,18013.725855854766,0
7008,100237,Brown,530,France,Male,68,6,77186.04860882447,2,1,1,94281.1557320028,1
7009,107226,Garcia,519,Germany,Male,21,0,108009.89351969128,4,1,1,72911.42684506887,0
7010,108032,Johnson,400,Spain,Female,61,0,106395.35099159607,2,0,0,90436.80505542964,1
7011,105218,Williams,742,France,Male,37,1,45357.864025601484,4,0,0,126754.93206441257,1
7012,104025,Williams,639,France,Male,18,8,121752.35809803352,4,0,1,91427.43307637476,0
7013,106073,Smith,650,France,Male,43,0,30936.071194317094,1,1,0,116037.6340430513,1
7014,102542,Johnson,343,Spain,Male,49,7,164860.07339749808,4,1,1,32574.156419417555,1
7015,101537,Johnson,645,France,Female,61,0,11.511588267910469,3,1,1,69958.86817296049,1
7016,100754,Jones,705,France,Male,50,10,339815.53927458805,4,1,0,91215.90632203694,0
7017,107396,Garcia,441,France,Female,25,0,56840.743104409405,1,1,1,21694.230877906713,0
7018,107823,Smith,654,Germany,Male,54,8,40645.94084711612,2,1,1,190283.80895713752,1
7019,105507,Jones,643,France,Female,39,7,97944.98701839484,4,0,1,182275.3712275314,0
7020,104235,Smith,603,Spain,Female,18,0,211276.80709550076,1,1,1,74369.327665431,0
7021,100540,Johnson,780,France,Male,37,6,43474.66024994502,3,0,0,129775.59255479791,0
7022,105510,Smith,756,France,Male,21,7,7261.643498635152,2,1,1,100817.31359361554,0
7023,108461,Smith,850,France,Male,36,1,43669.81181171696,1,0,0,117585.12961636679,0
7024,107926,Smith,528,Spain,Male,49,3,509.9650431437401,2,1,0,34498.76605428971,0
7025,105131,Davis,692,France,Female,22,1,20461.8888432541,3,1,1,113812.69674851683,0
7026,108697,Brown,799,Spain,Female,43,5,5340.874757570605,4,1,0,59369.12158871158,0
7027,101129,Brown,580,France,Male,55,4,49034.56520774811,4,1,1,126706.30797553352,1
7028,103145,Garcia,819,France,Female,29,10,6160.859806915366,1,1,1,156195.85842942726,0
7029,108553,Garcia,686,Spain,Female,34,10,413055.7418510505,3,1,1,181528.32658096796,0
7030,103720,Miller,475,France,Male,55,4,152287.56707410663,4,1,1,17910.390337851994,1
7031,109648,Johnson,521,France,Male,55,7,54392.2900351434,2,1,1,110247.83494894506,1
7032,104067,Smith,591,France,Female,21,0,156265.9445572772,2,0,1,88479.14276991512,0
7033,104195,Johnson,641,France,Male,23,9,54018.886919206685,3,0,0,53941.50977669046,0
7034,109873,Brown,773,France,Male,50,1,104151.81945137322,2,1,0,61318.78617365727,1
7035,109244,Davis,641,France,Female,35,0,172325.69697677912,3,1,1,166727.07429417467,0
7036,107281,Smith,769,France,Female,36,3,115328.75758273793,3,1,1,150539.61559307645,1
7037,102509,Jones,660,France,Male,18,1,8829.6758343675,4,1,1,181757.63354975713,0
7038,105016,Brown,651,Germany,Female,32,9,4445.940484340216,3,1,0,159464.65439440592,0
7039,106533,Brown,620,France,Female,36,10,84374.90050360115,4,1,1,22290.187727875847,0
7040,104727,Brown,748,Germany,Male,49,6,21868.92019396815,2,1,1,32605.65735230871,1
7041,100681,Miller,662,France,Female,33,4,414099.7913665156,3,0,1,139551.56432065615,0
7042,103932,Smith,576,Germany,Male,49,4,1642.8405623453623,2,1,1,135669.23240043691,0
7043,105560,Garcia,683,Germany,Male,36,0,138041.5776162415,3,0,1,179694.8121093274,1
7044,104016,Williams,604,Germany,Female,57,1,4337.043165091356,2,1,0,110844.27728408744,1
7045,107339,Jones,598,Germany,Female,38,4,94384.82664362024,1,1,0,120094.57581449204,0
7046,100719,Jones,768,France,Male,31,6,54480.24707976733,3,1,1,110013.41757657801,0
7047,100074,Johnson,634,France,Female,28,0,100191.18242149119,4,1,0,139575.1157609711,0
7048,109485,Smith,850,Germany,Female,23,6,143530.9792599086,1,1,1,86040.39660607642,0
7049,104157,Garcia,723,France,Male,43,10,3376.4060619813476,1,1,1,127199.66125170885,1
7050,108511,Brown,573,France,Female,68,1,73659.88181014376,4,0,0,104049.59880821093,1
7051,102149,Williams,566,France,Female,50,1,285318.76897553203,3,1,0,189806.18706691178,1
7052,109644,Smith,525,France,Female,45,8,24562.339463614648,1,1,0,90587.60966383258,1
7053,109747,Smith,710,Germany,Male,20,7,8063.3588944916955,4,1,0,35695.64913254917,0
7054,106713,Miller,564,France,Female,21,9,147388.0485464033,1,1,0,166545.09476191644,0
7055,104207,Garcia,423,France,Male,53,3,135263.44288924543,3,1,1,106561.06631174673,0
7056,107141,Williams,484,Spain,Female,45,4,49454.96383305696,1,0,1,41849.02597420955,1
7057,108652,Brown,539,France,Female,29,8,177341.20611121965,3,1,1,186372.8735408938,0
7058,109078,Smith,683,France,Male,18,3,78504.55862912259,3,1,0,34569.957690259274,0
7059,103936,Jones,641,Spain,Female,36,9,64504.3534003511,1,0,1,24458.420119473307,0
7060,109307,Davis,744,France,Female,25,7,172515.8934377303,3,1,1,61988.75049126681,0
7061,101075,Jones,559,Spain,Female,31,4,10329.589674529145,1,0,1,134968.30496823182,1
7062,103876,Williams,617,France,Male,19,0,25347.37212329341,3,0,1,32670.522882736575,0
7063,104615,Davis,824,France,Male,51,6,58723.09616853507,3,0,1,193881.9322055762,0
7064,107265,Brown,615,France,Male,29,9,8930.463287035995,3,1,1,112392.94305218353,0
7065,106379,Williams,672,Germany,Female,46,10,548986.3583284114,1,1,1,119674.75410818485,0
7066,109118,Smith,584,Spain,Male,44,10,37619.42125243964,2,0,1,190643.03115151817,1
7067,104652,Miller,627,Spain,Female,30,2,295161.1134877688,1,0,1,99700.94705474438,0
7068,106792,Miller,697,Germany,Female,36,6,64331.30082216035,4,1,1,142733.89300031264,0
7069,109247,Jones,715,France,Male,65,7,258386.84604504358,3,1,0,18374.527532936623,1
7070,107456,Miller,661,Spain,Male,23,3,57979.15806439828,1,1,1,18531.810293758477,0
7071,104674,Johnson,624,Spain,Female,26,10,168591.20020741847,3,0,1,151570.59416348775,0
7072,100541,Williams,663,France,Male,18,5,139069.84709092282,2,1,1,188206.84308938152,0
7073,102161,Miller,576,Spain,Male,36,9,293548.9507844149,2,1,1,147849.1892841465,0
7074,102251,Johnson,628,Spain,Female,18,6,101459.71324004352,1,1,1,40695.797279921964,0
7075,109244,Johnson,683,Germany,Female,31,7,25758.624733664532,1,0,1,167494.78583951894,0
7076,104569,Garcia,748,France,Female,18,2,78067.13205492187,4,0,0,123083.5026246686,0
7077,102744,Jones,558,Spain,Male,49,6,15767.73971715629,2,1,1,23903.013834112247,1
7078,106041,Williams,632,France,Female,36,4,40777.287330253625,4,1,0,84402.58947331014,0
7079,104675,Johnson,549,Germany,Male,18,6,155678.82412396529,1,0,0,157498.47340837595,0
7080,101560,Smith,605,France,Female,24,5,1406.6395283124127,4,1,0,50458.5347986164,0
7081,101164,Miller,750,Spain,Male,31,4,96986.0729906613,3,1,1,166690.35578146222,0
7082,105419,Garcia,596,France,Male,46,2,118086.30342767129,3,1,1,119834.52757493805,1
7083,102722,Brown,640,Germany,Female,52,9,230049.584991381,4,1,1,96488.54549194194,0
7084,100470,Miller,526,France,Male,44,1,141249.87648429122,1,1,1,12022.011293287387,1
7085,109608,Miller,593,Germany,Male,43,2,51554.09080393847,4,1,1,60487.44451937558,0
7086,101468,Miller,495,Spain,Male,45,1,145063.23886590314,2,1,1,165858.0089544105,0
7087,107925,Garcia,677,Spain,Female,48,2,98210.67332019264,3,0,0,31709.498172415242,1
7088,100808,Brown,686,France,Male,39,1,88370.45820149875,3,1,0,107465.75843526993,0
7089,108363,Jones,683,France,Female,35,0,7660.328899201686,3,1,0,17426.735003349306,0
7090,106719,Williams,690,France,Female,41,8,77583.86000103992,3,1,1,60476.650688264934,1
7091,105073,Williams,683,France,Male,56,9,201813.50631318518,2,0,1,42702.223734807674,1
7092,108012,Brown,497,Spain,Male,18,4,57421.093283663846,3,1,1,90134.50909072095,0
7093,101645,Davis,571,Germany,Female,18,8,121792.97745725884,2,1,0,123776.18249592265,0
7094,108249,Miller,425,France,Female,47,7,234068.04090090372,2,1,0,94253.51491070438,0
7095,101129,Smith,603,France,Male,25,6,76393.23733878059,2,1,1,166231.4617325371,0
7096,101353,Brown,562,Germany,Female,40,5,9225.170473530441,3,1,0,43584.810583697225,0
7097,100767,Brown,646,France,Female,38,10,5577.611619680937,3,1,1,128288.35869577661,1
7098,103895,Williams,850,France,Female,71,3,159802.43734494734,2,1,1,173430.4341567589,1
7099,108874,Johnson,728,France,Male,49,9,3324.983424354251,3,1,0,124704.73935505416,1
7100,103454,Smith,802,France,Male,54,9,682846.5215674854,4,1,1,96334.71676763387,1
7101,107329,Williams,732,France,Female,34,6,13640.281109849253,3,1,1,150379.9074188397,0
7102,101790,Garcia,639,Spain,Male,26,6,149226.81116264244,3,1,0,28929.653435271135,0
7103,109669,Brown,649,France,Male,26,0,202280.88132929892,2,0,1,193489.0432713211,0
7104,100885,Davis,736,Spain,Female,57,8,36590.10479830802,4,0,1,75345.90345204371,0
7105,107734,Johnson,674,Germany,Female,46,3,78006.37362033,4,1,0,49350.4066641347,1
7106,103906,Smith,621,Germany,Male,40,6,304440.71916627395,2,0,1,192274.98946441416,1
7107,104492,Jones,792,France,Male,64,8,310454.100239282,3,1,0,12540.245175024527,1
7108,109730,Smith,694,France,Male,36,1,266086.03788664285,3,0,1,160003.3726298794,0
7109,102073,Smith,507,France,Male,27,7,32145.492545362868,2,1,1,90591.17215427395,0
7110,100312,Miller,631,Germany,Male,33,10,6138.970250414561,1,1,1,164361.23049056012,0
7111,106269,Brown,655,Germany,Male,55,3,10846.535142418026,2,1,0,173448.35183092422,1
7112,105317,Brown,609,Spain,Male,18,3,15300.74301493091,4,1,1,70933.21098860007,0
7113,100810,Jones,611,France,Female,38,2,111376.09343467985,3,1,0,179134.68612984885,1
7114,106841,Jones,608,France,Male,63,9,162169.93472370805,1,1,0,198098.0094956369,1
7115,102032,Jones,471,France,Male,45,3,5163.621637637592,4,0,1,190378.61357957075,1
7116,109699,Williams,453,France,Male,36,8,221096.62771230133,3,1,1,111142.02564561379,0
7117,107129,Williams,584,France,Male,67,0,137556.6915228248,4,1,0,49285.77424552986,1
7118,102705,Brown,609,Spain,Female,44,8,75563.0803968997,2,1,1,163742.89624812594,0
7119,108788,Brown,516,France,Female,18,10,460120.9965983065,3,0,1,188989.8280979915,0
7120,102147,Jones,547,Spain,Female,36,9,30813.807190975334,4,0,1,192747.45208757705,0
7121,100615,Williams,624,France,Male,57,8,24591.055765568166,4,1,0,175932.62586332046,0
7122,100947,Johnson,753,France,Male,41,0,40767.18240729332,4,1,0,52048.63005200442,0
7123,105677,Williams,746,Germany,Female,62,8,74764.71490572016,1,1,1,133222.37485258956,1
7124,104651,Brown,749,France,Female,22,5,48912.484942349125,3,1,1,185413.38317665536,0
7125,107866,Williams,548,Spain,Male,37,7,176902.64234278922,2,1,0,103378.24078985708,0
7126,102013,Brown,627,Spain,Male,44,7,224895.36234212172,2,0,1,165419.45030235834,0
7127,103697,Jones,773,Germany,Male,20,7,340122.76251995075,2,1,0,31284.02979079414,0
7128,100490,Miller,473,Spain,Female,38,10,170512.94667888997,4,1,0,156985.82786003832,0
7129,104350,Jones,604,France,Male,45,7,93678.03529861938,4,1,1,23788.513815685183,1
7130,102428,Jones,672,France,Female,20,0,95092.15114528999,2,1,0,115544.5098766989,0
7131,104987,Johnson,479,Spain,Female,18,0,20639.882243731765,4,1,1,92276.29906481775,0
7132,108733,Miller,692,France,Female,56,6,30545.54327505631,1,1,0,46135.33679818849,1
7133,109479,Johnson,804,France,Male,40,10,589959.7517774478,3,1,1,93927.2623440961,0
7134,109825,Brown,772,France,Male,18,8,30286.122029459777,3,0,1,147186.81621354088,0
7135,104920,Smith,632,France,Female,28,10,62899.66189354777,1,0,0,155052.40892869732,0
7136,102926,Garcia,731,Germany,Female,40,9,48663.73136499358,3,0,1,185253.96810841048,0
7137,109544,Johnson,478,France,Female,18,7,116558.08038067094,1,1,0,142981.80959883862,0
7138,107282,Brown,677,France,Male,25,10,40871.53915116864,1,1,0,199299.82468955274,0
7139,104376,Miller,619,France,Male,34,4,114869.56600739622,1,1,1,65509.458135776506,0
7140,109490,Williams,635,France,Male,34,7,323912.861351419,1,0,1,40717.89903648497,0
7141,104868,Miller,660,Spain,Female,23,8,29086.937813159053,2,1,1,29926.34506099657,0
7142,106986,Jones,688,Germany,Male,36,6,46311.08013522145,1,1,1,121724.14621074861,0
7143,106862,Jones,504,France,Male,32,10,41881.654007080695,1,1,0,76842.43703474739,0
7144,104423,Jones,551,France,Male,36,9,35718.54685017013,4,1,0,49880.3263012009,1
7145,106870,Brown,624,France,Male,43,10,31510.10511324515,4,1,0,51697.15916030271,1
7146,108159,Jones,472,France,Female,18,2,99436.76352842477,2,1,0,76950.59911132787,0
7147,102073,Johnson,663,Germany,Male,49,8,79431.62781665889,1,1,0,140865.74848142973,0
7148,106170,Williams,733,France,Male,46,4,71063.24753038876,1,1,1,124904.93798825677,0
7149,100701,Jones,789,France,Female,46,10,161237.96369655864,2,1,1,160912.96026461787,0
7150,108113,Brown,659,Germany,Female,36,7,15844.514398304516,1,1,1,71500.99863544862,1
7151,106825,Williams,838,Germany,Male,36,10,18599.871953056638,3,1,0,146149.3542758839,0
7152,107867,Jones,646,Germany,Male,37,0,71961.65542471925,1,1,1,175483.30334102898,0
7153,104264,Smith,524,Germany,Female,40,0,43653.35017697727,2,1,1,169541.51162581495,0
7154,107968,Davis,644,France,Female,50,2,19090.497276234502,1,1,0,135748.86545091102,1
7155,108146,Jones,629,France,Male,50,1,117322.5911834626,1,1,0,171632.60461552782,1
7156,107776,Garcia,701,Germany,Male,34,4,68532.79010403491,2,1,0,28213.654615409418,1
7157,108558,Miller,677,France,Male,47,10,22594.526321717683,2,0,1,101486.96627062876,0
7158,108719,Johnson,669,France,Female,46,8,30707.597318479464,3,0,1,64464.227560625135,0
7159,104886,Williams,746,Spain,Female,49,8,128392.7898531109,3,1,0,103735.3092192589,0
7160,103935,Johnson,607,Germany,Male,33,7,39671.335003570224,3,0,0,35437.33044327928,0
7161,104619,Smith,703,France,Male,58,4,22880.767547395757,3,1,0,32426.05015150814,1
7162,105191,Smith,678,France,Female,51,2,336972.9503226018,2,0,0,32327.36806885369,1
7163,106875,Garcia,661,Germany,Female,22,5,9216.428964192437,3,1,1,28872.034723054356,0
7164,107856,Johnson,643,France,Female,26,7,15889.49556630821,3,1,1,103447.91116997442,0
7165,105401,Williams,522,France,Female,61,5,126329.31345621315,2,1,1,34088.58726541455,1
7166,103022,Smith,624,Germany,Male,18,6,55462.30212025639,1,1,0,169713.8547906543,0
7167,105738,Davis,631,France,Male,38,6,139808.8857964312,1,1,1,65623.40834403787,0
7168,105984,Smith,577,France,Female,70,6,80470.03094053215,1,1,1,192087.38794411923,1
7169,101770,Jones,514,France,Female,55,8,4104.649164298142,1,1,0,118452.40448559028,1
7170,109969,Garcia,594,Spain,Female,54,8,115248.13283121296,4,1,1,130908.96936060299,1
7171,108989,Miller,602,Spain,Female,21,0,163867.8093235823,1,1,1,128894.35570986281,0
7172,103215,Brown,515,Spain,Male,50,2,80446.9589832718,4,1,0,74380.5366993737,1
7173,106694,Miller,515,France,Female,62,4,36753.26659896226,2,0,1,175433.1071455578,1
7174,102976,Davis,440,Spain,Male,34,10,1564.3570758542555,3,1,1,198592.65103980643,0
7175,103737,Miller,679,Spain,Male,39,3,237174.68065533214,3,1,1,42038.93899557211,1
7176,109903,Davis,747,France,Male,54,0,122751.35018848482,4,1,0,104298.93953865212,0
7177,100752,Smith,651,France,Male,35,0,4583.127044859442,3,0,1,106410.81194476764,0
7178,101392,Williams,609,Germany,Male,18,3,183628.71717778643,1,1,1,158994.64845333082,0
7179,106789,Williams,510,Spain,Female,18,4,5452.07617444898,2,1,1,92681.65408869403,0
7180,100677,Jones,429,Spain,Male,43,3,124297.74128620006,1,0,1,139197.63616381015,0
7181,100105,Davis,646,France,Female,31,1,118438.97685114722,4,1,1,79156.91374627432,0
7182,104753,Williams,711,Spain,Female,18,4,247870.32654751392,2,0,1,23255.90597213558,0
7183,101946,Jones,566,France,Male,27,9,18083.82897606195,2,0,0,98196.12104675599,0
7184,105544,Smith,755,France,Female,33,2,83764.4190811795,4,1,0,153773.90760261164,0
7185,101095,Smith,581,Spain,Female,31,6,78680.72289404582,1,1,1,133569.65461623788,0
7186,106985,Miller,758,Spain,Female,55,3,3560.5642542672426,2,1,1,110737.15715239554,1
7187,101782,Smith,571,Germany,Male,48,1,101696.16170713941,4,0,0,183696.15901182112,0
7188,104541,Smith,383,Spain,Male,36,10,29306.90189771205,1,0,1,102357.15046958692,1
7189,103257,Davis,712,Germany,Male,19,7,40420.32550500895,3,1,0,79877.95167883603,0
7190,106213,Brown,557,France,Female,49,9,27621.991112569656,4,1,1,86234.47517825823,0
7191,104869,Garcia,495,Spain,Female,61,1,5754.775398053016,4,0,1,147939.11530092184,1
7192,101561,Miller,698,Spain,Female,64,10,18227.531812504556,2,0,0,73560.18267935695,1
7193,104006,Miller,561,France,Female,34,6,23232.059682891468,2,1,1,132202.62471420766,0
7194,109867,Garcia,508,France,Male,47,7,86115.30537289722,3,0,1,84267.68492191737,0
7195,109314,Brown,781,France,Male,29,9,14497.52263849024,4,0,1,120055.6854409773,0
7196,103981,Smith,629,Spain,Male,26,2,253469.23871583882,4,1,1,54852.84418484002,0
7197,109493,Williams,506,Spain,Female,49,5,26368.768855012793,3,0,1,49031.442809938686,1
7198,105682,Jones,603,Spain,Female,20,3,105481.93382904796,2,1,1,113396.8908877151,0
7199,105782,Miller,850,France,Female,31,1,17147.827803335404,3,1,0,62105.208399297466,0
7200,100943,Garcia,661,Germany,Female,56,7,158539.2813729301,3,1,1,30068.57101479416,0
7201,104550,Johnson,585,Spain,Male,31,1,7419.860131440013,2,0,1,61333.12442463534,0
7202,109137,Jones,700,France,Female,23,8,133785.97579972964,4,1,1,86014.69280786646,0
7203,100600,Johnson,604,Germany,Male,68,8,49949.90719329178,1,0,0,71646.15575997243,1
7204,106376,Johnson,599,Germany,Male,47,10,62645.96663586176,2,1,1,126127.71439552547,0
7205,109609,Davis,584,Germany,Female,18,7,45620.98874315409,2,0,1,78948.22321002185,0
7206,101524,Miller,735,Germany,Male,44,9,51424.38718108793,1,1,1,47692.6222054588,0
7207,103766,Smith,669,Spain,Male,37,2,533.9435595461936,3,0,0,183088.9726773338,0
7208,100250,Davis,792,France,Female,51,7,2649.7318910246922,2,1,1,120555.21137971949,1
7209,109736,Johnson,680,France,Male,46,4,157956.96002978933,3,1,0,54593.30447021105,0
7210,100078,Smith,802,Spain,Female,38,9,24014.350600864553,4,1,0,74045.78597968185,0
7211,103123,Brown,715,France,Female,42,4,93470.26186845804,3,1,0,118929.00026543265,1
7212,109089,Williams,624,France,Male,43,1,105936.87375577194,1,0,1,35900.645893135195,0
7213,107064,Johnson,636,France,Female,45,2,119726.59767857374,2,0,1,83970.9895130866,0
7214,108417,Miller,832,France,Male,33,7,90966.69780321959,4,0,1,46689.950089148304,0
7215,101209,Williams,780,Spain,Male,18,0,99097.87764404793,1,1,0,80262.03814522139,0
7216,105153,Smith,804,Germany,Male,35,3,87108.96684648449,1,1,1,93677.4655151885,0
7217,104898,Johnson,549,Germany,Male,32,5,263357.36649076204,4,1,1,115190.14574653364,0
7218,102178,Jones,462,Germany,Male,38,8,109238.73490810623,1,0,0,15858.255398364197,0
7219,107610,Davis,565,France,Male,55,7,43530.84670871117,2,1,1,142135.13706496352,1
7220,108895,Miller,666,France,Female,60,9,44104.52126085307,4,0,1,183383.28761436907,1
7221,102544,Brown,585,Spain,Male,49,4,8295.427315858766,2,1,1,68483.10567555703,1
7222,105522,Garcia,652,France,Male,51,6,480182.7394689948,1,1,1,31144.00512021359,1
7223,102370,Brown,604,France,Female,37,7,221425.9439380089,2,1,1,181535.793599929,0
7224,103281,Davis,473,Germany,Female,33,8,4402.388536453353,4,1,1,91963.5875935524,0
7225,104710,Johnson,692,France,Male,50,2,197890.1081391392,2,1,1,141187.36378269107,1
7226,100328,Davis,653,France,Female,53,10,14899.216931091309,4,0,0,127233.27812305123,1
7227,105579,Miller,782,France,Male,53,7,27318.62372800449,3,0,1,172707.91649606932,0
7228,104228,Brown,665,Spain,Female,36,2,114189.21632795446,3,1,0,103416.63684833232,0
7229,106794,Garcia,728,France,Female,40,0,131012.79344175853,1,1,1,143857.80565358605,0
7230,100120,Jones,568,France,Female,68,3,70471.32874981633,1,0,0,20418.457441820123,1
7231,106749,Williams,684,Spain,Male,18,6,343403.661906472,3,0,1,13444.656529802547,0
7232,100964,Davis,730,Spain,Female,53,8,67258.9898977225,3,0,0,158138.3115217025,1
7233,104224,Jones,705,Germany,Female,33,9,29889.17088990291,3,1,1,156588.37842570333,0
7234,103675,Brown,627,France,Male,33,6,910.1182794652468,2,1,1,40330.398709034125,0
7235,105694,Garcia,685,France,Male,34,9,201967.03551873015,3,1,1,127887.47440227492,0
7236,102076,Williams,712,France,Female,18,10,50303.86106495391,1,0,0,74610.88733325539,0
7237,106865,Miller,770,Germany,Female,35,4,152572.95697679874,3,1,1,48564.87787034653,0
7238,105643,Garcia,593,Germany,Female,58,0,148657.33725033165,4,1,0,188343.78278331322,1
7239,108524,Jones,538,France,Male,34,0,4454.424622201509,3,1,0,187550.62249467213,0
7240,105249,Smith,566,Germany,Male,36,8,172358.10650508344,3,0,1,138786.8968166398,0
7241,101316,Smith,664,Germany,Female,25,3,34129.07595699865,1,1,1,198945.0165363059,0
7242,101196,Williams,650,Spain,Male,39,2,184030.39533084,1,0,1,44917.94243128866,0
7243,103170,Davis,712,Germany,Female,18,10,67761.23423821472,4,1,0,167622.09232485993,0
7244,109621,Williams,733,Germany,Female,27,4,89548.60292627987,1,1,0,117287.60795406895,0
7245,100355,Williams,461,Spain,Male,44,6,10688.453894190365,1,1,1,45792.392978473865,1
7246,109718,Smith,601,France,Male,19,6,47688.96370718199,4,1,1,129251.19729198837,0
7247,100028,Jones,671,France,Male,20,4,353681.89917153306,3,1,0,198502.13883171228,0
7248,101013,Davis,761,Spain,Male,31,7,260221.11170190322,1,0,1,53454.66522612415,0
7249,109019,Williams,644,France,Female,46,4,515012.6922118273,3,0,1,99757.45890472995,0
7250,102024,Smith,786,France,Female,54,9,71379.00647594304,3,0,1,30098.553972226608,1
7251,108490,Williams,705,Spain,Male,39,3,170525.65315006065,2,1,0,61184.12352193715,1
7252,105839,Williams,688,Germany,Female,34,5,60705.94781220114,1,0,1,67379.47085267345,0
7253,105791,Davis,638,Spain,Male,45,2,283704.26804325863,1,1,0,119635.15694798499,1
7254,100754,Davis,647,Spain,Male,35,3,426801.9650324606,2,0,1,24153.419070385895,0
7255,108961,Garcia,683,France,Female,50,7,210203.78519408923,3,0,1,178163.4955057598,1
7256,103735,Williams,630,Germany,Male,61,9,97064.99438839506,4,1,0,192450.58598689034,1
7257,101238,Smith,761,Spain,Female,36,9,450568.1094026108,1,1,1,139739.4395180225,0
7258,101906,Jones,737,France,Male,21,2,411921.4420109668,3,1,1,137833.16534733053,0
7259,107399,Smith,769,Germany,Female,38,10,64450.76318166214,4,0,0,68145.06284471504,0
7260,107961,Smith,546,Germany,Male,69,9,36207.72436821659,4,1,0,179811.1901281143,1
7261,109756,Williams,542,France,Female,43,2,20754.182447516163,2,1,0,166169.36068041978,0
7262,109410,Garcia,698,France,Male,24,5,113014.1397396929,1,0,1,33873.09126366123,0
7263,104601,Johnson,641,France,Male,39,7,3541.7510802780107,3,1,1,146583.13840356024,0
7264,109549,Miller,675,France,Male,37,9,144319.41994143053,3,1,1,35256.74042190039,1
7265,101460,Johnson,538,Germany,Female,26,1,5268.41935054396,2,1,1,56171.19599617557,0
7266,107669,Johnson,504,Spain,Male,57,0,30839.09530221663,3,0,0,166223.24577815368,1
7267,101416,Smith,673,France,Male,48,9,68914.97557666327,4,0,0,101335.4730213981,1
7268,107766,Williams,574,France,Male,56,0,10251.227717457083,2,0,0,97010.09315066466,1
7269,101428,Davis,721,Germany,Male,18,6,3697.2817646089597,2,1,1,59418.27692219067,0
7270,104378,Miller,588,Spain,Male,43,1,65354.64580514043,4,1,0,127985.4715329924,0
7271,107529,Johnson,561,Germany,Female,40,8,217821.2582569929,2,1,1,38207.54200264745,0
7272,104474,Brown,423,Spain,Female,24,9,52477.99091846421,1,1,1,161768.59093091488,0
7273,103071,Brown,774,Germany,Female,45,3,22349.279252382636,2,1,0,112066.16990038885,1
7274,100555,Brown,719,Germany,Male,24,6,52484.1186401541,1,1,1,170790.7987784036,0
7275,108547,Jones,500,France,Female,18,4,128241.90634512305,3,1,1,104730.76599876524,0
7276,101563,Williams,450,France,Male,49,4,4224.241801796461,4,1,1,66850.94953343263,0
7277,101040,Smith,590,France,Female,36,6,3122.800694968514,1,1,0,13837.30088908751,0
7278,102686,Smith,744,France,Female,18,8,62135.123443555785,3,0,0,89142.45586269427,0
7279,102553,Williams,597,France,Female,60,3,112915.67597478564,2,1,0,189857.7298171297,1
7280,101779,Garcia,629,Germany,Male,39,8,95128.90050223364,1,1,0,169140.65172128216,1
7281,100075,Davis,749,France,Male,26,8,101561.74680477014,1,1,1,199698.90622649886,0
7282,104326,Miller,551,France,Male,18,10,18118.371102031626,1,1,1,41090.887384431844,0
7283,105835,Garcia,581,Germany,Female,22,7,77378.3231504223,4,1,1,131723.01085873728,0
7284,105057,Davis,671,France,Male,18,0,47469.097389528804,2,1,1,36762.89764656694,0
7285,102349,Jones,621,France,Male,64,9,11709.056623176373,2,0,0,182113.87549648373,1
7286,102773,Williams,562,Spain,Female,68,10,13703.771879075994,4,1,1,77134.27169904529,1
7287,102262,Garcia,720,France,Female,57,10,103660.5323651965,1,1,0,179942.3943759942,1
7288,103229,Miller,701,France,Male,18,8,315169.94713960786,2,0,1,49846.64657662634,0
7289,100392,Jones,733,France,Female,47,2,11238.48468209646,4,1,0,41591.00622539542,1
7290,101108,Johnson,634,Spain,Male,74,7,68297.99090735588,2,1,0,45290.5393905105,1
7291,104362,Johnson,473,Germany,Female,26,4,28492.112435698695,1,1,0,158503.26550635893,0
7292,105188,Jones,651,France,Male,37,5,33074.02199090083,2,1,1,174267.22292969737,0
7293,108802,Davis,532,Germany,Male,65,2,25418.83253963969,4,1,1,19185.588509131765,1
7294,105057,Williams,447,France,Female,44,10,78897.8752384743,3,1,1,39573.26537732222,1
7295,103998,Johnson,622,France,Female,49,6,5838.467043830023,1,1,0,12198.755933169658,1
7296,108864,Williams,660,Germany,Male,28,1,135672.542606429,2,0,1,22989.20470957243,0
7297,106566,Garcia,809,France,Female,18,2,93325.87618029599,4,1,1,28510.787694795574,0
7298,103677,Johnson,529,France,Male,46,1,48585.822212571125,3,0,0,67104.51748372658,0
7299,105796,Miller,717,France,Female,31,10,24570.90883757263,1,1,1,51704.448961978895,0
7300,106363,Miller,490,Spain,Male,29,8,76855.91560510383,4,1,1,136323.38882682106,0
7301,108123,Garcia,777,Spain,Female,27,10,310449.33706042805,3,1,0,199525.52517708382,0
7302,108222,Miller,579,Germany,Male,51,2,123136.50476295783,2,1,1,136102.19449355442,1
7303,107690,Williams,616,Spain,Female,46,7,32760.951969519458,3,0,1,11693.946567315981,0
7304,101400,Davis,617,Germany,Male,67,5,135835.95564517946,3,0,1,36059.98839392602,1
7305,104071,Williams,725,Spain,Male,56,0,70126.18218582102,1,1,1,32200.253664024505,1
7306,108808,Davis,504,France,Female,41,10,4920.877288690292,1,1,1,90259.92407189585,1
7307,102786,Miller,632,Germany,Female,40,5,96112.10372961014,3,1,1,63984.52905275443,0
7308,107169,Brown,585,Spain,Male,54,7,26643.55862172431,3,1,0,193222.63535639556,1
7309,100870,Jones,850,Spain,Male,41,9,52705.47083500017,3,0,1,43510.29032071398,1
7310,104196,Davis,541,France,Female,57,2,65098.38683248582,2,0,1,137017.92876337128,1
7311,109604,Smith,391,France,Female,41,6,160598.3280953293,4,0,0,42336.67134381816,0
7312,102739,Jones,819,Spain,Male,49,5,86766.34932718221,2,1,0,113772.96701697439,1
7313,100940,Miller,699,Germany,Male,61,0,41566.15376331196,2,1,1,16272.65548896769,1
7314,100340,Williams,571,Spain,Male,18,1,107074.98707532306,1,1,0,20689.86537263018,0
7315,107422,Davis,646,Spain,Female,60,10,21331.08998891179,1,1,0,17548.689933487996,1
7316,104133,Williams,569,Spain,Female,61,4,173043.50769654752,4,1,1,41022.2420689233,1
7317,100659,Jones,454,France,Male,35,6,22493.3014782099,1,1,1,12349.407358038274,0
7318,109752,Davis,633,France,Female,40,3,81764.93536095225,1,1,0,104341.83195938398,1
7319,103457,Williams,632,Germany,Male,34,5,22957.436460508285,3,1,1,84656.4084203218,0
7320,109848,Garcia,683,Spain,Male,30,1,39387.705021977396,1,1,0,23339.15822142038,0
7321,102975,Johnson,552,Germany,Female,58,4,54902.68690965467,4,1,0,26307.791263476207,1
7322,109241,Williams,572,France,Female,18,9,45794.7852729431,4,1,0,157521.5673046308,0
7323,100453,Davis,612,Spain,Female,41,2,271608.0554443498,1,1,1,16212.105983105517,0
7324,109896,Miller,551,Germany,Male,19,0,25294.671951810826,3,0,1,184927.0783657971,0
7325,108184,Miller,763,Spain,Female,31,5,19863.36822399872,4,0,0,81450.06891312593,0
7326,105442,Jones,734,France,Female,22,8,72884.96788984686,3,0,1,38647.747650510915,0
7327,100818,Jones,598,France,Female,40,9,297428.38057757897,2,1,0,173780.9935757698,0
7328,104868,Jones,703,France,Male,47,7,69982.70541958278,3,1,1,78362.16530519862,0
7329,100012,Miller,526,France,Male,56,3,320335.87648493994,3,0,1,119176.4358789155,1
7330,107727,Brown,603,Spain,Male,39,7,21115.989772366233,1,1,1,104548.41031726773,0
7331,100920,Davis,796,France,Female,68,10,1030.933880121765,3,1,0,124238.39364277937,1
7332,104920,Miller,714,Spain,Male,32,4,36089.12553808993,2,1,0,45255.72974652934,0
7333,102418,Garcia,678,Spain,Male,50,2,101665.9597090808,3,1,1,86213.57237100622,0
7334,109506,Miller,614,France,Male,59,3,89661.06853519441,2,1,1,67233.38187648615,1
7335,106475,Garcia,645,Spain,Female,34,6,27670.845646652142,1,0,0,157884.33703253983,0
7336,102017,Miller,503,France,Male,47,4,108345.02693087034,4,1,0,159114.37589977527,1
7337,107957,Miller,617,Spain,Male,18,3,177341.27095334104,3,1,1,198906.05746897124,0
7338,109420,Brown,687,France,Male,56,2,116217.96647579885,2,1,0,199686.19586399407,1
7339,104792,Garcia,647,Spain,Female,26,2,130142.96545022097,2,1,1,29815.090590533073,0
7340,106830,Brown,647,Germany,Male,62,9,36760.12575928175,1,1,1,99030.5266713289,1
7341,102434,Garcia,584,Spain,Male,38,5,75333.9555000051,3,1,1,152557.34159844523,0
7342,102868,Brown,559,Germany,Male,53,7,4364.400773484892,1,1,1,138005.81024552239,1
7343,101438,Brown,550,Germany,Female,30,3,44485.272357799375,4,0,1,102996.55001361469,0
7344,103543,Garcia,624,France,Female,86,0,169131.3871454477,4,1,1,30305.900394070024,1
7345,101781,Brown,723,France,Male,42,3,156116.9746942859,2,0,1,99901.49519625795,1
7346,106343,Miller,564,France,Male,74,4,282683.4406630214,1,1,0,191760.74092646575,1
7347,102263,Garcia,654,Spain,Male,39,7,346615.9109856004,2,1,0,94116.8826180972,0
7348,100211,Brown,651,France,Female,34,6,359986.23862557777,3,1,1,16941.240268310667,0
7349,108699,Miller,743,Spain,Female,49,1,17124.0738959135,2,1,0,87153.9835494613,1
7350,106159,Miller,651,Spain,Female,57,8,12855.362470680748,4,1,1,99736.48708103846,1
7351,107027,Jones,501,France,Female,52,2,208009.9927461473,3,1,0,150845.68855187032,1
7352,100331,Smith,850,France,Male,47,8,48310.91517612712,2,1,0,54543.33859518319,0
7353,106860,Garcia,747,Spain,Male,39,0,44189.57695372812,1,0,1,121173.15275046525,0
7354,108044,Brown,698,France,Female,52,8,76286.65538511709,1,1,0,44260.9732509559,1
7355,108169,Jones,592,France,Female,45,6,60040.84036575458,2,0,0,127643.0750915267,0
7356,108742,Smith,618,France,Female,37,1,25236.70473783516,2,1,0,109925.84565467596,0
7357,105720,Davis,507,Spain,Male,36,9,186183.27869425292,4,0,1,173513.83358461675,0
7358,109133,Davis,616,Germany,Female,60,6,239976.83947412457,4,1,0,98676.9450536992,1
7359,100727,Brown,667,France,Female,19,0,137636.92477765717,1,1,0,65377.45494828688,0
7360,104975,Davis,647,France,Female,52,10,4926.600095536004,1,1,0,111631.64192926582,1
7361,103243,Smith,825,France,Female,50,2,12546.859087281731,2,1,1,116992.40268431495,0
7362,100648,Garcia,717,France,Female,72,6,42466.49001809154,4,1,1,28958.15153970914,1
7363,105095,Miller,747,Spain,Male,18,2,81353.16764328167,2,1,0,119025.77292034487,0
7364,106614,Miller,704,Germany,Female,18,1,94036.46704638116,4,1,1,142379.2378690938,0
7365,107135,Smith,666,Germany,Female,25,4,10535.523825480082,1,0,1,178237.4475748429,0
7366,101009,Davis,695,France,Male,29,2,322492.54405677743,3,1,1,51821.00874362922,0
7367,101550,Miller,451,Germany,Female,53,8,75410.89291705616,4,0,0,97551.77917691322,1
7368,108995,Davis,623,France,Female,19,6,56518.865223125205,4,1,0,22582.52396694664,0
7369,107492,Johnson,510,Spain,Female,34,10,21210.20333498694,3,0,1,42504.00722854453,0
7370,103401,Williams,532,Spain,Male,28,0,301274.5860602546,4,1,1,185903.97808752512,0
7371,107447,Miller,769,France,Female,34,0,59311.332894884246,3,0,0,188392.0894678888,0
7372,105424,Johnson,542,France,Male,59,5,12532.0010539192,3,1,0,19366.84262231061,1
7373,104241,Garcia,517,Spain,Male,47,3,95286.36927042525,1,1,1,112256.56699261503,0
7374,103161,Garcia,688,France,Female,29,0,43101.74859122094,2,1,0,37492.88202707267,1
7375,104155,Smith,643,Germany,Male,18,8,165024.09956710803,3,0,1,144325.55952871672,0
7376,107478,Miller,694,Germany,Female,47,1,78848.193593358,4,1,1,129020.42093165666,0
7377,108719,Davis,825,France,Male,29,0,11171.309875705569,4,1,0,108906.81799399134,0
7378,109215,Miller,707,Germany,Male,34,2,138871.92685602236,4,0,0,109501.66042324124,0
7379,106617,Davis,494,Germany,Male,35,9,36336.385083932226,1,1,1,127637.02654439743,0
7380,105660,Davis,743,Germany,Female,55,0,52466.09007373482,4,1,1,94546.55222048078,1
7381,108624,Miller,628,France,Female,33,3,149452.24777817653,3,1,0,149481.09182045312,0
7382,101176,Davis,666,Spain,Male,32,3,11255.655470141306,2,1,0,145772.87808919005,0
7383,107956,Jones,484,France,Female,25,5,380672.58617749414,1,1,1,75230.65292820956,0
7384,108592,Brown,700,France,Male,27,2,121095.14941629271,2,1,0,147302.47180875114,0
7385,102233,Williams,519,France,Female,52,8,21392.83413601166,2,1,1,76190.41527403695,1
7386,104700,Miller,703,Spain,Male,39,5,5988.293249718335,1,1,0,122399.12337245066,0
7387,105906,Brown,577,France,Female,36,6,78643.75141917921,2,1,1,51436.476350481214,0
7388,107860,Jones,722,Spain,Male,19,5,47683.96644791175,2,0,1,71065.85614344988,0
7389,107526,Davis,520,Germany,Female,23,8,2994.88792157752,3,1,1,52730.976326953256,0
7390,105559,Davis,493,Spain,Female,47,1,93960.73439269105,4,1,1,197918.33653533674,0
7391,106732,Garcia,595,Germany,Female,35,10,36925.13798021453,4,1,1,126808.89182568315,0
7392,102513,Williams,676,Germany,Female,35,7,38858.23785946568,4,1,0,138648.98600276271,0
7393,107830,Johnson,535,Spain,Female,44,4,17694.22154347933,4,0,1,131718.26247830296,0
7394,109965,Garcia,670,Germany,Male,48,1,15126.282076033614,2,1,1,16962.72643399224,0
7395,106944,Garcia,737,Spain,Male,49,6,15588.453816192874,4,1,0,146953.9862154305,0
7396,107910,Davis,517,France,Female,34,4,217208.3301134562,2,0,0,158349.83949975765,0
7397,105649,Smith,670,France,Female,37,7,76159.28244035968,2,1,0,75750.8827905602,0
7398,101096,Jones,703,Spain,Male,46,9,63379.59123248164,3,1,0,122095.26644120233,0
7399,109120,Smith,630,Spain,Female,18,10,121897.73510053533,2,1,1,16780.051457624213,0
7400,101951,Smith,641,Spain,Female,41,5,38532.096290104615,2,1,0,51595.16890989099,1
7401,109746,Brown,509,Germany,Female,49,6,172723.3541801328,3,0,0,47785.53073047814,0
7402,109186,Garcia,693,Spain,Female,28,10,21964.41171732334,3,1,1,59860.57404342694,0
7403,107799,Davis,656,France,Male,19,0,162284.5030679048,1,0,0,83539.96545743197,0
7404,108804,Jones,665,France,Female,60,1,5767.920853486791,1,0,0,52726.19287363493,1
7405,100595,Smith,850,France,Male,27,8,17059.786529157762,2,0,1,54662.422602027524,0
7406,107875,Davis,629,Spain,Male,38,6,223170.3061520514,3,1,1,191752.76438873578,0
7407,109033,Davis,682,France,Male,43,6,11542.025084959376,1,0,1,59278.2025646322,1
7408,104439,Davis,778,Spain,Male,25,3,28177.60683991904,1,1,0,118384.06899733678,1
7409,105972,Johnson,645,France,Female,18,3,4363.532356569321,3,1,0,132582.02267561882,0
7410,100858,Williams,578,France,Male,43,2,91295.76319517601,2,1,0,70060.11850666729,0
7411,105519,Davis,689,Germany,Female,18,9,39706.66308980473,2,0,1,24475.60384407073,0
7412,107385,Miller,581,Germany,Female,49,3,100372.01111369452,3,1,1,100817.34577713019,0
7413,108636,Jones,769,France,Male,36,9,8968.465035476562,4,1,0,197943.9307055138,1
7414,109980,Brown,701,France,Male,71,5,50270.10039600116,2,0,1,65368.56681575853,1
7415,104317,Jones,563,France,Female,41,10,46470.13319327076,3,0,0,12420.483786771387,0
7416,103454,Garcia,525,Germany,Female,28,2,76966.53432188895,2,0,0,161703.71730581508,0
7417,101030,Brown,665,France,Male,50,9,34960.45133763954,4,0,0,58950.86888148081,1
7418,109487,Williams,675,Germany,Male,55,7,418355.52357086894,1,0,1,171839.46319628984,0
7419,107906,Davis,525,France,Female,18,0,37984.18988231659,4,1,1,59716.4237354325,0
7420,101447,Johnson,728,Germany,Male,45,5,119194.94712857588,3,1,1,175783.52897684823,1
7421,102850,Smith,716,France,Male,44,1,45618.01644551194,2,1,0,183774.4332907401,0
7422,108106,Jones,684,France,Female,53,10,76278.45370302456,2,1,1,120999.98018251719,1
7423,107151,Brown,725,France,Female,23,0,25704.68037934029,3,1,1,168692.58192382063,0
7424,109503,Davis,551,Spain,Female,49,3,18969.814285123593,2,1,0,174925.75194638342,0
7425,106952,Williams,556,Germany,Female,45,5,358963.91163820616,1,1,1,77437.25346262864,1
7426,104055,Smith,624,Spain,Female,35,6,77857.2767295369,2,1,0,135647.8344903682,0
7427,105402,Miller,586,Spain,Female,79,10,61769.01068088999,1,1,1,125495.50204376888,1
7428,109281,Williams,700,Germany,Male,21,0,102603.11532000056,2,1,1,92317.10638339954,0
7429,101672,Johnson,730,Spain,Female,35,2,25289.767607587688,1,0,1,154166.0525257929,0
7430,104532,Smith,579,Germany,Female,25,5,172581.87446961328,1,0,0,100442.9598580127,0
7431,104924,Smith,563,Germany,Female,44,5,28533.267900154246,2,1,0,61932.190051749065,1
7432,106085,Miller,735,Germany,Male,64,9,78204.32868600634,2,1,0,63835.963657659326,1
7433,107734,Davis,551,France,Male,60,5,13602.641863890158,4,0,1,11692.40722763108,1
7434,104864,Smith,621,France,Female,18,6,85464.54306941453,3,0,1,25781.320789454454,0
7435,109316,Brown,549,Germany,Female,62,10,65962.79371238232,1,0,1,38188.88739719885,1
7436,101221,Smith,590,Germany,Male,31,6,32940.26016813555,4,0,0,145127.1762349219,0
7437,102860,Williams,499,France,Male,28,9,36748.44518186967,3,1,0,33613.24825224046,0
7438,108428,Brown,778,France,Female,41,7,985.9929287957373,2,1,1,52979.59911273409,1
7439,109336,Smith,751,France,Male,34,10,2769.666278014822,3,1,0,101229.14039953698,0
7440,103253,Williams,569,Spain,Male,33,1,91843.68384427801,1,1,1,74729.14254789762,0
7441,103782,Williams,696,France,Male,27,9,126718.20098527003,4,1,1,158872.40195840757,0
7442,106957,Jones,506,Germany,Female,43,0,79164.6594786597,4,1,0,30697.352969887346,0
7443,100766,Williams,712,Spain,Male,57,9,8546.118727749432,1,1,0,196552.64127351734,1
7444,102681,Miller,561,France,Male,41,6,282802.04140533373,3,0,0,167042.9431583328,0
7445,107710,Garcia,771,Spain,Female,37,0,124977.99982055012,1,1,0,105369.52103984672,0
7446,107482,Johnson,701,Spain,Male,48,1,27098.854603920237,3,1,0,35484.7835105627,1
7447,105086,Smith,613,France,Male,58,0,111318.01543658401,1,1,0,29738.544293217237,1
7448,107964,Miller,609,France,Male,40,0,11817.302372654209,3,0,0,41517.03391587076,0
7449,102665,Smith,664,France,Female,36,2,151135.19513017425,4,1,1,45473.738968192956,0
7450,109951,Smith,557,France,Female,48,3,65570.53551904894,2,1,1,153701.32409054917,1
7451,103513,Williams,762,Spain,Female,28,4,52656.29082263006,1,1,1,194800.02424315526,0
7452,100495,Williams,680,France,Male,18,4,918.8399927060525,4,1,1,153969.0644173722,0
7453,105822,Smith,746,Spain,Male,48,1,105692.11046246767,1,0,1,156324.589000603,1
7454,102072,Garcia,405,France,Male,32,10,176609.90298078262,1,0,0,189975.3584697825,0
7455,107795,Brown,651,Spain,Female,31,2,34009.473712773375,3,1,1,30047.23256932028,0
7456,108529,Brown,674,France,Female,18,7,1183.8471413181815,1,1,0,30290.72462719846,0
7457,103949,Johnson,649,Germany,Male,27,1,149306.27606481002,2,0,1,180381.61396410948,0
7458,106033,Jones,652,France,Female,33,3,100968.0431294291,2,1,1,115462.5931156521,0
7459,108328,Davis,617,France,Female,60,6,150008.45538388402,1,0,0,58328.09468364999,1
7460,102555,Miller,850,France,Male,65,8,77287.59135587013,2,1,1,49275.520400193884,1
7461,106370,Johnson,674,France,Male,36,2,61793.809418665216,1,0,1,125941.69827134827,1
7462,104415,Davis,662,France,Female,47,2,24764.02434827418,3,1,0,131553.7772978481,1
7463,105959,Smith,743,Germany,Female,21,6,8211.949630780095,4,1,0,154525.53090904994,0
7464,109107,Miller,594,France,Female,40,7,63760.960413221415,3,0,0,133323.68501987867,0
7465,105993,Smith,521,Germany,Male,32,3,202797.02624885013,3,0,0,147386.8074861006,0
7466,105021,Smith,740,Germany,Female,18,0,6118.040637294617,1,1,0,146114.71816816536,0
7467,102907,Jones,616,Spain,Male,55,4,451852.8796757441,4,1,0,21297.67133383801,1
7468,102914,Williams,786,Spain,Female,41,10,293730.8482493266,3,0,1,145610.51645011743,0
7469,103870,Jones,779,Spain,Female,49,3,102370.37711350205,4,1,1,41630.04414948555,0
7470,109190,Johnson,417,France,Male,33,10,245586.20715671475,2,1,1,105925.15933749806,1
7471,105085,Williams,657,France,Male,18,7,80637.84270874268,1,0,1,59080.738069910396,0
7472,106546,Williams,757,Germany,Female,18,6,51849.510047704614,2,1,1,139810.85933708373,0
7473,100395,Johnson,474,Germany,Female,52,1,84790.9152920279,3,1,1,68380.45109611447,1
7474,100938,Williams,686,France,Male,35,5,209196.70290854044,1,0,0,183496.29609480905,1
7475,109828,Miller,715,Germany,Female,48,3,315874.0663482434,2,1,1,20602.575634923953,0
7476,102510,Brown,644,France,Male,32,6,182069.85762869602,4,1,1,100557.63893368545,0
7477,104636,Johnson,645,France,Male,40,8,19806.284072820672,2,1,0,92123.53581562909,0
7478,101649,Davis,769,Germany,Female,39,6,89584.47363081889,4,0,0,47623.17937644272,1
7479,103690,Johnson,500,France,Male,25,1,58834.66864162833,3,1,0,24760.78102037439,0
7480,103435,Brown,733,France,Male,42,7,65636.14719090096,4,0,0,54105.16276707626,0
7481,103201,Jones,695,France,Female,62,5,55903.31998807634,3,0,0,36004.76036213164,1
7482,104179,Jones,780,France,Female,31,8,6994.734699909787,2,0,1,46631.269338383674,0
7483,108405,Jones,555,France,Female,18,6,187016.47700245745,3,1,1,173395.1559633442,0
7484,103237,Williams,797,France,Female,49,4,383352.83366785356,1,1,1,148100.7061964665,0
7485,103862,Brown,511,France,Female,18,7,23538.381774593785,1,0,0,38292.42311632676,0
7486,100058,Miller,616,France,Female,24,6,97274.36351905472,2,0,1,181422.4518295779,0
7487,104938,Johnson,533,France,Female,34,0,76909.93549764967,1,1,1,178748.05233932263,0
7488,102971,Johnson,722,France,Female,48,10,226813.6808364923,2,1,1,59036.63995766273,0
7489,109719,Johnson,573,France,Female,46,4,121773.96774648149,4,0,1,20604.245090820856,0
7490,108314,Williams,763,Spain,Male,34,6,138494.27594102395,2,1,1,142230.63697540906,0
7491,109628,Williams,481,Germany,Female,19,9,303456.0537750308,2,0,1,121375.02446591116,0
7492,109354,Garcia,605,Germany,Male,79,6,108908.75673739181,2,1,1,82258.59596597303,1
7493,103345,Miller,828,Germany,Female,41,10,60432.63542335472,4,1,1,20633.197350375995,1
7494,102486,Jones,573,France,Female,51,2,5330.170027403333,3,1,0,36076.7022444358,1
7495,100561,Davis,755,Spain,Male,46,4,236834.24622842154,1,1,1,124847.81653922678,1
7496,103981,Garcia,719,France,Male,61,7,89093.33708877517,1,1,1,138101.44148319116,1
7497,106261,Garcia,519,France,Male,23,8,114669.9296551704,3,1,1,50472.687030748835,0
7498,101737,Williams,671,France,Male,44,8,70379.77751095763,4,1,1,95916.10732001263,1
7499,109096,Jones,802,Spain,Female,34,9,50025.374549427084,3,1,1,176410.1220999636,0
7500,103554,Jones,609,Spain,Female,22,4,70095.24912710878,3,1,0,56856.81335923674,0
7501,109918,Johnson,581,Spain,Female,58,1,4971.974616523233,4,1,0,176524.8931432901,1
7502,109126,Williams,682,France,Female,24,7,159905.4011752993,4,0,1,65941.09281207525,0
7503,107095,Jones,628,Spain,Female,46,6,17194.040735509516,3,0,0,173300.21692690652,0
7504,108266,Davis,500,France,Female,64,3,40445.90458952406,2,1,0,120469.81496751153,1
7505,100294,Garcia,627,Germany,Male,63,4,9101.353566039083,4,1,1,153560.50623391193,0
7506,108212,Brown,601,Spain,Female,25,9,171450.0404059113,4,1,1,75727.30520158741,0
7507,109230,Brown,636,Spain,Male,53,10,18433.612489677616,3,0,0,37785.1553934079,1
7508,105330,Williams,409,France,Female,47,10,50902.629644842964,4,0,1,39602.702852751914,0
7509,104655,Johnson,686,Germany,Female,21,9,53695.99388200374,1,1,0,42599.08240542465,0
7510,101109,Johnson,486,France,Male,18,1,38042.074951542825,4,1,0,49496.681738947824,0
7511,103771,Jones,724,France,Female,39,8,196700.85595109384,2,1,0,177870.90103269913,0
7512,108563,Davis,757,Germany,Female,57,5,147745.3002046981,1,1,1,103810.31530846075,0
7513,106123,Miller,451,France,Male,82,8,136131.98703765325,1,0,0,53168.82439655721,1
7514,107647,Williams,779,France,Male,29,7,25504.32738309672,1,0,0,129833.14105202725,0
7515,101174,Miller,638,Germany,Female,41,0,21012.833459693913,4,1,1,27313.267685058556,0
7516,101164,Brown,757,Germany,Male,23,8,28315.108877583156,3,0,1,46223.94749068814,0
7517,109284,Garcia,743,France,Male,62,8,48802.4641816987,1,1,1,115900.10679733261,0
7518,109475,Jones,505,France,Male,43,3,65153.813990465525,4,1,0,102887.06991373759,1
7519,109037,Garcia,564,Spain,Female,45,0,28791.35193212582,4,0,0,53497.68856116099,1
7520,108712,Miller,811,France,Male,40,3,61205.03848252663,1,1,0,20458.329299362595,0
7521,104466,Jones,525,Germany,Female,26,5,20380.854447403388,1,1,1,124980.39502867598,0
7522,105538,Smith,686,Spain,Male,52,3,31327.515561056658,3,0,0,178429.28572770447,1
7523,107111,Garcia,574,Germany,Male,54,8,30210.94975570063,1,1,1,156433.3512338767,0
7524,108434,Williams,559,France,Male,58,3,129871.99886387844,3,0,1,49507.77122526709,0
7525,102800,Garcia,648,France,Male,54,9,61340.3381301328,2,1,1,142987.89218135833,0
7526,104607,Garcia,850,Germany,Female,24,7,95507.55540653071,1,1,0,55192.2688620368,0
7527,107262,Jones,726,Spain,Female,36,1,110656.33023930743,3,1,0,155656.82962609347,0
7528,101541,Brown,544,Germany,Female,45,6,7097.42696346446,2,1,1,153934.4261056871,1
7529,102765,Miller,669,France,Male,29,7,158395.7734215393,1,0,0,53222.29390469283,0
7530,104491,Smith,464,France,Male,21,5,33403.59974271689,2,1,1,15305.270648791015,0
7531,103083,Garcia,424,France,Male,34,9,71284.49276418955,1,1,0,110090.39205152255,0
7532,105356,Davis,666,Germany,Female,41,5,41307.43962090707,1,1,0,130491.67867029509,1
7533,101857,Miller,721,Germany,Male,89,7,148540.14868571918,4,0,1,63119.17006648698,1
7534,100769,Davis,806,France,Male,58,2,25910.288685693155,2,1,0,90371.24552200601,1
7535,101422,Miller,687,Spain,Female,28,1,331773.39507468074,4,1,1,98033.0173873211,0
7536,108598,Davis,650,Germany,Male,28,8,51103.05544234618,2,0,1,148809.02576992149,0
7537,102972,Brown,616,Spain,Female,22,7,124352.72988620815,3,1,0,48293.390931738315,0
7538,101872,Johnson,702,France,Female,50,9,102568.0935067619,1,1,1,28961.49578190843,1
7539,105599,Smith,528,France,Female,33,4,135707.38235095382,2,1,1,62425.241614216124,0
7540,102269,Smith,582,France,Male,36,4,80088.68634250508,3,1,0,105386.70202239184,0
7541,105275,Davis,531,Germany,Male,31,5,48417.53353208735,4,1,0,37744.90583797234,0
7542,104749,Davis,597,Spain,Male,73,5,19795.513459553473,1,1,1,54682.45453775598,1
7543,106571,Davis,577,Germany,Female,58,1,73280.88263349903,1,0,0,104981.91391192282,1
7544,109373,Miller,570,France,Male,24,6,6278.776247074197,4,1,0,147512.2150811776,0
7545,105072,Jones,586,Germany,Female,21,2,6062.557981939036,4,1,0,16622.926721079893,0
7546,109631,Garcia,671,France,Female,57,7,95034.37432614912,2,1,1,119123.46186535123,1
7547,105463,Johnson,776,Spain,Male,24,8,65486.81448011711,4,1,1,83922.14936089475,0
7548,107450,Davis,678,France,Male,58,2,70543.19589515975,4,1,1,117519.63569095384,0
7549,108420,Jones,592,France,Female,49,5,38374.36485398435,4,1,0,132260.84841723883,1
7550,103959,Williams,693,France,Female,25,7,156334.5373875285,2,1,1,18549.88050624741,1
7551,101313,Brown,661,France,Male,48,5,22462.576874162594,4,1,1,113022.63011258,0
7552,107847,Brown,666,France,Male,45,9,88220.17351287969,2,1,0,189667.54653730258,1
7553,101070,Jones,647,France,Female,18,2,196953.37641966852,1,0,1,91210.51175880899,0
7554,109166,Miller,822,France,Female,39,3,179619.63971513417,4,1,1,183550.5394357712,0
7555,109930,Brown,659,France,Male,33,8,2904.5782706083014,2,1,0,194614.13788902748,0
7556,103285,Garcia,593,Spain,Female,44,10,32709.69758738927,2,1,1,128304.0000279524,0
7557,108949,Brown,572,France,Male,36,0,125433.01334284247,3,0,1,109026.73146904922,0
7558,103095,Garcia,740,Spain,Male,44,3,134994.27586590784,2,0,1,157214.55356287106,0
7559,100320,Williams,531,Spain,Female,29,9,65921.98045444764,3,1,1,160288.49552499832,0
7560,102321,Davis,785,France,Female,37,0,22624.596929574236,2,1,1,129075.34211008936,0
7561,100555,Johnson,458,France,Male,19,7,32711.677703106623,2,0,1,11658.6886329261,0
7562,104939,Smith,772,France,Female,32,6,161423.6355034922,3,1,1,134577.8941401108,0
7563,105432,Jones,729,Germany,Male,32,6,21339.15720413675,1,0,0,177578.30640042436,0
7564,101386,Jones,606,Germany,Female,18,1,285272.51071776485,1,1,1,24378.2948476444,0
7565,104763,Garcia,574,France,Female,39,9,69488.56128249837,1,1,1,67881.92313517781,0
7566,106854,Williams,773,France,Female,63,5,33326.597144523264,3,1,1,173043.93649617507,0
7567,107637,Williams,829,Germany,Female,28,7,49366.493148744325,4,1,1,129370.31456819896,0
7568,104841,Miller,588,France,Male,56,7,29640.340799786245,2,0,1,33089.72878985649,1
7569,103867,Smith,708,Spain,Male,43,4,48505.22160399125,3,0,0,124005.10532283306,1
7570,103793,Davis,747,France,Male,18,7,14017.773438636192,4,1,1,128033.96234366277,0
7571,107373,Johnson,710,France,Female,76,1,173252.04734377412,4,1,0,32229.593552056926,1
7572,102513,Jones,655,France,Male,25,3,331474.23945061315,1,0,1,43965.20920095509,0
7573,103803,Garcia,611,Germany,Female,39,9,107628.2392526417,4,0,0,121489.10376326783,0
7574,102327,Williams,677,France,Female,44,1,165328.99618061527,3,1,0,89384.56996348439,0
7575,108809,Davis,441,France,Male,38,4,25887.35846848555,3,0,1,55106.18974473169,0
7576,102165,Jones,784,France,Male,51,10,6480.930718272877,1,1,0,129733.107815342,1
7577,103308,Garcia,479,France,Female,57,2,98647.7540279473,2,1,0,32348.604549585387,1
7578,106452,Brown,566,Germany,Female,25,5,170143.78742837702,2,1,1,32908.43708538761,0
7579,108067,Davis,616,France,Female,35,6,179783.47060953005,1,1,0,13538.095788886187,0
7580,107642,Jones,550,Germany,Female,28,5,76091.97138271855,2,0,1,134806.26899973807,0
7581,106404,Johnson,537,France,Female,28,10,97312.75772544528,4,1,0,187041.51274140875,0
7582,100992,Davis,790,France,Female,40,1,45926.389615027016,1,1,0,15458.07844239877,0
7583,105424,Garcia,829,Germany,Male,53,1,177589.9657552679,4,1,0,87279.49556153985,1
7584,109569,Johnson,804,Germany,Male,18,3,119602.3109684996,4,0,0,44613.97961020271,0
7585,104381,Jones,733,Germany,Female,36,6,20563.65404342363,2,0,0,133338.57701136623,0
7586,103174,Brown,850,France,Male,26,7,32772.44057475669,1,1,0,95882.51135986367,0
7587,104782,Johnson,623,Spain,Male,48,4,16470.49536208398,3,1,1,122701.98906822769,0
7588,109497,Williams,613,France,Male,47,9,70466.09325918072,3,0,1,169884.48009111843,1
7589,105560,Garcia,651,France,Male,53,0,22594.586289865754,3,1,0,118769.52413760695,1
7590,107460,Jones,792,France,Male,20,8,17288.782512761354,1,1,1,112546.26857172494,0
7591,103078,Brown,708,France,Male,44,7,17486.96386044845,4,1,1,38636.10751758019,0
7592,102983,Williams,822,Germany,Male,37,0,30907.119984027893,4,1,0,98654.45824216772,1
7593,107259,Jones,656,France,Male,18,8,165563.49386217626,3,1,1,129849.66792744858,0
7594,106054,Davis,500,Spain,Female,18,4,278533.0274926153,4,1,0,144686.95207223718,0
7595,102523,Miller,582,France,Male,32,7,548673.57619567,3,0,1,27023.01567068514,0
7596,109677,Brown,752,Germany,Female,39,9,4111.476929755868,2,1,1,140624.02792902783,1
7597,104581,Williams,600,Germany,Male,57,9,84142.99890694884,3,0,1,48474.279080201384,1
7598,105609,Johnson,659,Spain,Female,34,1,30985.139538193973,1,0,0,136130.68779240875,0
7599,102001,Jones,674,France,Female,44,6,450160.5198957667,4,1,0,64269.894394950636,0
7600,101387,Jones,830,Spain,Male,40,8,415590.95286023844,1,0,1,122900.74439795443,0
7601,106552,Johnson,737,Spain,Female,25,6,271971.5820778458,3,1,0,40835.647662112766,0
7602,101030,Miller,718,Spain,Male,31,8,1432.626632595331,2,1,1,192499.48187569296,0
7603,109957,Smith,665,Spain,Male,39,3,16785.239064587975,3,0,1,143603.81769809316,0
7604,101220,Williams,566,Spain,Male,20,4,80396.82991719751,4,1,1,59552.42720557165,0
7605,106035,Johnson,674,Germany,Male,47,6,20737.887945152215,1,1,1,168266.97044281254,1
7606,109810,Davis,850,Spain,Female,60,0,192999.95879808872,3,1,1,191885.7485681343,1
7607,109455,Jones,701,Germany,Male,63,1,120309.85766328334,2,1,1,113881.06886775485,1
7608,106523,Davis,594,Germany,Female,49,1,20344.230881905685,3,1,0,77327.12430852638,1
7609,108074,Williams,608,Germany,Female,44,9,170601.1160306868,1,1,1,47203.49315360928,1
7610,109063,Miller,791,Spain,Male,18,8,68970.07837726612,4,1,1,127983.83470672608,0
7611,100834,Williams,596,France,Female,23,2,123688.07521274565,1,0,1,58599.232091185324,1
7612,109110,Davis,629,Spain,Female,18,8,15062.373603572802,2,1,0,178666.61085071327,0
7613,101724,Davis,535,France,Female,31,0,72950.55201839755,2,1,1,62900.71922784609,0
7614,106598,Smith,622,France,Male,50,10,149761.95523920152,2,1,1,31580.42517771455,1
7615,102413,Jones,697,France,Female,42,2,42401.70112527369,4,1,1,197884.32113054328,0
7616,109505,Brown,620,France,Male,44,9,20680.716141229073,1,1,1,84699.7910277569,0
7617,105993,Smith,652,Spain,Male,46,1,102017.4523576674,4,1,0,135197.07419687088,0
7618,104498,Smith,534,France,Male,27,1,103302.34220278001,3,1,1,61632.578031097124,0
7619,102105,Brown,594,Germany,Male,35,0,22859.288858918644,2,1,1,58704.18873237169,0
7620,102568,Brown,850,France,Female,42,5,7187.2059126807235,4,0,0,92662.36076163754,1
7621,109330,Miller,636,Spain,Female,55,4,18206.29749031101,2,1,0,171303.21880874797,1
7622,100209,Miller,686,Spain,Female,37,4,32231.11934122841,3,0,0,117760.03352912408,0
7623,109256,Smith,569,France,Male,35,10,3695.2532227488614,3,1,1,110401.73649356804,0
7624,104911,Williams,655,France,Male,18,8,256047.0108574697,4,1,1,84191.55573027987,0
7625,102220,Johnson,622,France,Male,26,5,26201.856268139516,2,0,0,58191.520707704985,0
7626,100233,Johnson,760,France,Female,42,8,134292.53792817617,4,1,0,154985.29247511,0
7627,100792,Smith,755,France,Male,36,3,53555.8153829087,4,1,1,14520.434403601963,0
7628,103110,Williams,765,Spain,Female,18,6,69712.27186443005,3,1,0,188238.33680161653,0
7629,102166,Brown,658,Spain,Female,18,10,76990.46406645102,4,0,0,156633.32580896746,0
7630,108526,Garcia,850,France,Male,22,3,148190.61206373762,4,0,0,71790.28137449408,0
7631,109551,Smith,730,Spain,Male,34,0,155075.89151944348,2,1,0,169418.37969304997,0
7632,105193,Jones,507,France,Female,53,3,15230.414818984398,2,1,1,75610.02268912423,1
7633,101214,Williams,804,France,Female,42,1,36146.27293506373,2,1,1,71442.8329758244,0
7634,104419,Jones,649,Germany,Male,24,4,85106.21764322736,3,1,1,69512.80433489046,0
7635,107314,Jones,763,France,Male,28,10,40108.38334567287,2,0,1,87237.01396944045,0
7636,108475,Smith,544,France,Male,46,1,14248.484585600307,3,1,1,167361.7628606716,0
7637,100212,Williams,642,France,Male,44,1,52498.24232110287,4,1,1,60523.78833087055,1
7638,101658,Jones,724,Germany,Female,28,10,24644.279995324425,1,1,0,128233.55454909726,0
7639,105024,Miller,674,Spain,Male,18,3,15487.04380019171,4,0,0,42707.78028375926,0
7640,109609,Davis,635,Germany,Female,43,6,36244.63273779181,3,1,1,197926.25790503193,0
7641,105917,Miller,404,Germany,Male,33,2,35622.9647806011,3,1,1,53556.20762413257,0
7642,105141,Williams,576,Germany,Male,64,10,10225.12966691246,4,0,1,168423.90980356265,1
7643,101794,Johnson,552,France,Female,33,6,87735.2505648091,1,1,1,55827.261927445594,1
7644,105988,Davis,463,Spain,Male,38,10,37737.884354440896,4,1,0,95869.17641965256,0
7645,108296,Garcia,579,Germany,Female,35,8,19029.78531441078,1,0,0,60577.159144439844,0
7646,105578,Jones,835,France,Male,45,2,170703.4989202403,2,1,0,150749.54293800046,1
7647,105551,Jones,765,France,Female,44,3,257.89860512183947,1,1,1,136486.4716970855,0
7648,103845,Williams,566,Spain,Female,22,0,60567.02250458007,4,0,1,33741.45758244159,0
7649,106906,Miller,591,France,Female,19,6,57083.39694592434,3,1,1,162622.3176517488,0
7650,100378,Garcia,591,Spain,Male,55,0,111215.1117350495,2,1,0,180939.8956133258,1
7651,103293,Johnson,725,France,Female,31,2,49331.30496573312,2,0,1,24026.3704907214,0
7652,103329,Jones,690,Germany,Female,47,8,71890.87399722316,1,1,1,29994.43262417868,1
7653,104808,Smith,578,France,Male,33,4,239088.3045308044,1,1,1,22860.954252501557,1
7654,107937,Miller,590,Spain,Female,18,9,18426.22910889577,1,0,0,60509.90200412634,0
7655,100224,Williams,758,Germany,Female,59,9,11149.90003395456,4,1,1,188298.57778206514,1
7656,100737,Williams,802,France,Male,50,10,137341.1016167594,2,1,1,47291.00536512417,1
7657,100235,Miller,560,France,Male,47,1,135829.63892638445,2,1,1,192729.489700941,0
7658,100711,Jones,638,France,Male,24,8,252130.72989381343,1,1,0,68604.23965856616,0
7659,105988,Johnson,662,Spain,Female,49,5,408382.40889575967,4,1,0,157547.49535894117,1
7660,101888,Jones,631,Spain,Female,43,8,48513.466746631435,2,1,0,123240.68152452975,1
7661,107173,Miller,763,Spain,Female,28,10,47389.47154659205,2,0,0,53405.579697038265,0
7662,101259,Davis,634,France,Male,34,3,235028.0639345314,2,1,0,174120.5977198143,0
7663,105246,Brown,840,Germany,Male,37,5,197120.80432460827,2,1,1,19888.58785231703,0
7664,107271,Jones,770,Spain,Female,30,6,47070.90164866917,2,0,1,13631.264092591993,0
7665,100748,Garcia,581,Spain,Female,43,10,7936.411497728518,3,0,0,93559.42057588117,1
7666,103551,Davis,656,France,Male,51,5,87041.92081082343,2,1,0,90604.61850208035,1
7667,106400,Miller,552,Germany,Female,32,3,31293.143428014875,1,0,1,135659.98218737944,1
7668,106643,Davis,610,Germany,Female,37,7,239245.3724842309,2,1,1,17489.393492887124,0
7669,108701,Garcia,737,Germany,Male,37,5,164050.16480520056,2,0,0,140154.71572994185,0
7670,101823,Davis,674,France,Female,51,1,231236.88265218615,1,1,0,114279.08031681301,1
7671,106852,Davis,850,France,Male,41,5,8437.558190528945,3,1,1,73226.23903744377,0
7672,107777,Miller,527,Spain,Female,54,0,199961.66415827043,1,1,0,101312.79484023052,0
7673,104232,Brown,646,France,Female,29,8,89915.3131907846,1,1,1,24022.681105170213,0
7674,106519,Garcia,599,France,Female,38,9,24261.49226605737,1,1,1,95308.4213930915,0
7675,101777,Garcia,618,Spain,Female,47,6,35847.96139592814,4,0,1,114575.82901716034,0
7676,101222,Smith,654,Germany,Male,49,7,60997.422836658945,2,1,0,132874.7515719147,1
7677,107630,Williams,582,Spain,Male,33,10,98790.48803015989,2,1,1,13230.439347695305,0
7678,101777,Garcia,745,France,Female,38,3,26491.332097674564,2,1,0,156143.13577426277,1
7679,109496,Williams,825,Germany,Female,26,7,23198.58654111858,1,1,1,68236.1087072965,0
7680,107490,Miller,416,France,Female,18,0,222711.31980611637,2,1,1,79140.18332661912,0
7681,104859,Johnson,789,France,Male,34,10,186576.38051355295,4,1,1,152783.67776799793,0
7682,108893,Jones,850,France,Female,34,3,145575.94919874673,3,0,1,196854.7790241202,0
7683,108118,Smith,668,Germany,Male,32,5,143083.46392148387,2,1,1,114180.24319454873,0
7684,102989,Miller,588,Germany,Male,22,9,145232.2477165327,2,1,1,31611.921671653185,0
7685,108343,Brown,592,France,Female,47,6,257833.614583976,1,1,1,130806.24304988238,0
7686,101325,Johnson,619,France,Male,49,2,185610.8535792165,3,0,1,199976.35302609505,1
7687,109493,Davis,693,Germany,Male,38,9,49196.16910834118,3,1,0,12100.129962532874,0
7688,109903,Smith,607,France,Male,26,9,63733.88075146642,3,1,0,21276.432897514434,0
7689,105127,Smith,642,France,Male,30,1,92776.44785211347,2,1,0,95281.32052364865,0
7690,108998,Miller,554,Germany,Male,38,8,64549.996366693194,3,0,1,14200.841291860825,0
7691,102722,Brown,604,France,Male,51,0,35230.886174239124,1,1,0,73573.35135180576,1
7692,104656,Brown,608,France,Male,19,9,197436.16307016538,3,1,1,51859.772653568965,0
7693,101325,Williams,646,Germany,Male,30,0,162683.44554699303,2,1,0,124258.5909753897,0
7694,104133,Jones,504,France,Male,41,9,49406.58570252653,3,1,1,52586.25163070315,0
7695,109351,Miller,617,Spain,Male,50,1,12179.098322699288,3,1,0,67679.75526060844,1
7696,102869,Johnson,628,Germany,Male,19,4,488.14594032487855,1,0,1,188154.84736384923,0
7697,101242,Jones,668,France,Female,27,0,9700.235232627238,3,1,1,134343.0109782277,0
7698,108539,Johnson,789,Germany,Male,18,5,16811.477151849445,2,1,0,158140.79711874356,0
7699,101831,Smith,639,France,Female,58,7,107233.32647980463,4,1,0,112484.9277062025,1
7700,101569,Garcia,528,Germany,Female,22,9,24796.416215876343,2,1,0,32008.20321583695,0
7701,107246,Garcia,663,Spain,Female,46,1,100737.98892176784,3,0,0,95109.66940872637,1
7702,101918,Miller,579,Spain,Female,60,4,39797.69519893898,1,1,0,51483.07397950842,1
7703,106416,Brown,576,Spain,Male,60,2,225429.66270455057,1,1,1,61167.74824545129,1
7704,103232,Brown,620,Germany,Male,18,1,63313.7469763506,2,1,0,170150.6512166932,0
7705,103758,Davis,598,Germany,Male,54,5,111733.73565083418,1,1,1,180087.63284329866,1
7706,105997,Smith,543,France,Female,51,0,61794.11370139429,3,0,0,53750.58088405384,1
7707,102355,Smith,601,Spain,Male,53,7,243656.00284582895,4,1,1,95088.56068814432,0
7708,109589,Johnson,695,France,Female,18,5,116286.50322250953,1,1,1,194169.0942159105,0
7709,101824,Smith,654,Germany,Female,30,3,102766.49617660212,4,1,1,126915.44652307988,0
7710,107280,Davis,550,France,Female,18,4,89722.5844339127,1,1,1,163794.41491356585,0
7711,104060,Miller,563,France,Female,31,1,447515.29640280287,2,1,1,113319.39557038074,0
7712,105324,Johnson,662,France,Male,51,7,115441.36803707428,3,1,0,103464.66605692227,1
7713,100404,Jones,551,France,Female,68,5,140299.37548026806,4,0,1,148165.55982506764,1
7714,101721,Brown,560,France,Male,51,5,8524.42243865208,4,0,0,71715.67848342094,0
7715,105316,Brown,592,France,Male,45,2,168320.56148882653,2,0,0,132662.4892711266,1
7716,103845,Garcia,552,France,Female,31,0,90811.59517985098,1,1,0,109257.0312816535,0
7717,104210,Garcia,660,France,Male,30,7,41047.05101062091,2,0,0,148480.6781044979,0
7718,100064,Davis,619,France,Female,45,6,87153.35717619296,4,1,1,37460.90038668078,1
7719,109491,Miller,790,Germany,Female,37,0,98229.73472419467,1,1,1,138759.31410213886,1
7720,106382,Brown,533,Spain,Male,47,7,30136.114459907803,2,1,0,131882.87878822026,1
7721,109607,Davis,765,Germany,Male,36,9,57459.05267576215,4,1,0,181792.94134800462,0
7722,100968,Miller,673,France,Male,60,1,127778.94600235367,4,0,1,82382.51482346898,0
7723,100368,Jones,799,France,Male,53,10,25598.7113961625,1,0,0,172462.66336166844,1
7724,108424,Jones,785,France,Male,26,7,180865.33990674285,2,1,1,18173.061598469154,0
7725,102242,Williams,607,Spain,Female,50,4,8069.664085205956,1,0,0,64766.19907019988,0
7726,105002,Johnson,509,France,Male,42,7,87040.42497817196,3,1,1,29223.7650633631,1
7727,103083,Garcia,635,Germany,Male,28,10,47753.07419614509,2,0,0,58741.14891566557,1
7728,108073,Johnson,452,France,Female,70,5,5478.718154187073,1,1,1,75174.33613834826,1
7729,109112,Garcia,715,France,Female,43,1,148937.6942183329,1,1,1,128267.98819596643,1
7730,108880,Williams,665,Spain,Female,44,6,79085.22758565398,3,0,1,23656.957681966633,0
7731,101469,Brown,590,France,Male,50,10,125640.99985848833,1,0,1,51117.398548372345,1
7732,104725,Davis,605,France,Female,47,10,47823.451573000624,2,0,0,148420.53293853407,1
7733,104259,Miller,547,Spain,Female,53,5,196340.48270864584,3,1,1,141122.80528324723,0
7734,103622,Johnson,646,France,Female,20,3,8741.856121525127,2,0,0,120298.72880628327,0
7735,100823,Garcia,550,Germany,Male,60,8,26572.939082211622,2,1,0,144324.03502438933,1
7736,103431,Johnson,646,France,Male,44,3,158281.1315945951,1,1,0,147530.62146758236,0
7737,106528,Brown,685,Spain,Female,42,0,309399.0417017187,1,0,1,50947.87440762291,0
7738,104151,Miller,715,Spain,Male,27,2,187370.11570287307,2,1,1,111724.98277434781,0
7739,104213,Smith,694,France,Male,25,10,26248.27859049868,4,0,0,146642.82355300387,0
7740,107420,Garcia,620,Spain,Male,25,7,42853.70319637008,1,1,1,137586.13937491595,0
7741,108989,Davis,694,France,Female,31,2,145028.33470784573,2,0,1,99968.190161938,0
7742,100779,Smith,663,France,Female,39,6,292382.0169518223,1,0,1,92448.91363707218,0
7743,102892,Williams,662,Germany,Female,18,10,34143.074877610416,2,0,0,59496.051157244125,0
7744,105534,Miller,547,Germany,Female,65,0,48831.76815681481,1,1,1,84261.62551474228,1
7745,103306,Jones,525,Germany,Female,46,3,2313.8136822885654,3,0,0,136307.49612725628,0
7746,102902,Johnson,675,Germany,Male,23,3,70198.98946337534,4,1,1,86355.12354549389,0
7747,103718,Garcia,698,France,Male,53,8,9229.264790629857,2,0,1,119517.81142029286,1
7748,100021,Davis,587,Spain,Female,31,10,8947.94393278952,1,0,0,189500.2076157144,0
7749,101500,Johnson,767,Spain,Male,27,0,143261.53486136804,3,1,1,20458.396701571357,0
7750,109034,Williams,850,Germany,Female,58,10,42147.23967035868,2,0,1,153770.6622766264,1
7751,109952,Williams,825,France,Male,29,8,274325.9129212993,4,0,1,148716.61384819137,0
7752,103641,Johnson,623,Spain,Male,39,9,125907.53511022282,4,1,0,106653.90305776465,0
7753,105212,Garcia,606,Germany,Female,52,7,34922.0283993875,4,1,0,39157.412134879974,1
7754,100191,Davis,728,Spain,Female,56,9,114533.29602108036,3,0,1,78782.22743684692,0
7755,108587,Miller,717,France,Male,42,5,200693.36394668315,3,1,1,69945.34963456409,0
7756,107174,Brown,538,Germany,Male,18,10,57276.68595275866,3,1,1,145791.90991162183,0
7757,105114,Miller,625,Spain,Female,22,3,82501.52291575127,4,1,1,106312.02755718534,0
7758,104662,Brown,716,France,Male,60,10,24524.652175989715,3,1,0,77750.23155221852,1
7759,104326,Davis,560,Germany,Female,51,5,51451.35857569116,4,0,0,132507.17015794117,0
7760,109065,Jones,575,Spain,Female,48,5,86523.96709663178,2,1,1,60039.94103367837,0
7761,104335,Miller,590,Germany,Female,28,1,95575.50514011225,2,0,1,132416.6987328106,0
7762,108281,Davis,610,Germany,Male,23,6,127308.85197375172,2,0,1,195343.02892294416,0
7763,108648,Johnson,493,France,Female,18,8,315480.2787989429,1,1,1,50473.22754340846,0
7764,109196,Johnson,719,Germany,Female,31,7,182348.15511283017,4,1,0,29943.251644664448,0
7765,105494,Garcia,576,France,Female,44,2,190775.7916080466,3,1,1,186569.76985407085,0
7766,108536,Johnson,670,France,Female,60,7,81534.19950084704,4,0,0,79213.49433877063,1
7767,102711,Garcia,659,Germany,Male,37,3,15568.761519558786,4,1,0,137074.81488161953,0
7768,107595,Davis,548,France,Female,38,9,100920.68381928776,1,0,0,77207.92894985824,0
7769,106273,Johnson,473,Spain,Female,53,0,52131.09139552663,3,1,0,167822.77917667967,1
7770,106284,Williams,658,Germany,Male,31,2,3235.875302753815,1,0,0,103850.2642004907,1
7771,109308,Smith,606,Germany,Female,36,0,21673.130047513692,1,0,1,70482.46377284368,0
7772,108817,Davis,695,France,Female,40,4,142326.70499143674,2,1,1,165676.5023820891,0
7773,103994,Johnson,731,France,Female,31,9,99697.26936833374,4,1,1,60409.2824024596,0
7774,101678,Smith,446,France,Female,46,10,383652.31124584144,3,0,0,148383.83178472996,0
7775,108414,Brown,626,France,Male,40,8,256975.41754474517,2,1,1,73312.28746690399,0
7776,100743,Jones,754,Spain,Male,41,6,90204.12377806792,1,1,1,95844.29741862777,0
7777,100462,Miller,793,Spain,Male,24,2,16834.9368260078,1,1,1,129577.22124699075,0
7778,101568,Miller,466,Spain,Male,51,6,40999.40117093644,2,1,1,134811.27694366925,0
7779,101736,Davis,765,Germany,Male,64,7,26528.241993326086,2,1,1,99669.15033346244,1
7780,107903,Brown,549,Germany,Male,50,3,63585.287100206646,2,1,0,38776.826300422996,1
7781,107002,Johnson,720,Germany,Female,27,2,161230.92147644487,2,1,0,153436.913738703,1
7782,108856,Miller,595,France,Male,18,1,172512.0399525593,2,1,1,178352.5850078086,0
7783,101356,Garcia,724,Germany,Female,37,7,19609.483666310964,3,1,0,184287.66643514528,0
7784,101014,Brown,613,France,Female,47,2,79648.23618487683,4,0,1,30152.63419920051,0
7785,101054,Williams,506,Germany,Male,28,6,112927.55646481703,3,1,0,146940.68502498788,0
7786,101764,Smith,591,France,Female,34,10,50522.73447483617,4,1,1,50854.67980529463,0
7787,106009,Garcia,704,Germany,Female,55,10,235848.4877658192,4,0,1,30877.246632701714,1
7788,104458,Miller,607,France,Female,18,10,44475.558828239286,2,1,0,24980.797275149333,0
7789,109604,Garcia,542,France,Male,43,1,67360.88971760974,3,0,1,12399.944241994806,0
7790,100667,Johnson,522,Germany,Female,23,4,88391.02399952235,3,1,0,185326.65151108924,0
7791,103370,Williams,569,France,Male,51,4,55748.49622875584,1,1,0,125573.1510040023,1
7792,105976,Smith,568,France,Male,50,8,331415.18739137944,3,1,0,125252.60635128715,1
7793,101394,Williams,707,France,Female,38,7,142905.72011452628,3,1,1,164452.3181878599,0
7794,108290,Brown,610,France,Male,43,7,176658.05525374826,1,0,0,173942.75137187156,1
7795,104070,Johnson,620,Spain,Female,25,9,139687.11304889142,4,1,1,12440.719174728078,0
7796,106982,Garcia,632,Germany,Male,51,1,88699.10316850692,4,1,1,153763.94277181986,1
7797,108613,Garcia,704,Spain,Male,44,1,2856.831421350765,2,1,0,84866.63269644711,1
7798,105599,Brown,713,France,Male,38,9,144707.83544601747,4,1,1,73354.6981446361,0
7799,103650,Garcia,597,France,Male,27,6,94854.07159809595,4,0,1,151871.702355614,0
7800,109324,Jones,623,Germany,Female,40,3,8417.827718984536,3,1,1,92630.99021513604,0
7801,109894,Johnson,714,France,Male,33,2,12622.299987965629,1,0,1,197389.7463178938,0
7802,103620,Brown,580,France,Female,50,2,65622.37711382171,2,1,1,170394.79554240487,0
7803,103190,Johnson,595,Germany,Female,63,6,191622.4373236782,3,1,1,47696.225674089685,1
7804,108789,Smith,714,Germany,Female,48,0,80687.19418252885,3,0,1,108302.27549615988,0
7805,100391,Johnson,592,France,Female,33,3,252093.7217578433,3,1,1,144264.42282344177,0
7806,101075,Johnson,674,France,Male,60,5,169093.32280342188,1,1,1,74314.194058876,1
7807,102650,Smith,492,Germany,Male,32,8,99637.24391047322,2,0,0,43203.1430850012,0
7808,102384,Brown,708,France,Female,43,0,37594.81940037989,2,1,1,94576.63007162484,0
7809,100809,Johnson,629,Spain,Female,32,0,191551.30708967647,3,0,1,34914.88680772444,0
7810,108047,Williams,690,Spain,Female,39,1,107643.98063840183,4,1,1,55981.03472840286,0
7811,105501,Johnson,761,Spain,Male,18,6,80467.1863828348,1,1,1,147274.19015116064,0
7812,106895,Brown,616,France,Male,20,6,69439.46731585222,2,1,1,87943.71792278042,0
7813,101159,Davis,496,France,Female,38,4,23928.837548567535,2,1,0,94268.18548385719,0
7814,107574,Garcia,613,Spain,Male,43,3,1586.3854649076575,2,1,0,130101.19397330291,0
7815,101531,Miller,771,France,Male,36,9,126056.7814702591,4,1,1,83421.34036637454,0
7816,105481,Smith,666,France,Male,52,5,252087.28366372365,4,1,1,95538.9850626209,0
7817,107548,Garcia,543,France,Male,18,7,20292.708640169043,1,1,1,153625.8862378937,0
7818,104976,Brown,630,France,Female,46,6,272912.5538514959,4,1,0,110312.34901543378,1
7819,105695,Jones,698,Germany,Male,58,1,7462.853551054144,4,0,0,169078.82418536072,0
7820,108445,Miller,637,Spain,Female,50,10,80400.09042394401,3,0,1,135929.2814256938,0
7821,103548,Garcia,634,Spain,Female,48,1,12279.959586153846,4,0,1,98850.97623359898,1
7822,106163,Johnson,578,Germany,Male,53,5,219916.6580092944,2,1,1,183277.57610551556,0
7823,106671,Miller,586,France,Female,20,0,10896.722299754325,1,1,1,90049.10630794292,0
7824,105264,Johnson,672,Germany,Male,20,4,28908.922287592108,3,0,1,191757.84085795854,0
7825,101231,Smith,699,France,Male,34,0,163955.71114662758,3,0,0,178160.34542952268,0
7826,102423,Johnson,632,France,Female,37,6,116631.33509349657,1,1,1,70192.60427411665,0
7827,108071,Miller,600,France,Female,41,2,49123.19078954705,3,1,0,15819.405835315261,0
7828,104261,Williams,725,Germany,Male,20,8,181258.9829642246,3,1,1,64864.792107488225,0
7829,109765,Williams,607,France,Female,35,4,100977.7421655499,1,1,1,98541.15181707339,0
7830,102908,Davis,678,Spain,Female,53,0,30080.44350003009,3,1,1,180720.7696890613,0
7831,104712,Garcia,703,Spain,Male,33,9,134811.020990614,4,1,0,49434.34379855868,0
7832,106755,Brown,523,France,Male,18,3,40505.47707918799,1,1,0,191788.89971117926,0
7833,109817,Davis,663,France,Female,18,7,169139.89872878022,2,1,0,196411.3597288921,0
7834,103883,Smith,380,Spain,Female,53,6,152139.12775990757,1,1,1,101148.5230117977,1
7835,103515,Jones,639,Spain,Male,61,5,36891.84761915837,4,1,1,39146.048362681126,1
7836,103403,Davis,707,Spain,Male,27,8,10942.657655869412,4,1,0,154508.68158784282,0
7837,104598,Garcia,683,France,Male,51,3,171918.8857681696,2,1,0,77262.08696429302,1
7838,105008,Brown,730,France,Male,48,9,45326.26909417589,4,1,1,73753.3395131469,0
7839,106222,Smith,685,France,Female,18,0,39352.03270901601,2,0,1,30450.99345511772,0
7840,104009,Miller,595,France,Male,46,9,1836.0758868036187,2,1,1,195509.60163948775,0
7841,102735,Smith,496,France,Male,49,5,129416.40686679723,1,1,1,180023.53731518076,1
7842,104491,Miller,661,Spain,Male,34,3,32029.924285126242,1,0,0,67218.6079628051,0
7843,108593,Garcia,697,France,Male,32,0,57247.46017457496,1,0,0,23649.634928207313,0
7844,100974,Brown,474,Spain,Male,42,9,230053.97985698056,2,0,1,103067.76728689234,0
7845,100223,Davis,690,France,Male,27,2,13388.202589963204,3,1,1,44580.40450573942,0
7846,104613,Brown,658,France,Male,56,10,3878.1451483229944,3,1,1,104419.7953816919,1
7847,106777,Johnson,613,France,Female,38,0,82213.61027493796,1,0,1,157699.4005159811,0
7848,108427,Jones,693,France,Male,32,4,120348.50038617135,3,0,0,82006.20825479925,0
7849,104211,Williams,622,Spain,Male,36,7,75113.7462358611,2,1,1,120336.91535983002,0
7850,100225,Johnson,616,France,Female,53,1,41487.564502812085,2,1,1,115052.12163027986,0
7851,108183,Smith,522,Spain,Female,36,5,44852.49720873719,4,1,1,87288.23234367915,0
7852,104277,Jones,690,Spain,Female,32,5,16210.497766127368,4,1,1,193968.39180329788,0
7853,101341,Jones,519,Spain,Female,18,4,37355.310786850794,3,1,1,75857.4387322544,0
7854,104036,Brown,581,Germany,Male,41,6,142248.4846169098,3,1,0,17964.62904154611,0
7855,108401,Jones,695,Germany,Female,34,0,69143.07745057608,4,1,1,170984.102816714,0
7856,103727,Garcia,633,France,Female,21,9,221418.62798395078,2,0,0,186967.75812126155,0
7857,103928,Jones,820,Germany,Female,45,3,18392.470766863513,1,1,1,103069.48628261573,0
7858,102803,Smith,709,Spain,Male,22,10,58415.401111655505,1,1,0,27028.223577583845,0
7859,109301,Garcia,725,France,Male,29,5,120934.70850072929,3,1,1,28315.23346504733,0
7860,106558,Garcia,735,Spain,Male,46,3,31784.951904569785,3,0,1,118618.62844516992,0
7861,100393,Johnson,625,Spain,Female,45,5,31039.96015766779,4,1,1,33968.63582435831,0
7862,106839,Jones,596,Spain,Male,40,1,11160.435529744425,1,0,1,48536.81512528284,0
7863,109035,Brown,528,France,Male,34,10,223428.350009357,4,0,1,158733.76628527162,0
7864,109716,Miller,504,France,Male,31,8,18938.09490118517,4,1,1,53383.61150664182,0
7865,108795,Johnson,764,France,Female,25,3,351080.20074651355,3,1,1,84240.33300694739,0
7866,100581,Brown,587,Spain,Male,34,4,59572.6208274501,3,0,1,81702.73772491512,0
7867,100132,Jones,739,France,Male,54,6,400553.77264673053,4,1,1,94511.93714492409,0
7868,102838,Johnson,502,France,Female,22,7,4119.0188021914355,3,0,1,90763.74538367914,0
7869,103385,Jones,631,France,Male,18,0,83723.25533379313,2,1,1,109917.01545805534,0
7870,103770,Smith,776,France,Female,27,6,117389.27907351119,4,1,0,111578.63680878686,0
7871,102268,Johnson,676,France,Male,61,9,72639.17593449116,1,1,1,53836.597711778355,1
7872,100975,Brown,679,Germany,Female,33,8,84420.91557698454,4,0,1,39757.37217116698,1
7873,107605,Smith,591,Spain,Male,39,1,77305.70607593784,3,1,0,46606.51264381783,0
7874,107213,Williams,559,France,Female,40,10,16188.0499120031,3,1,0,50075.84151600809,0
7875,109735,Brown,645,Spain,Female,28,1,75908.9674226734,3,0,1,166266.1415695851,0
7876,102835,Miller,537,Germany,Female,59,10,78029.62309488888,3,0,0,186829.88875931824,1
7877,102738,Davis,639,France,Female,35,3,43940.71003235595,3,0,0,150810.01854179366,0
7878,109549,Jones,748,Spain,Male,55,0,93517.67188580902,4,0,1,19415.72572442213,1
7879,104134,Brown,523,France,Female,39,8,53086.52572950026,3,0,1,124518.31385280077,0
7880,109508,Williams,714,Germany,Female,40,4,140712.9410362693,2,0,1,158682.63066574014,0
7881,106833,Brown,749,Germany,Male,23,2,3895.92732514982,2,1,1,109841.48942806033,0
7882,108353,Smith,623,Germany,Female,54,5,1000.0748170877386,4,1,1,26655.010054151142,1
7883,101909,Garcia,653,France,Female,36,6,74217.1348106255,4,0,0,108052.76428084869,0
7884,109319,Davis,602,Germany,Female,41,3,453034.3582218576,2,1,0,131665.92905346942,1
7885,109850,Brown,618,Spain,Male,64,1,58961.841850176344,2,1,0,118894.59922640935,1
7886,101963,Johnson,731,Germany,Male,43,4,1195.0301210949738,3,1,1,147543.86085813615,0
7887,105153,Miller,722,Spain,Male,41,6,38141.550320926595,4,1,0,61923.86304567432,1
7888,100966,Williams,689,Germany,Male,53,9,62970.46898081482,4,1,1,143008.82200474635,0
7889,100889,Brown,710,France,Female,48,9,231394.17688239296,3,1,1,74328.27889389341,0
7890,103061,Williams,670,France,Female,32,2,12929.173399491065,4,1,1,145919.60691772017,0
7891,106461,Garcia,527,Germany,Male,30,1,258216.86418709945,3,1,1,103606.49346806607,0
7892,106166,Smith,756,Spain,Female,45,1,281596.9473272999,2,1,1,159089.17127458184,0
7893,106967,Johnson,560,France,Male,30,10,102431.38076768696,2,0,1,106257.94245199794,0
7894,109858,Jones,639,France,Female,39,10,25512.80893707607,2,1,1,65782.73667985378,0
7895,108101,Brown,735,France,Male,20,3,76939.84030576964,1,0,1,198067.86104840192,1
7896,107379,Smith,509,Germany,Male,64,3,169636.07658339725,3,1,1,57199.92538967757,1
7897,109633,Davis,712,Germany,Male,29,4,44324.02217562222,2,0,1,87439.47645110893,0
7898,107280,Williams,530,Germany,Male,47,2,235716.50170365765,2,1,1,157637.09000178252,1
7899,101067,Garcia,709,France,Female,48,10,9093.457650985587,3,1,1,109147.08575535142,1
7900,104223,Miller,770,France,Male,65,0,36699.12646230975,1,1,1,140280.9594100353,1
7901,109018,Williams,576,Spain,Male,43,3,499052.55820130854,4,0,1,103519.423446455,0
7902,104607,Miller,563,France,Female,33,0,87676.77790955079,2,0,1,126607.52528035118,0
7903,103985,Garcia,657,France,Male,38,7,89243.18882277932,1,1,1,108094.15068415775,0
7904,103179,Miller,560,Germany,Male,25,4,27426.59108604335,2,1,0,198426.20593245444,0
7905,104538,Garcia,432,Spain,Female,58,1,194881.59578974688,2,0,1,50674.400958677725,1
7906,102362,Smith,647,France,Female,34,4,56050.9347062278,3,0,0,179557.41035143266,0
7907,102224,Brown,683,Spain,Male,65,4,157763.94166299453,1,1,1,99101.47595441448,1
7908,106371,Jones,617,France,Female,29,0,166433.8475339037,2,0,0,16325.30211148829,0
7909,101726,Brown,661,France,Male,77,4,19219.88790997813,3,1,1,195842.5290713418,1
7910,105791,Davis,754,France,Male,28,7,69672.93354243042,2,1,0,175400.29264896642,0
7911,108073,Davis,614,Germany,Female,27,9,48449.31469560141,3,1,0,25443.61689381572,0
7912,108458,Johnson,627,France,Male,29,1,16823.603808147007,4,1,1,83839.44589742397,0
7913,107013,Brown,648,Germany,Female,28,7,13170.042564152116,2,0,1,174275.27367320075,0
7914,100837,Garcia,618,France,Female,44,7,4688.148428576064,3,1,1,107037.98312075924,0
7915,104584,Garcia,618,France,Female,26,0,121053.92447464351,2,1,0,185657.81073970546,0
7916,100686,Johnson,820,France,Male,21,3,152395.15199831026,3,1,0,123914.37987956339,1
7917,100356,Williams,662,Germany,Male,25,4,63750.20205903498,4,0,1,164137.43331378273,0
7918,109063,Garcia,620,Germany,Female,69,9,82992.83848537934,3,1,0,96397.12487808305,1
7919,104647,Johnson,788,Spain,Female,22,7,30380.573067260742,1,1,1,29050.27500473354,0
7920,104418,Garcia,758,Germany,Female,41,2,125456.60902118911,3,0,1,54349.66657388699,1
7921,106642,Jones,712,Germany,Female,25,0,87696.57946339274,1,1,0,37132.723488218864,0
7922,103391,Garcia,589,Germany,Male,45,6,213975.2297165101,3,0,0,162657.67491057352,0
7923,104357,Smith,850,Spain,Male,41,3,137100.26340904552,3,1,0,185613.53607170406,0
7924,104879,Johnson,493,Spain,Female,63,9,1911.6988365172856,3,0,1,55037.46633622564,1
7925,105319,Miller,471,Spain,Male,32,4,165994.1268036992,3,1,1,72192.83614000368,0
7926,102739,Davis,688,Germany,Female,45,5,2750.4234017936324,1,0,0,150954.9239899788,0
7927,109510,Brown,614,Germany,Female,54,3,168117.86096566613,3,0,0,93239.29834690609,1
7928,109727,Johnson,402,France,Male,33,0,436361.1331687192,3,0,0,164234.54821809553,0
7929,104784,Williams,635,Spain,Female,42,10,65561.73992409978,3,1,0,71580.82284112646,0
7930,109964,Garcia,657,France,Female,18,7,25734.38077019044,3,1,0,110980.1989953782,0
7931,100877,Johnson,633,France,Male,45,10,961.7317667208057,3,0,1,168713.8890445275,0
7932,102870,Jones,680,Germany,Female,41,8,16286.369750175358,4,1,1,77509.88702140843,1
7933,100292,Johnson,603,France,Female,27,2,70074.00252279709,4,1,0,132395.2022615075,0
7934,109843,Jones,636,Spain,Male,20,9,164292.15054422827,4,1,0,133336.816639942,0
7935,108728,Davis,780,Spain,Male,34,3,205165.58506195399,4,1,0,77888.29329686255,0
7936,102686,Davis,745,Germany,Male,21,4,115062.44703796193,3,0,0,151681.20812716632,0
7937,100233,Garcia,629,France,Male,40,9,9082.332458843872,2,1,0,111164.64050242845,0
7938,102374,Brown,704,Germany,Male,48,8,474949.80852651654,4,1,1,123504.0907983516,1
7939,102272,Garcia,737,France,Female,18,4,137477.68879421082,1,0,1,85165.5918475216,0
7940,100966,Williams,556,France,Female,26,6,55592.265219492365,1,1,1,28530.115018017408,0
7941,100889,Smith,683,Spain,Male,63,2,168026.57387320854,3,1,1,143157.80466167376,0
7942,103863,Brown,665,France,Male,48,0,88812.34402761479,4,1,1,76210.92507316309,0
7943,106154,Brown,715,Spain,Male,18,5,92327.16482368637,2,1,0,126223.95174038417,0
7944,103400,Davis,555,Spain,Male,31,9,355093.6140891973,2,1,1,182632.65639950446,0
7945,108226,Smith,646,Spain,Male,18,0,161509.3847396778,4,1,1,168898.59939965725,0
7946,104542,Johnson,574,Germany,Female,56,5,30401.568515649302,1,1,0,130139.86667188437,1
7947,103523,Garcia,683,Germany,Male,38,7,19256.337015311852,4,1,1,54436.41746580574,0
7948,101763,Johnson,567,Spain,Male,40,8,18911.50734068554,4,1,0,108863.47542701743,0
7949,103291,Johnson,595,Spain,Female,56,7,60605.93958476975,2,1,1,82207.67859662003,1
7950,102488,Garcia,662,Spain,Male,35,4,49194.46201623268,2,1,0,122942.53436710643,0
7951,101558,Williams,555,Spain,Female,43,6,60287.119822821835,4,0,1,149372.44219839107,0
7952,104690,Brown,488,France,Male,55,5,6474.938490616025,1,1,0,148416.7255157856,1
7953,106121,Jones,753,France,Female,26,8,22574.311244051478,1,0,1,22313.272223963955,0
7954,102276,Smith,585,France,Male,20,3,159701.99127594984,1,1,1,81816.74293814355,0
7955,104439,Brown,510,Germany,Male,65,7,141717.11514677695,4,1,1,85070.61297636111,1
7956,101103,Johnson,539,France,Female,27,10,49974.0210898602,4,1,0,46863.84878169568,0
7957,107520,Smith,640,Germany,Female,18,8,49505.650881960886,3,1,1,103274.81679288165,0
7958,109611,Jones,807,Germany,Male,28,6,215264.21840051893,4,1,1,64164.03450410191,0
7959,105409,Brown,636,France,Female,28,6,20074.20234449341,1,0,0,77033.64595757893,0
7960,109670,Brown,708,France,Male,69,1,44194.42342056951,1,1,0,119463.8910776007,1
7961,107869,Williams,611,Germany,Female,47,8,144170.56132506017,2,1,0,171249.20556451927,1
7962,102956,Brown,668,Spain,Female,35,4,85469.38477334395,2,0,0,92282.47993252505,1
7963,107710,Brown,629,Spain,Male,28,9,6215.680452021436,1,1,1,113344.02773314151,0
7964,106017,Jones,707,France,Male,49,2,1189.4364389515217,1,1,1,161411.20654826218,1
7965,109574,Jones,536,Germany,Female,54,3,1931.9873536647472,4,1,1,92545.20955032115,0
7966,103384,Smith,657,Spain,Male,46,9,106706.23805987825,2,1,1,84341.95726239447,0
7967,109761,Johnson,665,Germany,Female,52,1,97415.71231638156,1,0,1,137048.69170907556,1
7968,100028,Jones,689,France,Male,62,2,4553.25158774023,4,0,1,62617.52435179717,1
7969,108897,Smith,515,France,Male,40,5,14152.072266821848,3,1,1,16947.766922433184,0
7970,109212,Brown,602,France,Female,31,0,128214.55628879761,1,0,1,36905.449725519524,0
7971,109638,Davis,710,France,Male,32,1,37046.941059948986,2,1,0,63486.93881212951,0
7972,107756,Smith,672,France,Female,57,3,478974.95926462027,3,0,1,164064.5543400669,0
7973,106948,Davis,823,Germany,Female,49,0,37467.11300286066,4,1,1,51244.08701377867,1
7974,105755,Smith,597,Germany,Male,41,5,40900.18418494633,1,0,1,128522.52511741547,1
7975,103602,Smith,451,Germany,Male,30,3,54381.60060477327,2,1,0,69861.7413774682,0
7976,105062,Davis,603,France,Female,26,1,175826.43624006285,2,1,1,22664.844146847583,0
7977,108071,Garcia,383,France,Female,39,9,81484.34456903965,2,1,0,168365.77800028422,0
7978,107244,Smith,720,Germany,Female,24,3,194663.0575371938,2,0,0,187464.12243269934,0
7979,106372,Davis,649,Spain,Female,35,7,55723.12647049342,3,1,0,42907.59643618375,0
7980,107105,Jones,689,France,Female,56,5,93720.99493632396,1,0,0,107624.43264831556,1
7981,103581,Miller,705,France,Male,37,10,463.0019870729574,4,0,1,65817.76949821148,1
7982,102762,Miller,753,France,Female,35,0,85695.58620539658,1,0,0,115184.96387446216,1
7983,100572,Miller,390,Germany,Female,41,4,8394.988748612115,1,1,1,143928.46638930214,1
7984,107705,Miller,445,Spain,Female,53,10,21444.86544338698,1,1,1,197080.89348733178,1
7985,100614,Garcia,574,Germany,Female,66,5,600692.98522091,2,0,0,77215.96658049843,1
7986,104050,Johnson,619,Spain,Female,21,3,101384.77699810381,3,1,0,59522.85608085636,0
7987,100325,Davis,669,France,Female,57,3,203450.92963155586,4,1,1,137499.11269625355,1
7988,103740,Smith,662,France,Female,51,2,5903.390515346863,4,1,0,170415.54187405264,1
7989,100358,Williams,667,Spain,Female,20,9,48541.96660609064,2,1,0,16837.511248236307,0
7990,103777,Miller,493,France,Female,24,9,198370.18409281064,3,1,1,19747.1318357059,0
7991,105906,Brown,570,France,Female,53,5,52896.32841588245,1,1,1,121099.1417049466,1
7992,101721,Miller,617,Spain,Male,47,8,29253.407282003096,4,1,1,36158.415103492945,0
7993,101349,Miller,634,France,Male,18,6,65582.61970111598,2,0,0,130116.11889574822,0
7994,103696,Brown,599,France,Male,26,8,63665.241107417256,2,1,0,118210.91941945386,0
7995,103896,Garcia,675,France,Female,46,5,467623.1569033143,1,1,1,162576.0847837633,0
7996,104260,Brown,535,Germany,Female,52,1,43773.68137366481,3,1,0,161790.13229515578,1
7997,109788,Brown,601,France,Female,44,5,315465.7651367172,3,1,0,168423.1305094681,0
7998,109819,Garcia,700,France,Female,18,6,243079.00638788924,3,1,1,187605.21771224876,0
7999,106941,Brown,670,Germany,Female,28,1,59694.843983845,2,1,1,122789.97156231613,0
8000,103808,Smith,612,Spain,Male,24,0,290007.8726776054,2,1,0,38860.22739681955,0
8001,105246,Miller,614,France,Female,49,5,130518.90547395835,2,0,0,183904.66887677927,0
8002,108384,Johnson,602,Germany,Female,32,7,216291.98341764102,3,1,0,199339.96229964306,1
8003,103845,Garcia,616,Germany,Female,47,10,222350.72520130218,2,0,1,18828.203066473812,1
8004,102577,Williams,599,France,Female,41,5,8933.50484697476,3,1,0,125005.09564277894,1
8005,100091,Garcia,613,France,Female,21,7,227132.71172523286,1,1,0,82085.9844272236,0
8006,104234,Jones,679,Germany,Female,52,5,67252.25586523513,2,1,0,68810.98868459326,1
8007,108672,Williams,677,Germany,Male,56,5,101345.06762246438,4,1,1,156520.67024991108,1
8008,106592,Jones,518,France,Female,53,7,35741.448014553825,2,0,1,68365.08650953986,1
8009,108128,Davis,829,France,Male,42,2,103710.10964634581,4,1,1,39781.56168110057,0
8010,101075,Davis,595,France,Female,37,2,2745.1830426604574,4,1,1,57295.50977637899,0
8011,102513,Garcia,696,Germany,Female,29,5,46391.04884363087,1,1,1,112828.00447192049,0
8012,108168,Jones,542,Germany,Female,57,3,99044.55977713034,4,0,0,59471.69314769048,0
8013,106861,Williams,796,Germany,Male,63,6,21924.246504278617,4,1,1,77430.88517798971,1
8014,108990,Smith,703,Germany,Female,29,10,111663.88272868497,1,1,1,119883.9139132985,0
8015,100604,Garcia,688,Spain,Male,22,6,176540.07305326706,3,1,1,141975.96266054164,0
8016,102979,Garcia,632,Spain,Female,23,8,3805.2160539841743,4,1,1,24777.336487877707,0
8017,107140,Brown,465,Germany,Female,24,1,92621.40699029285,1,1,1,89108.3783011079,0
8018,107065,Garcia,816,Germany,Female,43,10,86899.42416336064,4,0,0,146195.3268045832,0
8019,104916,Miller,735,France,Female,19,1,152364.55401961476,2,1,1,73352.61357454542,0
8020,106800,Davis,617,France,Male,30,5,119570.57832092872,4,1,0,154292.72383343504,1
8021,100597,Miller,697,Germany,Female,31,8,60627.25346214511,1,0,1,76102.74983750585,0
8022,109724,Garcia,518,Spain,Male,41,6,43776.379392026785,1,0,1,154640.45481984544,1
8023,107320,Davis,459,France,Male,35,5,424393.42405588407,2,0,0,191663.17055583614,0
8024,108705,Davis,651,Spain,Female,45,4,69670.87801019262,3,0,1,106568.41227222639,0
8025,105622,Smith,570,Spain,Male,37,7,52412.872891301835,4,0,0,102537.44841366519,1
8026,101877,Brown,601,Spain,Male,42,1,496201.19160572055,4,1,1,102860.14049089744,1
8027,101699,Johnson,644,Spain,Female,67,2,19906.340989633543,2,0,0,191016.76555372315,1
8028,109221,Jones,531,France,Male,41,5,20595.868483854803,2,1,1,41590.05510390891,0
8029,105780,Williams,641,France,Male,43,0,374958.6387963156,1,1,1,151060.9010192026,0
8030,100716,Johnson,539,France,Female,75,7,107203.94568930552,1,0,0,141534.5666475859,1
8031,104086,Brown,751,Spain,Female,36,10,73342.55440879914,2,1,0,130739.89034058775,1
8032,100665,Miller,639,France,Male,61,10,7018.207432594314,1,1,1,150893.78794313743,0
8033,107846,Miller,702,France,Male,57,8,43984.089482635805,3,1,0,71742.58988460097,1
8034,106611,Miller,472,Germany,Male,24,1,56798.654390743206,1,1,1,186430.98052222468,0
8035,101079,Smith,708,Germany,Male,41,8,71621.91959864408,3,1,1,182621.95341047953,0
8036,108419,Davis,799,Germany,Male,48,4,57370.64104157295,2,1,1,55005.94412460839,1
8037,108340,Miller,661,Spain,Female,53,7,57644.71320055631,1,1,0,108491.96454431547,1
8038,101069,Williams,702,France,Male,27,0,526593.6288799999,4,1,0,70663.82970748813,0
8039,105263,Jones,626,France,Male,27,0,364930.74577453645,1,0,0,160571.7353291755,0
8040,107951,Garcia,687,Germany,Female,52,3,9014.124748369064,3,1,1,181206.1494558565,0
8041,101363,Garcia,810,France,Female,23,0,18467.175050567646,3,1,1,112372.65794497443,0
8042,104508,Johnson,850,Germany,Male,34,0,284060.7792209852,2,0,0,71991.1518297826,1
8043,101755,Jones,681,Germany,Female,18,4,38419.13359678522,4,1,0,133186.3859085325,0
8044,100519,Brown,548,Germany,Male,26,1,94556.52774935427,2,0,0,38416.74183308959,0
8045,105463,Jones,712,France,Female,35,3,159881.32667725533,2,0,1,107453.61833255945,0
8046,107233,Smith,526,Spain,Female,36,7,63652.87450809859,2,1,0,154516.85118499273,0
8047,101102,Johnson,587,Spain,Female,41,10,1675.8429409740497,4,1,1,61092.571472719545,0
8048,100597,Johnson,598,France,Female,37,5,176070.1935610365,4,1,0,85426.38544189137,0
8049,103273,Smith,850,France,Female,52,1,141157.1509688426,3,1,1,134864.49598713167,1
8050,105781,Jones,792,Germany,Male,57,2,4231.476545679711,1,1,1,192393.04946739075,1
8051,106256,Miller,772,France,Male,28,1,227663.89078663746,1,1,0,26537.298442375264,0
8052,107258,Smith,732,Germany,Female,18,3,194500.39708358631,2,1,0,40896.60456687093,0
8053,108780,Miller,559,France,Female,45,4,32164.666333012854,4,1,0,35688.509876896234,0
8054,106554,Williams,673,Spain,Female,54,8,8353.33709788408,1,0,1,53147.866269553815,1
8055,109599,Smith,833,France,Female,27,6,51612.92148372376,2,0,0,23000.59973384798,1
8056,108002,Miller,694,Spain,Male,34,7,207866.2447466158,4,1,1,79812.6430430985,1
8057,104846,Jones,753,France,Female,53,6,65857.72403949019,1,1,1,64452.667480375676,1
8058,109821,Miller,489,France,Female,55,10,33069.60711350184,1,1,0,48909.48592718631,1
8059,109186,Smith,722,France,Male,46,9,26366.046920326902,1,0,1,60082.43710235974,0
8060,104798,Brown,544,Spain,Female,39,7,43855.91619940748,1,1,1,132826.395018953,0
8061,106605,Garcia,627,Germany,Male,31,10,510757.6052757989,4,1,0,141387.90696491385,0
8062,102986,Smith,792,Germany,Female,42,4,210721.8059271913,4,0,1,186516.73149144268,0
8063,100400,Garcia,684,France,Female,40,2,79195.69542420069,3,1,1,51203.09082455358,0
8064,102855,Smith,731,France,Male,48,6,165241.9602447373,1,0,1,30611.421230994605,1
8065,103412,Jones,631,Germany,Female,45,0,38019.43319222739,3,1,1,22624.038559957182,1
8066,100056,Williams,457,Germany,Male,18,2,95505.98107247961,4,1,1,104485.73936312813,0
8067,108022,Williams,556,France,Male,36,6,206160.908590362,4,1,1,133278.71503214812,0
8068,101875,Garcia,718,France,Male,58,3,45836.969754706595,4,1,0,56735.582461094134,1
8069,104543,Davis,683,France,Male,18,6,161142.32074635162,3,0,0,137010.0628781235,0
8070,104298,Davis,816,France,Female,18,9,95275.46607556782,3,0,1,46887.26682328585,0
8071,103768,Jones,662,Spain,Female,23,9,95544.37798274416,1,1,0,53488.68190757684,0
8072,105752,Miller,560,France,Male,48,5,4196.471024617258,2,0,0,136728.3039465999,0
8073,104833,Jones,647,Germany,Male,31,3,229521.85442933696,2,0,1,191409.4532651615,0
8074,101353,Davis,749,Germany,Male,40,6,149675.29719668004,3,0,1,181742.3902579205,1
8075,104987,Jones,474,Germany,Male,46,7,3715.3533398735103,4,1,1,16672.267816686966,0
8076,106597,Brown,684,Germany,Male,46,7,94352.3912747928,3,0,1,196483.36776566607,1
8077,104311,Johnson,523,Spain,Female,29,6,137003.47991720395,4,1,0,80252.57982102306,0
8078,102934,Davis,666,Germany,Female,34,1,158534.16740532417,1,0,1,116011.5222081891,1
8079,100022,Davis,722,Spain,Male,36,7,9271.611019559688,4,1,0,76644.29615442811,0
8080,101209,Smith,705,Germany,Female,63,4,102148.66204295501,2,0,1,166908.20124727156,1
8081,108940,Jones,784,France,Female,35,8,26523.708146145924,4,1,0,138265.8502492059,0
8082,100804,Jones,675,France,Male,48,5,60045.441577780555,3,0,1,176854.78685335783,0
8083,108325,Jones,701,France,Female,49,3,74750.79996587458,2,1,1,51547.69417637119,0
8084,104416,Williams,704,France,Male,55,8,2772.511551219084,4,1,1,132242.67800577215,1
8085,108625,Jones,553,Germany,Male,52,0,35601.78414746728,2,1,1,111749.30331330682,1
8086,105141,Davis,637,Germany,Female,39,3,159673.13241867707,4,0,0,122524.79264130026,0
8087,104968,Smith,404,Germany,Female,46,10,184737.52271497654,1,1,0,80426.95337175648,1
8088,103671,Miller,687,France,Male,76,4,40049.337650400616,3,1,1,12793.869259746176,1
8089,107292,Miller,374,Germany,Female,27,3,58303.33356439909,1,1,1,144347.23381831142,0
8090,107001,Jones,734,France,Male,31,8,177901.02245600036,4,1,1,146171.2968795448,0
8091,102098,Smith,815,France,Male,21,0,22412.948314920115,4,0,1,175507.80539829566,0
8092,108444,Brown,699,Germany,Male,41,2,131295.21038263076,2,1,0,192930.50969234752,0
8093,105061,Miller,715,France,Male,32,8,52310.283874221364,2,0,1,49094.036864707436,0
8094,109321,Davis,770,France,Male,23,6,435083.17360142694,4,1,1,24414.07750895944,0
8095,103264,Johnson,606,France,Male,39,4,92075.41113391731,4,0,1,159465.900865718,0
8096,105435,Williams,522,France,Male,18,10,16025.471973291607,3,0,0,177137.10094802233,0
8097,108493,Smith,641,France,Female,57,5,18857.858886361882,4,1,0,43832.66159010599,0
8098,106691,Miller,573,France,Female,54,3,2768.6247290442025,3,1,0,32127.980350462298,1
8099,102763,Miller,657,France,Male,65,4,125466.13499363637,1,0,0,171503.15237033492,1
8100,104005,Garcia,675,France,Female,78,7,58578.75422268124,1,1,1,195799.65830835272,1
8101,103241,Brown,602,Spain,Female,18,4,1102.9435312453752,4,1,1,88420.37091304125,0
8102,103057,Johnson,578,France,Male,36,9,10694.012301337047,4,1,0,182079.7320854003,0
8103,100550,Johnson,434,Germany,Male,58,1,34167.39878710555,1,1,1,156919.37900514834,1
8104,105574,Johnson,633,France,Female,58,7,55185.13711946101,3,0,0,66126.03101837079,1
8105,105411,Davis,606,Spain,Male,51,2,278784.72427645756,3,1,1,41158.511253508055,1
8106,101587,Smith,613,Germany,Female,23,4,77934.21816033802,4,1,1,48319.952693829524,0
8107,105920,Brown,723,France,Male,43,10,224654.1107832488,4,1,1,110706.89123693184,0
8108,105260,Jones,846,France,Male,54,5,28838.925033617856,3,0,0,86444.78652417278,1
8109,104409,Garcia,614,France,Male,33,0,40381.536793598556,2,1,1,192192.38068124893,0
8110,105783,Brown,688,Spain,Male,27,2,212695.0964323863,1,1,1,89834.54398851571,0
8111,100712,Brown,675,France,Female,34,0,67601.81972763443,4,1,1,29885.65786240046,0
8112,105406,Miller,763,France,Male,30,6,89199.15485208004,1,1,1,34093.561034637416,0
8113,107990,Brown,558,Spain,Male,43,1,85373.38737693186,3,0,1,182233.66739176432,0
8114,107420,Smith,555,France,Male,18,9,103669.6266817162,3,0,1,109191.70801565378,0
8115,106843,Garcia,567,Germany,Female,63,6,88904.65029118353,1,1,0,189712.62348863456,1
8116,102433,Smith,423,Spain,Female,30,2,118536.74611489124,4,1,0,190612.9392583749,0
8117,103301,Garcia,645,Spain,Male,23,2,15932.135337957445,4,0,0,192979.73076955043,0
8118,100270,Garcia,544,Germany,Male,32,0,124004.50820731695,2,1,1,185202.93106147033,0
8119,109986,Miller,675,Spain,Male,43,6,16322.188710397473,1,1,0,178867.13251902882,1
8120,101079,Smith,410,Spain,Male,18,7,41614.90802363385,4,0,0,128547.60183214732,0
8121,105322,Garcia,644,Spain,Female,30,10,177991.11855857077,3,0,1,190893.14590573762,0
8122,108795,Brown,624,France,Female,38,3,93594.29351509453,1,0,1,161465.7952996643,0
8123,105257,Smith,595,France,Male,28,8,341627.55066175625,4,1,0,139935.11420387716,0
8124,107982,Garcia,749,France,Male,24,3,29075.05807605703,1,1,1,180059.8639052945,0
8125,109777,Davis,569,Spain,Female,53,9,253504.544275581,1,1,0,163937.99328382825,1
8126,106214,Johnson,680,France,Male,52,4,102700.9281195148,2,1,0,83429.40781323447,0
8127,105006,Smith,586,France,Male,52,10,46082.84764964312,4,1,0,64306.40229627855,1
8128,103985,Miller,815,France,Female,47,5,154547.26521840921,3,0,1,39986.39472692852,0
8129,109587,Davis,636,Germany,Male,21,8,309817.976927487,1,0,1,190689.69090718226,0
8130,108791,Davis,717,Germany,Female,38,8,151213.2306824909,2,1,0,27739.955564790343,1
8131,108705,Williams,710,France,Male,59,7,649.4796257141134,1,0,0,156742.3059945139,1
8132,105991,Smith,764,Germany,Male,20,9,1032.201769462942,2,1,1,84373.61490942465,0
8133,106227,Davis,664,France,Female,24,1,13486.692945432218,3,1,0,99446.68773939402,0
8134,109258,Smith,518,France,Female,43,9,190196.4978717746,3,1,0,34408.754347555354,1
8135,107833,Smith,694,Spain,Female,50,9,138728.2562223453,2,0,0,33932.371750493985,1
8136,102886,Garcia,677,Germany,Female,49,0,102102.22935244076,2,0,1,77758.04691219253,1
8137,102653,Smith,346,France,Female,43,1,118582.45907056695,1,1,1,145943.83596659295,1
8138,109280,Williams,482,Spain,Female,23,5,96707.38612587146,4,1,1,62082.33320947478,0
8139,104864,Jones,720,France,Male,46,10,42753.47890270748,2,1,0,142769.21052041528,1
8140,102514,Smith,792,Germany,Male,29,6,127457.31081339033,3,1,1,199355.7643815049,0
8141,103969,Johnson,641,Germany,Female,44,5,273488.321773626,3,1,1,91591.92479116164,1
8142,103284,Williams,730,France,Male,37,0,138497.91622112878,3,0,1,187842.60052246385,0
8143,107740,Jones,660,Germany,Male,34,0,201964.10653312595,3,0,1,26544.333537340735,0
8144,104566,Garcia,653,France,Female,73,0,27070.348511026867,3,0,0,70639.74008854243,1
8145,102196,Smith,635,France,Male,21,0,42968.406009995706,3,1,1,124438.47706891899,0
8146,100789,Jones,658,France,Female,27,9,70874.3964332303,3,1,1,52049.40472454036,0
8147,103475,Johnson,688,Germany,Female,55,9,63770.04470326473,1,0,1,81900.85854208867,1
8148,109856,Williams,609,Germany,Female,65,0,62733.53874211352,4,1,1,96621.01365006022,1
8149,101309,Williams,774,Germany,Female,49,1,102319.09033122502,4,1,1,138598.66983310293,1
8150,100864,Garcia,549,Spain,Female,35,1,193372.28232815547,3,1,1,52639.83638798977,0
8151,105389,Garcia,820,France,Female,27,3,218180.23324046415,2,1,1,78040.21856049547,0
8152,103363,Garcia,628,France,Female,51,2,16310.930809889862,2,1,1,191448.5072659434,1
8153,108215,Jones,644,France,Female,38,3,9447.792554380614,4,1,1,61734.225977778515,0
8154,103003,Smith,587,Spain,Male,31,4,37282.68917180415,1,1,1,150116.7332450778,0
8155,108502,Brown,690,Spain,Female,55,3,133646.38636300864,3,0,0,175682.70211637957,1
8156,101231,Davis,612,Spain,Male,36,2,157722.8913109951,3,1,1,138063.46867140222,0
8157,107959,Williams,602,France,Female,19,2,48333.510993605174,3,0,1,160159.50076311757,0
8158,102711,Brown,711,Germany,Male,40,3,37171.33059137224,3,1,1,196984.979212137,1
8159,106581,Miller,766,Germany,Female,33,5,13983.057313660165,4,1,1,74104.46632741157,0
8160,107705,Williams,545,Germany,Female,24,6,27211.39407454219,3,1,1,60222.32798368235,0
8161,100421,Davis,732,Germany,Male,43,3,10622.256744618688,3,1,1,96429.85790832478,0
8162,109965,Garcia,774,France,Male,45,7,36219.33629469262,4,0,1,131847.41527443504,0
8163,100946,Davis,473,Germany,Female,18,5,112739.12120590311,1,0,0,31772.322788060523,0
8164,109378,Smith,565,Spain,Female,55,4,13806.060937149483,1,0,0,21455.55273687148,1
8165,101834,Smith,772,France,Male,54,7,38758.02862303624,4,1,1,37507.45965262795,1
8166,101564,Williams,687,Spain,Female,37,5,75213.17345518676,4,1,0,43036.54737121998,1
8167,107332,Jones,820,Germany,Male,27,0,39616.88163887046,2,1,1,18981.013247769966,0
8168,104944,Miller,632,Germany,Female,47,10,57905.885930015065,2,1,1,123174.43973755823,1
8169,101308,Davis,597,Germany,Female,39,0,68690.30240079932,2,1,1,120932.19434554546,0
8170,102986,Garcia,786,Germany,Male,31,9,149169.45834943018,4,1,1,101897.55026392998,0
8171,100386,Smith,566,France,Female,31,9,185211.90525079606,3,1,1,36207.95966536353,0
8172,106131,Miller,625,Germany,Female,41,5,21367.579110412662,4,1,0,189928.06335657675,0
8173,109353,Miller,705,France,Female,58,7,46097.95639431481,4,1,0,144492.05110160203,1
8174,103258,Smith,715,Spain,Male,19,8,85604.20122656017,4,1,0,30691.441778850698,0
8175,106121,Johnson,570,France,Female,43,3,69190.74156058716,4,0,1,120218.57863087836,0
8176,104811,Davis,676,France,Male,25,10,8383.646901721602,1,1,1,19074.79799309167,0
8177,106574,Miller,620,Spain,Male,43,6,42306.52630848361,4,1,1,87805.59688430074,0
8178,106697,Smith,481,France,Male,47,8,25815.211398597632,1,1,0,163849.65234588488,1
8179,103933,Johnson,603,France,Male,20,7,54002.69177760473,4,1,0,111682.44853472532,0
8180,101439,Smith,486,Spain,Female,47,7,41246.262751995535,3,1,1,29671.705410379425,0
8181,106169,Smith,584,France,Male,42,0,118869.86940506501,3,1,1,171111.30796635168,0
8182,104480,Miller,529,France,Male,58,9,51323.619368773165,1,0,0,25617.045268593865,1
8183,100055,Jones,727,France,Female,39,5,27644.70306718156,2,1,0,103370.59014587922,1
8184,103324,Jones,680,Spain,Female,43,10,96666.50411927511,2,0,1,108392.32133396064,1
8185,106777,Garcia,803,France,Male,45,8,129788.51557850324,2,1,1,157342.33080465227,1
8186,100105,Davis,557,Germany,Male,60,7,11458.989613741676,2,0,0,197288.01698870055,0
8187,103201,Smith,662,France,Female,18,1,28933.08593555749,2,1,1,86736.01694809124,0
8188,100669,Davis,539,France,Female,18,4,23421.38564173594,2,0,0,132313.3498386404,0
8189,108934,Garcia,586,France,Female,37,10,22450.360987628617,4,1,0,109612.41584261088,1
8190,100966,Garcia,610,Spain,Male,44,3,232262.10146019005,1,0,1,26600.113856865682,0
8191,100307,Garcia,847,Germany,Male,18,7,13470.62483995795,4,1,1,161797.08885615197,0
8192,102138,Garcia,686,France,Male,38,8,204898.50540436164,3,1,1,110069.72551777997,0
8193,100109,Williams,637,France,Female,27,2,50071.75872064506,1,1,0,125878.35074959198,0
8194,103632,Miller,757,France,Male,19,8,102387.92728599173,1,0,0,75356.53772083862,0
8195,106728,Miller,717,Germany,Male,36,0,58151.445204177035,3,0,0,183941.04477964572,0
8196,105684,Williams,644,France,Female,49,6,91316.09528536272,2,0,0,141101.50936011758,1
8197,106499,Smith,717,France,Male,66,7,80219.33975771358,2,1,0,78842.83657792085,1
8198,101915,Williams,619,Spain,Female,70,5,56730.6226906083,3,0,1,105184.4260298759,1
8199,100556,Smith,850,France,Female,57,3,32161.767930738788,4,1,1,69168.66026559072,1
8200,107619,Jones,772,France,Female,43,3,267179.22790021717,4,1,0,131946.12849786566,1
8201,100104,Miller,609,France,Female,37,6,247654.98403133414,1,1,0,163966.09538800534,0
8202,102047,Brown,725,France,Male,41,9,7377.089363972255,4,1,1,76180.2857782357,0
8203,100145,Johnson,704,France,Male,41,5,25298.589266914943,4,1,0,165792.53638093814,0
8204,100873,Miller,678,France,Female,55,3,85347.17647335422,4,1,1,186218.33922505312,1
8205,100298,Williams,701,Germany,Male,62,4,393477.41725664475,3,1,1,86008.62003717259,1
8206,103238,Williams,568,France,Male,21,9,129989.1034779568,1,1,0,55120.54863034435,0
8207,108837,Jones,606,France,Female,34,3,170559.9687892412,3,1,0,189339.16123036703,0
8208,106382,Williams,815,Germany,Male,53,0,37720.20724098924,4,0,1,21897.275115138968,0
8209,102511,Smith,670,Spain,Female,37,3,24706.839128167823,3,1,1,102647.5411079755,0
8210,106596,Smith,579,France,Male,32,5,25613.456561631716,1,1,1,158399.66858724147,0
8211,100783,Brown,635,France,Male,56,10,66025.77845049406,2,1,1,20232.27433034091,1
8212,104992,Brown,596,France,Female,31,1,195531.58188579275,1,0,1,132241.44829564274,0
8213,100370,Miller,739,Spain,Female,48,6,24381.820297675364,4,0,1,169664.37622019637,0
8214,100486,Brown,593,Germany,Female,34,8,84471.02001335802,4,0,1,67735.51135229338,0
8215,107378,Smith,654,France,Male,72,10,165440.78575534368,1,1,0,70049.56373072133,1
8216,103196,Davis,583,France,Male,57,9,69385.98917079663,2,0,1,17952.347412186788,0
8217,109552,Garcia,850,Germany,Male,34,1,53940.096210424,2,1,1,115397.9742495598,0
8218,104287,Garcia,712,France,Female,43,6,42546.1838062922,2,1,1,23157.337183456355,0
8219,102261,Brown,708,Germany,Male,47,1,91741.27675656708,1,1,1,11999.501325429075,1
8220,109148,Brown,719,Spain,Female,32,8,170205.2981261263,4,1,1,35492.83491672409,0
8221,108572,Smith,610,France,Female,34,0,555466.7805259778,4,1,1,93475.9550162602,0
8222,100238,Jones,802,France,Female,51,3,203530.55133070782,4,1,1,152270.22006370124,0
8223,106843,Miller,643,France,Male,38,1,60284.99018928237,3,1,0,138780.51797964246,0
8224,101105,Williams,827,France,Female,18,0,8255.803947725617,4,0,1,70431.21076273068,0
8225,101386,Miller,617,Germany,Male,47,1,12844.40810731837,2,1,1,72058.35073765475,0
8226,109719,Johnson,721,France,Female,53,9,2976.36229516519,3,1,1,135480.77238894792,1
8227,101667,Garcia,666,France,Female,34,5,45045.709647195734,1,1,1,144851.05310479488,0
8228,102691,Davis,676,Germany,Male,27,4,65691.41082274738,2,1,1,147779.57417309115,0
8229,107756,Garcia,482,Spain,Female,58,0,171818.9054068375,1,0,1,41425.92299307453,1
8230,101996,Smith,551,France,Male,41,2,8963.360880378377,4,0,1,23846.10336197782,0
8231,101425,Miller,800,France,Female,37,9,25892.53856557584,3,1,1,106647.72420288944,0
8232,108023,Davis,521,France,Male,37,5,71468.11232356075,1,0,1,86696.6617543096,1
8233,106849,Smith,739,Germany,Female,60,4,189562.99905148134,2,1,0,186667.29201504556,1
8234,103247,Johnson,850,France,Female,42,5,9171.991884771489,2,0,1,12665.953771976963,1
8235,102592,Davis,705,France,Female,45,7,27896.808685788554,1,0,1,163994.91608661407,0
8236,101490,Miller,850,Spain,Male,36,5,78505.37418615467,4,1,1,198462.2596271056,0
8237,101224,Davis,719,France,Female,39,10,39210.22890995428,3,1,1,171801.98958018594,0
8238,102587,Johnson,676,France,Female,34,4,487930.21497473726,4,0,1,165093.87045508623,0
8239,107714,Brown,687,Spain,Male,46,10,60172.25508183784,4,1,1,15815.34252535517,0
8240,103064,Miller,632,France,Male,22,3,242313.84737205418,4,0,0,174633.25459779837,1
8241,107804,Johnson,629,France,Male,42,4,282831.78809371113,1,1,1,121640.11515193671,1
8242,100832,Williams,597,France,Male,33,10,30033.87198026887,4,1,1,134799.26546477442,0
8243,102440,Williams,692,Germany,Female,31,8,39526.84763388853,1,1,1,86370.14996487681,0
8244,104795,Garcia,850,Spain,Female,45,9,39176.46420293795,2,1,0,189441.43943736295,0
8245,101646,Williams,792,Germany,Female,39,10,57325.43769179707,2,1,1,110133.7867894622,0
8246,100440,Miller,670,France,Female,24,5,6523.280284421832,2,1,1,127951.348093178,0
8247,105956,Williams,711,France,Female,25,4,164690.0681061106,1,1,1,50942.81907958333,0
8248,109721,Williams,641,Germany,Male,42,10,14024.453422034545,1,0,1,116742.0202848634,0
8249,102367,Davis,792,Germany,Female,27,10,224116.15069406884,3,1,1,53153.28601924922,0
8250,106696,Brown,486,Germany,Male,18,7,85939.49085376435,4,1,0,33163.776039764874,0
8251,105190,Garcia,843,Germany,Female,51,4,65679.14240276307,1,0,0,108620.57648448172,1
8252,104663,Smith,595,Spain,Female,20,4,108113.14274897845,1,0,1,170996.82962476835,0
8253,107062,Garcia,611,France,Male,33,7,270456.72338632384,4,0,0,176893.73680342318,1
8254,104331,Garcia,527,France,Male,25,8,35192.48118657515,3,1,1,188118.19667950174,0
8255,109496,Garcia,665,Spain,Female,24,7,31496.527828058108,4,1,1,187985.28017495442,0
8256,103034,Johnson,581,France,Female,44,8,46184.191579951344,4,1,1,194087.23769880712,0
8257,109377,Smith,766,France,Female,29,8,66710.65193783358,2,1,0,147564.48504901453,0
8258,103262,Johnson,717,Germany,Male,35,7,7872.355264259999,2,1,1,32594.347929787888,1
8259,102107,Brown,580,France,Female,18,6,113939.43052284667,4,1,0,127989.89835973625,0
8260,107036,Brown,562,France,Male,65,6,73583.44170449811,3,1,1,126305.38634584685,1
8261,104320,Jones,585,Spain,Male,44,0,77635.03232255093,3,1,1,31780.172625467218,0
8262,105938,Jones,555,France,Male,59,6,28721.05996151052,3,0,1,144001.3818879952,1
8263,102747,Davis,622,France,Male,58,9,183633.7103744451,1,1,1,89584.72128676066,1
8264,104677,Brown,565,France,Male,56,5,50759.58391981621,2,0,1,24811.91430097809,0
8265,107972,Brown,766,Spain,Male,35,0,105630.82615688354,3,1,0,187755.90703170237,0
8266,104264,Johnson,600,France,Male,39,9,27451.71085758311,1,1,1,47716.89887749696,0
8267,103133,Davis,707,Spain,Female,24,9,169440.99390031793,4,1,0,34935.40568512432,0
8268,101465,Brown,708,France,Male,40,7,35626.95318049026,4,1,0,49774.22392499284,0
8269,104109,Miller,464,France,Male,20,8,254704.03365877617,4,1,0,155580.27682504253,0
8270,102211,Smith,721,Germany,Female,60,10,60658.90112350682,2,1,1,156884.81701283169,1
8271,105539,Johnson,479,France,Female,52,10,15682.936156068028,1,0,0,27736.491890049558,1
8272,109735,Brown,566,France,Male,48,1,94467.54576109929,4,0,1,108193.76520701879,1
8273,101689,Johnson,716,Germany,Female,30,3,81335.98286231286,3,1,0,141608.5250071276,0
8274,109763,Johnson,662,France,Female,56,10,54720.32584452364,3,0,0,140258.30689068153,1
8275,107727,Williams,615,Spain,Male,18,6,171319.41048501764,3,1,1,137993.06899318952,0
8276,107764,Davis,471,France,Female,37,10,54695.15347302461,3,0,1,91524.72667957094,0
8277,104541,Jones,746,Germany,Male,41,0,14644.007369568368,4,1,1,88667.51907045953,0
8278,103541,Davis,693,Spain,Female,63,7,2899.9506871153226,3,1,1,184804.052170529,1
8279,100818,Johnson,564,France,Male,19,8,222713.1697249626,3,0,1,191190.30018128452,0
8280,104521,Davis,553,France,Female,59,7,62867.72490936286,4,0,1,44810.90255868269,1
8281,101124,Garcia,752,France,Male,56,1,82773.48022943492,1,1,1,199144.279451214,1
8282,105660,Miller,680,Spain,Male,57,7,12187.505278149985,4,1,0,37503.38299946565,1
8283,105641,Miller,513,Germany,Male,30,7,67219.30114322087,2,1,0,159748.32114317885,0
8284,101129,Johnson,576,France,Male,45,1,76220.7682811429,2,0,0,31228.77724033569,1
8285,101702,Garcia,845,France,Female,52,10,62596.11356834357,4,1,0,129156.28033748205,1
8286,102001,Miller,750,France,Male,43,8,308172.07322377403,2,0,1,115976.8308283616,1
8287,106912,Williams,650,Germany,Female,44,0,84719.64305083705,1,1,0,199747.62650929377,1
8288,103878,Brown,652,Spain,Female,46,6,366466.51072353043,1,1,1,109218.68972637948,1
8289,107232,Johnson,432,France,Male,29,1,16644.80676625711,3,1,1,130978.78881711072,0
8290,109998,Williams,780,Spain,Male,29,7,245561.26484933207,2,1,1,147328.06755406328,0
8291,106331,Davis,604,France,Female,50,7,80502.07771080083,1,1,1,148278.94575415883,1
8292,106035,Smith,569,Spain,Female,29,3,35117.07813434367,1,1,0,131731.48392585362,0
8293,106523,Davis,724,France,Male,43,7,136940.38725021077,2,0,1,159414.34433310537,0
8294,108111,Williams,587,Germany,Male,19,4,81252.13379374286,4,1,0,149530.05386464478,0
8295,108736,Jones,467,Spain,Male,35,8,85725.8922631408,1,0,1,80952.63511630475,0
8296,102401,Jones,690,Germany,Male,61,0,18866.852845453872,3,1,0,34428.55605060815,1
8297,109481,Brown,498,Spain,Female,42,4,113924.79100863033,2,1,1,181735.2312914548,0
8298,108974,Davis,644,France,Male,56,8,34833.79015286993,3,1,0,13421.365098081236,0
8299,100539,Garcia,681,Spain,Male,64,5,43969.02367113113,1,0,1,49956.432597495026,1
8300,105615,Brown,622,Spain,Female,52,3,237061.1281867409,1,1,1,115211.34665804775,0
8301,102956,Miller,622,France,Male,45,0,19783.915531222752,1,1,1,159978.10135991956,0
8302,108077,Garcia,805,France,Female,37,9,217723.23384695427,2,1,0,51825.15133253482,0
8303,103722,Garcia,806,Spain,Male,35,5,69398.3645420977,1,1,1,131185.19938795836,0
8304,105087,Garcia,558,France,Male,34,10,19663.57631121443,4,1,1,82803.50532681987,0
8305,106460,Garcia,590,France,Male,55,6,166918.18687554277,2,1,0,12228.583253206798,1
8306,102170,Jones,596,Germany,Female,42,6,105698.10933701463,4,0,1,146320.21294152807,0
8307,103391,Davis,646,France,Male,51,8,42590.341751754626,1,1,1,129335.79069061096,1
8308,106942,Miller,641,Spain,Female,63,3,35771.272962880634,3,1,1,22039.211962578007,1
8309,101616,Jones,821,France,Male,67,3,54635.45742099892,3,1,1,175409.9176600462,1
8310,109108,Johnson,631,France,Male,49,4,14642.96047890263,2,1,0,43659.3826169718,1
8311,106458,Miller,546,Germany,Male,49,8,165678.89157182252,1,0,0,163126.57930836277,1
8312,102756,Jones,591,Germany,Female,36,1,32663.96709373357,2,0,0,87373.55869175703,0
8313,106853,Brown,687,Spain,Male,53,3,175369.70793935284,1,1,1,52686.85390641834,1
8314,107709,Jones,624,Germany,Male,26,8,131417.26503362742,4,1,0,121884.60569525773,0
8315,101936,Miller,681,France,Male,40,5,284448.1847728414,4,1,1,96575.92583034612,0
8316,103091,Miller,625,Germany,Female,23,5,10440.694191989278,2,1,1,181236.88684249757,0
8317,100968,Brown,722,Spain,Female,19,6,42952.50784550292,4,1,1,132956.27879190235,1
8318,107297,Smith,641,Spain,Male,43,4,97785.80674141286,3,1,1,166139.38566356982,0
8319,103203,Davis,528,Germany,Female,24,3,195599.76376865737,2,1,1,19515.367023446477,0
8320,106499,Miller,615,Germany,Female,30,10,16916.35355394207,4,0,1,101143.98867454733,0
8321,105173,Jones,850,France,Male,45,2,197615.2356950574,1,1,1,72896.4351246368,0
8322,100889,Brown,773,Spain,Female,53,1,6932.370525066084,2,0,1,41690.381318825865,1
8323,108984,Garcia,533,Spain,Female,68,6,64313.27286175332,3,1,1,195136.5401513902,1
8324,109173,Davis,827,France,Female,18,4,8822.400655690286,1,0,0,141565.3932026643,0
8325,107382,Miller,663,Germany,Female,26,0,16236.626064987908,3,1,1,69815.10962061858,0
8326,103531,Davis,601,Germany,Male,18,3,149130.01917001282,1,1,0,92836.91671617389,0
8327,100801,Davis,621,France,Female,19,8,1880.6780972766117,1,1,1,108812.62067518645,0
8328,108234,Williams,655,Germany,Male,46,7,81049.90455522273,3,1,0,14447.348904596169,1
8329,103349,Davis,758,France,Male,38,10,10347.551795510402,1,1,1,157467.50036395568,0
8330,108005,Garcia,669,Germany,Male,18,6,166739.2709548691,2,0,0,163718.15278243882,0
8331,109969,Johnson,683,France,Male,43,4,165113.00381159454,4,1,1,148403.38528686794,0
8332,103201,Davis,771,France,Female,62,0,121331.71642366832,1,0,1,82614.92605974626,0
8333,100349,Miller,610,France,Female,23,4,141033.45612964573,2,0,1,30335.05845084691,0
8334,109759,Brown,680,France,Male,45,7,89349.50882121504,1,1,1,12518.383532152273,0
8335,109321,Garcia,693,France,Female,62,3,66454.25005889828,3,0,0,93802.55265648855,1
8336,109972,Jones,663,Spain,Female,25,4,52787.57274991127,2,1,1,190512.5680390172,0
8337,100583,Jones,699,France,Male,37,7,108268.97754004871,1,1,0,99370.22490156948,1
8338,103377,Miller,580,Spain,Male,18,4,48256.06605042167,3,1,0,180811.74895718627,0
8339,106028,Smith,747,Germany,Male,59,3,279.5983360550006,1,1,1,123683.10161466258,1
8340,107694,Williams,594,Spain,Female,45,10,10619.36861678805,2,1,0,128662.95007333648,0
8341,106196,Miller,695,France,Male,29,3,105502.26183221629,2,1,1,162650.38258614475,0
8342,107083,Brown,671,France,Male,36,5,45400.6369001511,4,1,0,65873.52545367712,0
8343,103401,Garcia,581,Germany,Female,53,9,456134.7091491459,1,1,0,111375.94347641463,1
8344,103185,Williams,812,Germany,Male,18,0,43683.153307963046,2,1,1,28728.436631167126,0
8345,105285,Smith,821,France,Female,26,3,11476.4992901791,3,1,1,191528.27043263405,0
8346,109354,Miller,557,France,Female,42,0,39806.51918795485,2,1,1,198953.7297051481,1
8347,106772,Johnson,729,France,Male,52,5,116107.01940346566,1,1,1,119031.14487039404,0
8348,108490,Williams,637,France,Male,45,7,75136.1372554428,2,1,1,185229.93906314266,1
8349,103347,Smith,582,France,Male,18,3,94236.68826846218,2,1,1,168966.04874106654,0
8350,100788,Miller,686,Germany,Male,53,7,11792.468398573375,4,1,0,110625.43900552524,0
8351,104945,Davis,733,Germany,Female,56,1,175435.666931607,2,1,0,128485.2138249496,1
8352,102889,Miller,666,Spain,Male,54,4,232674.64608172682,1,1,0,148952.17080229946,1
8353,109569,Brown,613,France,Male,39,2,15706.323551594382,1,0,1,74041.25635604236,1
8354,105273,Miller,782,Germany,Female,30,6,98386.49676821417,2,1,1,69917.1333755793,0
8355,103272,Johnson,786,France,Male,60,8,26105.97269557155,2,1,1,167720.88598203525,1
8356,109069,Miller,581,France,Male,31,0,20122.70828484834,2,1,0,47137.92649616635,0
8357,105234,Jones,659,Germany,Female,41,7,22886.998156343023,3,0,1,56111.464466739,1
8358,109769,Smith,492,Spain,Male,52,3,73672.31461133332,1,1,0,123177.76284105449,1
8359,106902,Davis,733,Spain,Female,58,9,217068.16624258575,1,1,1,86452.18140353392,1
8360,107612,Jones,782,Spain,Male,28,10,170707.46346936686,1,0,1,36293.23940885728,0
8361,102492,Miller,688,France,Male,58,4,15476.485260566766,1,1,1,196958.26532581766,1
8362,106745,Johnson,546,France,Female,30,0,71318.62612415502,3,1,0,100749.90119435565,0
8363,109574,Smith,811,Spain,Female,51,4,16356.021904316454,1,1,0,199791.50557253216,1
8364,104240,Smith,850,Germany,Male,48,8,57633.97197222368,4,1,0,96622.01909200201,1
8365,102322,Miller,606,France,Male,40,7,82673.76762807454,2,0,0,159513.02908014957,0
8366,105298,Johnson,694,France,Female,18,7,166907.6571934835,1,1,1,144201.97339292476,0
8367,101861,Brown,731,Spain,Male,23,5,197547.22327841207,2,1,1,73040.37678408026,0
8368,106620,Davis,728,Spain,Male,53,8,2809.0813401015666,1,0,1,27274.199460603366,1
8369,104047,Smith,654,France,Male,45,3,116865.51936584082,3,1,0,40164.64608639313,1
8370,107581,Davis,829,Spain,Male,47,5,52790.23333952075,3,0,1,18790.185748969987,1
8371,107320,Johnson,493,Spain,Male,34,2,68310.53542820028,4,1,0,135389.48937028265,0
8372,101098,Williams,494,France,Male,33,1,25082.690378106076,3,1,0,23932.49362704572,1
8373,105247,Jones,648,France,Female,46,8,3487.0627572242443,3,0,0,67366.54172050045,0
8374,101734,Smith,824,Germany,Male,34,4,180417.7560967127,3,1,0,33174.04356686791,0
8375,104663,Williams,765,France,Male,45,10,26218.071327593345,1,1,1,121527.10030351307,0
8376,105909,Smith,500,Spain,Male,21,1,212274.5990277898,2,1,0,143757.4605946011,0
8377,103416,Brown,850,Spain,Male,40,4,7225.038193257855,4,1,1,95523.20935897014,0
8378,106302,Miller,705,France,Female,28,5,52497.96914274334,2,1,1,192062.61644000866,0
8379,107593,Johnson,534,Spain,Male,42,7,135613.69650363878,4,1,1,62262.74221935242,0
8380,100680,Smith,640,Germany,Male,22,4,29671.954087231217,4,0,0,198514.42296740637,0
8381,108163,Johnson,746,France,Male,58,1,342385.53607201646,1,0,0,121823.18463834951,1
8382,102070,Garcia,775,Spain,Female,18,6,101472.06173351813,2,1,1,173691.77850065887,0
8383,106668,Smith,643,Germany,Male,54,4,24512.37515078521,2,1,1,34187.9638186488,1
8384,108001,Brown,702,Germany,Male,34,10,157799.73926491363,2,1,1,196914.2371423941,1
8385,109921,Brown,637,France,Female,48,1,417130.9024757843,4,1,0,153840.74262242898,0
8386,102191,Miller,643,Germany,Female,45,5,28647.418432934996,4,1,0,123616.47963272857,1
8387,108859,Miller,722,France,Female,31,10,172881.2184841761,4,1,0,12497.28840335266,0
8388,109804,Williams,794,France,Female,32,6,378381.3855080519,1,0,1,12375.084737508936,0
8389,107586,Brown,536,France,Female,54,7,24939.874132769564,4,0,1,43404.216142790625,0
8390,108872,Johnson,626,Germany,Male,41,2,26726.471417125293,1,0,1,88303.00596675726,0
8391,109164,Garcia,589,France,Male,34,10,126270.94470378189,2,1,0,67332.73712786219,0
8392,102846,Davis,549,France,Male,33,3,300900.18335489783,1,1,1,171681.52331805325,0
8393,102463,Brown,544,France,Female,35,5,118834.72632792352,3,1,1,153156.11358410574,0
8394,106837,Smith,652,Spain,Female,63,2,70241.75338725105,3,1,1,179630.6019050339,1
8395,104922,Davis,542,France,Male,61,10,11118.799221602158,2,0,0,82035.29677645619,1
8396,104392,Davis,539,Germany,Female,64,5,258197.1058676558,3,1,0,159813.46843647686,1
8397,103183,Brown,632,France,Female,63,8,7160.426604788614,4,1,1,170360.98436698422,1
8398,103167,Garcia,552,Germany,Female,28,4,23766.953574507126,3,1,0,199443.8242876632,0
8399,102997,Johnson,700,Spain,Male,40,1,59919.74379894022,1,1,1,157971.46621138815,0
8400,106521,Smith,602,France,Female,30,9,69439.23175070384,4,1,0,173360.70913596917,1
8401,103227,Williams,530,France,Male,52,1,5675.927531268989,3,1,1,68834.75557609735,0
8402,106564,Williams,850,France,Male,36,10,8588.266602035685,2,1,0,137782.71069639412,0
8403,109920,Williams,436,Germany,Female,32,6,13367.469252573219,3,0,1,136232.68507381846,0
8404,102024,Miller,735,France,Male,33,3,4050.5596128398643,4,0,1,121502.1475395789,0
8405,100329,Smith,684,Germany,Female,27,8,379186.874270264,3,0,0,193095.73625921796,0
8406,102486,Davis,601,France,Female,49,8,27174.20439332735,3,1,1,90217.27328186904,0
8407,101155,Williams,559,France,Male,46,5,211628.23327392814,1,0,0,175113.90182908555,1
8408,104477,Miller,822,Germany,Female,28,9,153403.47633005303,1,1,1,22124.23536421427,0
8409,102185,Brown,850,France,Male,52,4,122378.41817218253,1,1,1,88758.58040672261,1
8410,107086,Davis,620,Spain,Female,43,6,107269.88406743732,3,0,1,25323.196333993405,0
8411,102317,Smith,606,Spain,Male,24,4,69038.77372424584,1,1,1,123514.3047561059,0
8412,103621,Smith,762,France,Male,23,8,82972.07716240651,1,1,1,123189.91244677911,0
8413,104491,Smith,625,Spain,Female,25,8,221327.8101849467,1,1,0,76905.45051802798,0
8414,102511,Jones,708,France,Male,52,6,150294.032249535,2,1,1,182302.43188830608,0
8415,107842,Miller,705,Germany,Male,61,3,26243.99834144717,4,0,1,42193.09036230056,1
8416,108641,Davis,653,France,Male,18,0,11007.247486822083,2,1,1,99054.67980459223,0
8417,109546,Johnson,666,Spain,Female,21,3,34776.485352273456,3,1,0,122754.63097312409,0
8418,107848,Jones,686,France,Male,58,2,14217.045354479522,3,1,0,48933.53073555322,0
8419,105404,Jones,541,Spain,Female,34,0,308922.6252660277,1,1,0,165948.1626343916,0
8420,105393,Jones,582,Spain,Female,54,9,48245.4081975283,4,0,0,97419.98682325994,1
8421,101293,Johnson,672,France,Male,40,3,19022.698306746315,2,1,0,110149.91966534422,0
8422,102465,Jones,604,France,Female,43,6,97383.49910832358,4,0,1,88158.44458387571,0
8423,103175,Williams,850,Spain,Female,55,1,50788.09519395008,3,1,0,125766.6113682498,0
8424,107849,Smith,663,France,Male,38,6,24585.26918325825,3,0,0,164945.56238345033,0
8425,109425,Davis,476,Spain,Female,26,5,5940.121122833923,1,1,1,74740.2155986519,0
8426,109629,Davis,368,Spain,Female,47,8,9702.626089406345,2,1,1,68927.24915350565,0
8427,108444,Smith,732,Germany,Female,32,10,82854.922870593,2,1,1,183391.98721331698,0
8428,108210,Miller,664,Germany,Male,73,1,138767.98445171138,4,0,1,199854.0971318663,1
8429,102759,Brown,794,France,Female,36,5,260078.66464994012,4,0,1,54503.06681113964,0
8430,105255,Garcia,585,Spain,Male,46,10,88052.31513969599,3,1,1,52475.470714660805,0
8431,108414,Williams,637,France,Male,52,5,105760.65656083169,1,1,0,39465.1413990415,1
8432,100002,Johnson,677,France,Male,57,5,27705.351085571016,3,1,1,66740.36222093746,1
8433,108130,Garcia,634,France,Male,56,2,32070.56068357421,4,0,0,105101.98994526378,1
8434,101259,Smith,626,Spain,Female,56,5,54053.64993776408,1,1,0,12493.865944925457,1
8435,108190,Jones,722,France,Male,37,8,203053.69330998225,4,1,1,56985.86123181433,0
8436,104323,Davis,566,Spain,Female,50,10,57154.854371129615,2,1,0,173339.06657395177,1
8437,105773,Miller,703,France,Female,18,2,27395.60548162581,4,1,1,34916.61547197539,0
8438,102568,Miller,832,France,Male,48,1,251946.8328080954,3,0,0,169462.39662283575,1
8439,101885,Brown,815,Germany,Male,49,7,53006.8973501584,1,1,1,117088.78821833947,1
8440,107060,Brown,469,France,Female,51,2,8284.945753217546,1,1,1,61555.87748158753,1
8441,107844,Smith,601,France,Male,52,4,78850.25460409727,1,1,1,97504.04416176597,1
8442,106111,Williams,679,Spain,Male,52,4,98466.49474964284,3,1,0,43776.27161198513,1
8443,109491,Miller,777,France,Male,33,1,310966.43550346553,3,0,0,123878.98846486681,0
8444,102338,Garcia,670,France,Female,35,1,164298.78272337493,3,0,1,26979.512840291016,1
8445,109268,Brown,777,France,Female,49,5,10659.809096614334,2,1,1,126706.70541252577,1
8446,103758,Davis,583,Germany,Female,18,1,71728.62401331082,1,1,0,101082.99687202535,0
8447,104810,Davis,682,Spain,Female,18,5,56936.23474361353,1,1,1,11793.96355314456,0
8448,109139,Smith,685,France,Male,30,6,49995.763538562715,1,1,0,186620.11391999194,0
8449,106791,Williams,781,France,Female,32,3,15060.568246541476,1,1,0,17163.422007407033,0
8450,107171,Smith,740,France,Female,43,9,47054.40096943718,2,0,1,172076.2167152764,0
8451,102731,Smith,719,France,Female,70,3,63504.75858799315,1,0,1,59635.61556300717,1
8452,100869,Williams,734,Germany,Female,32,2,24701.779170646663,2,1,0,196613.7681321351,0
8453,105166,Williams,529,France,Female,46,0,85768.16443029892,4,0,1,199938.45087023717,0
8454,100093,Williams,632,Spain,Male,18,3,25010.58299586545,3,1,0,55542.22725656871,0
8455,102987,Davis,549,Spain,Female,32,2,12933.251162269913,3,0,1,59083.76687715881,0
8456,109967,Davis,584,Spain,Male,49,7,413424.13694501447,1,1,1,171364.52384732224,0
8457,108627,Smith,632,France,Female,33,4,116603.8188561616,3,1,1,38072.14922028708,0
8458,104947,Brown,424,Germany,Female,30,6,90336.98180407414,1,0,1,12217.44985491119,0
8459,106651,Johnson,636,Spain,Male,18,2,39675.88323049391,2,1,1,130261.59577621474,0
8460,106979,Johnson,571,France,Female,27,2,23362.334893924744,3,1,1,62813.055409936795,0
8461,106794,Smith,544,Spain,Male,56,10,14098.314440773998,3,1,1,81068.25443247746,1
8462,106524,Smith,659,Spain,Female,32,5,6467.073972306373,2,0,1,95896.4184747529,0
8463,103144,Brown,611,France,Male,40,9,120301.53876803086,2,1,0,61668.627759761745,0
8464,103587,Williams,684,France,Female,27,3,32324.368834354624,4,1,0,33945.60861725326,0
8465,100076,Smith,585,France,Male,34,7,38290.94404571839,2,0,0,144939.66950551784,0
8466,109007,Miller,632,France,Female,56,2,17553.305803237658,1,1,1,104455.25973323485,1
8467,108959,Davis,850,Spain,Male,32,4,12461.568597241954,1,0,1,156411.1689267404,0
8468,106553,Jones,712,Spain,Female,28,0,68318.65922738206,3,0,0,182432.59704003608,0
8469,108297,Williams,565,Spain,Female,57,0,130017.07850151119,3,0,1,54195.170274417986,1
8470,106694,Miller,773,France,Male,38,7,470304.7424691551,2,0,1,180190.6978352035,0
8471,102873,Davis,804,Spain,Male,34,6,41475.41445075242,1,1,1,191811.2225617098,0
8472,103346,Smith,709,Spain,Male,41,0,109016.41336079617,2,0,0,67662.24908836417,0
8473,107024,Jones,571,Spain,Male,54,5,12337.299079548362,2,1,1,172543.9247979276,1
8474,103148,Miller,753,Spain,Female,40,1,81120.241975898,1,1,0,62960.33346194765,1
8475,109657,Garcia,592,France,Male,28,0,72998.22096112881,3,0,1,169292.3173611932,0
8476,100244,Brown,785,France,Male,40,9,3258.2882309223905,3,1,1,182505.54303631396,0
8477,102625,Davis,625,France,Female,18,4,65968.61749538861,3,1,0,193935.69899670372,0
8478,103849,Jones,622,France,Male,25,4,68405.5485116323,3,1,0,119656.57671008495,0
8479,109597,Smith,702,Germany,Male,44,1,46524.571242840095,4,0,0,114649.32296312464,0
8480,109173,Johnson,791,France,Male,39,4,85225.20123182058,4,1,1,30684.38281270139,0
8481,107737,Miller,850,France,Female,44,6,4663.627408169143,3,0,0,113220.60004100893,0
8482,108333,Smith,652,France,Male,45,3,186076.45655651667,1,0,1,169700.47400991755,0
8483,100892,Johnson,609,Spain,Female,51,1,73503.74899236152,1,1,1,13302.87880359122,0
8484,105487,Brown,567,France,Female,40,4,3267.7551689554684,2,0,0,182795.87007458182,1
8485,107251,Brown,501,France,Female,54,10,412077.2798148987,4,1,1,120141.61595241343,1
8486,107310,Williams,549,France,Female,45,5,48086.655847780065,3,1,0,132618.9155284669,0
8487,102399,Miller,673,France,Female,46,7,432208.21858002286,3,1,1,149102.16515469455,0
8488,104640,Williams,755,Germany,Female,26,8,19885.60907635391,1,1,0,186512.21137737288,0
8489,102960,Johnson,559,Germany,Male,28,10,3043.0524166502914,2,0,0,142403.9506762478,0
8490,107325,Johnson,728,France,Male,31,9,124961.13842154338,1,1,1,94465.00215705462,0
8491,101469,Brown,563,Spain,Male,67,7,290818.510197452,4,1,1,173377.20567537873,1
8492,103374,Jones,575,France,Female,59,6,8076.744136162361,1,1,1,190734.5290331977,1
8493,108847,Johnson,543,Spain,Male,25,8,133001.34889126802,3,1,0,128623.50095755594,0
8494,108234,Johnson,783,Spain,Female,38,8,7171.684318240403,1,1,1,155718.1160941859,0
8495,107923,Miller,810,Spain,Female,27,5,157943.1233230451,1,1,1,115666.1597007789,0
8496,105122,Jones,577,France,Male,27,2,87051.74039388212,3,1,1,32504.594110360536,0
8497,109852,Williams,569,France,Male,54,10,152245.02097227552,4,1,1,126684.21978651755,0
8498,105387,Williams,712,France,Male,18,7,46439.27154005161,4,1,0,118934.18372647121,0
8499,107631,Johnson,822,France,Male,46,2,235793.24407373238,4,1,1,105845.43131424503,0
8500,107226,Miller,811,France,Male,38,0,36048.465250841524,4,1,0,117928.91475350683,0
8501,105108,Williams,611,France,Female,53,3,33296.33443162089,3,1,1,75468.2435353549,1
8502,102224,Williams,631,France,Female,41,8,323486.0405219821,4,1,0,162581.9405104949,0
8503,102110,Garcia,526,France,Female,61,7,13103.87520220832,3,1,0,57385.94251108691,1
8504,100957,Miller,610,Spain,Male,39,5,89785.42401252528,3,1,1,92985.67436206042,0
8505,107146,Williams,659,Germany,Female,53,2,85333.10991673649,1,1,0,146018.30014923593,1
8506,100560,Brown,515,France,Male,42,2,27015.38930886564,1,0,1,117523.23833355072,0
8507,109522,Smith,595,Spain,Female,40,6,38137.71714258098,3,0,1,36169.33816968021,0
8508,107413,Johnson,672,Spain,Male,57,4,33769.65941968464,1,0,0,104925.63637122668,1
8509,101312,Davis,498,France,Female,40,2,187124.12004933727,1,1,1,152307.78725742517,0
8510,101821,Johnson,696,France,Female,41,0,49356.396114987736,2,1,1,24842.1772201997,0
8511,105646,Brown,752,France,Female,28,10,44425.99131390221,2,1,1,172043.53454525396,0
8512,104945,Davis,707,Spain,Female,39,8,101258.35830226952,2,1,1,107900.93677376627,0
8513,105374,Smith,600,France,Male,18,10,68420.07584393988,4,0,0,111113.69567066559,0
8514,102651,Smith,767,Spain,Female,32,4,55507.94237840347,1,1,0,117846.33969068112,0
8515,109933,Brown,788,Germany,Female,43,10,123587.80207360734,4,0,0,57471.50110330367,1
8516,104701,Jones,681,Germany,Female,36,6,53208.21045898697,3,1,0,83321.27596192708,0
8517,102877,Jones,664,France,Female,35,9,25123.210617152374,4,0,1,137607.83504692,1
8518,105582,Smith,588,France,Female,47,8,135420.06296256807,1,0,1,86002.0401998442,1
8519,105390,Jones,609,France,Male,62,3,7022.302105158676,2,1,1,188286.3920675604,1
8520,104083,Jones,757,France,Female,33,10,803677.1397276173,4,1,0,182346.08722308505,0
8521,100745,Jones,834,Germany,Female,51,4,90790.35335537954,1,0,1,44741.02870457758,0
8522,108749,Smith,608,Spain,Female,38,2,24373.192129553063,2,0,1,48993.370900307134,0
8523,100941,Davis,632,Spain,Male,46,6,22087.273585042007,3,0,1,89021.9106073619,0
8524,104023,Jones,585,France,Female,69,0,31981.390524365732,3,1,1,121453.08635959693,1
8525,102296,Davis,606,France,Male,52,7,211421.44639270287,3,1,0,177836.74058495296,1
8526,100939,Johnson,524,Spain,Female,57,2,175266.47820722227,4,0,1,35243.63263875799,1
8527,101610,Garcia,692,Spain,Male,32,3,15610.207152045316,3,0,1,161438.01381668542,0
8528,106300,Smith,523,France,Male,37,9,91639.23561669968,4,0,1,34460.91747684544,0
8529,101725,Brown,595,Germany,Male,22,3,241802.88912871073,4,1,0,116216.54997116198,0
8530,109176,Jones,643,France,Male,29,10,132100.9999987165,4,0,1,120775.29366824205,0
8531,109779,Williams,518,France,Male,42,6,88541.58992437467,4,1,1,193211.53703439955,0
8532,109528,Smith,572,Germany,Male,28,6,23399.00293185326,2,1,0,153235.20128769276,0
8533,108853,Miller,537,Spain,Female,42,3,287401.72058675764,2,1,1,147868.99124202784,0
8534,107187,Brown,759,France,Female,32,5,222381.2211020228,4,1,1,16295.306055893356,0
8535,100032,Garcia,792,Germany,Male,41,7,38746.547629648456,2,0,0,154062.27185460983,1
8536,105985,Johnson,571,Germany,Male,49,9,68852.78522641034,1,1,0,139344.84504497782,0
8537,103414,Davis,850,Germany,Female,47,3,8538.43182413173,2,1,1,139546.33815122524,0
8538,101156,Davis,556,Germany,Male,45,0,99819.39145705159,3,0,0,21125.85314062736,1
8539,103126,Miller,607,France,Female,58,6,5591.370694301313,4,0,0,85420.95414228734,1
8540,108252,Brown,699,France,Male,18,1,236463.8715071403,2,1,1,33219.60851420496,0
8541,101543,Jones,708,Germany,Female,38,10,212354.129624615,2,0,0,183416.49149812607,0
8542,100271,Williams,618,Germany,Male,50,2,33052.42065598279,4,1,0,80701.89220389444,0
8543,105295,Jones,759,France,Male,18,7,135498.5115214508,4,1,0,176670.9385813006,0
8544,104076,Brown,769,France,Female,64,1,57867.15538534979,1,0,1,71446.54342812594,1
8545,105902,Smith,649,Spain,Female,34,1,186666.58920386198,1,1,1,138035.77783113546,0
8546,102709,Miller,634,Germany,Male,28,3,6344.02482132787,4,1,1,13362.444284278827,0
8547,109346,Williams,588,Germany,Female,50,5,70462.71791092516,4,1,1,143022.2911697073,0
8548,105221,Davis,545,Germany,Male,27,9,50648.11715374356,1,1,1,142956.093383576,0
8549,109937,Miller,569,France,Male,59,10,30160.273177979914,1,1,1,37550.42987461635,1
8550,108529,Miller,704,France,Male,39,1,23481.215049693106,2,1,0,95886.25156552122,1
8551,106722,Williams,650,France,Male,60,8,112865.6829376685,2,1,0,140306.19102355384,1
8552,108201,Davis,625,Germany,Female,57,1,22551.863619450938,3,1,0,111596.23536978186,0
8553,104144,Davis,592,Germany,Male,40,8,100020.54106304867,3,1,0,185933.45113745393,0
8554,105606,Brown,595,France,Male,28,6,49382.20522429434,1,0,0,51308.77531931386,0
8555,106766,Garcia,645,France,Female,65,10,27787.99026112655,4,0,1,193411.9884180898,1
8556,100730,Garcia,637,France,Female,18,2,153115.83637728653,4,1,1,104464.04436420788,0
8557,104890,Jones,649,Germany,Male,33,8,45239.01226535871,2,0,1,199945.5153157336,0
8558,101648,Brown,605,France,Male,52,8,1506.08824229166,3,1,1,91909.53268401393,1
8559,104228,Williams,582,France,Male,18,5,190478.40886304737,2,1,1,175256.1956200091,0
8560,102130,Brown,650,Germany,Male,20,1,37764.7290332121,4,1,1,169119.72754854974,0
8561,104366,Williams,714,France,Female,36,6,172772.79457161133,2,1,0,113117.82317869455,1
8562,101506,Miller,599,France,Male,43,3,79039.34850535516,2,1,0,155278.2631671527,0
8563,102158,Jones,411,Spain,Female,18,3,213137.90654301012,2,1,1,151532.49756282425,0
8564,102916,Smith,513,Spain,Male,55,6,54140.139065968404,1,1,1,36586.28278707946,1
8565,103229,Miller,757,France,Female,36,4,18569.784024978882,3,1,1,149958.49501225,0
8566,109858,Davis,749,Germany,Female,49,0,1817.108911501285,2,1,0,148532.2999678294,1
8567,106265,Smith,714,Germany,Male,27,2,150747.10410135513,2,1,0,92675.89922206476,0
8568,104136,Brown,701,Spain,Female,33,6,151085.10929301905,2,1,0,40543.28791752971,0
8569,102689,Williams,751,Germany,Female,43,8,21768.44893277923,3,1,0,96595.04024287355,0
8570,107190,Smith,615,Germany,Female,41,8,311130.7614561477,4,1,1,152306.46006007143,0
8571,102810,Miller,663,Spain,Female,49,6,297770.0109150244,1,1,0,177311.91173309012,1
8572,106152,Williams,572,France,Male,49,4,45491.80416739279,1,1,1,81095.86672150888,0
8573,100012,Jones,632,Germany,Female,21,3,15968.652275511275,2,0,0,75282.09423102745,0
8574,105938,Miller,839,France,Male,41,8,33393.48795566714,4,1,1,48658.701595988736,0
8575,107999,Davis,567,Spain,Female,36,5,264943.0592126725,4,1,0,80685.08340041134,0
8576,107219,Brown,533,Spain,Male,44,9,94016.57244434071,4,1,0,56596.296584279626,0
8577,105328,Williams,630,France,Male,34,1,245786.32173907832,4,1,0,75028.03717659105,0
8578,103621,Brown,610,France,Female,39,2,2308.2373249002153,2,1,0,113425.7038813287,0
8579,103683,Williams,676,France,Male,68,6,470100.4311333846,1,1,1,118581.17593282115,1
8580,107872,Miller,729,France,Female,21,3,98884.73685163668,3,0,1,151298.15990370067,0
8581,105310,Garcia,612,France,Male,32,6,20546.402029711116,2,0,0,196792.00987936134,0
8582,100652,Garcia,850,Germany,Female,18,4,70679.10461452548,3,1,1,28454.43221876833,0
8583,105799,Williams,773,Germany,Female,30,0,171533.48817510056,1,1,1,55970.424011568255,0
8584,108812,Jones,573,Germany,Male,22,9,15208.753106820586,2,0,0,88803.72639777434,0
8585,103790,Brown,642,France,Male,68,2,93800.54610079009,2,1,0,193889.77238186568,1
8586,101645,Davis,702,Germany,Female,34,8,118272.90867888997,4,0,1,64575.665164578175,0
8587,104512,Johnson,567,Spain,Female,32,3,53242.87495865867,3,1,0,176860.75697196426,0
8588,104759,Williams,443,France,Female,48,4,78001.53368958188,3,1,0,88071.58439468479,1
8589,105874,Williams,842,France,Female,22,1,181610.2294754621,3,1,0,192210.42775468942,0
8590,103688,Garcia,539,France,Male,50,9,303155.6782061976,4,1,1,18418.268139203927,0
8591,107689,Smith,735,France,Male,50,10,80786.13269717798,4,0,0,57168.702372913285,1
8592,101379,Miller,720,Spain,Male,62,7,121275.61549165787,4,1,1,18929.69885489509,1
8593,104243,Garcia,568,France,Male,47,0,38979.7684511726,4,0,0,153204.6281671043,0
8594,109580,Brown,845,Spain,Female,18,10,40655.2197206298,2,0,1,134413.285983491,0
8595,106507,Garcia,656,Spain,Female,56,3,219287.58632995668,1,0,1,55300.51596332211,0
8596,107819,Johnson,663,France,Male,86,5,10387.023410734044,1,0,1,21960.580764976632,1
8597,108593,Jones,496,France,Female,38,7,23002.68931035643,1,1,0,160847.00679778896,0
8598,102653,Miller,438,Germany,Female,39,3,31456.564901642785,3,1,0,154763.3467890842,0
8599,105611,Johnson,625,Spain,Male,31,1,9910.932381590646,3,1,1,184796.9692069309,0
8600,106127,Jones,779,France,Male,18,3,110146.67653947085,1,1,0,43081.28455415755,0
8601,103923,Johnson,463,Spain,Male,44,0,236736.76428708865,2,1,1,119725.26590286361,0
8602,108459,Davis,664,Germany,Male,30,7,2736.6021847730576,4,1,1,184577.87937205442,0
8603,105912,Miller,658,France,Male,44,8,29074.58449111296,1,1,1,50308.42554970864,0
8604,105130,Garcia,774,Germany,Male,44,2,253340.83054009118,3,1,1,126009.16504181316,0
8605,105439,Johnson,751,France,Male,67,7,62666.88149839354,3,1,1,125966.1093717128,1
8606,107880,Garcia,664,France,Female,32,8,216831.85043675714,4,1,0,19457.48448400014,0
8607,106449,Miller,640,Germany,Female,20,7,288310.2298057797,3,0,0,158965.7528920603,0
8608,101725,Garcia,578,France,Female,43,1,470347.9967573638,3,0,1,160333.09416355033,0
8609,109304,Brown,535,France,Male,37,1,50371.01076657307,4,1,0,47698.055661365666,1
8610,107522,Garcia,587,France,Male,67,9,42003.412902166616,4,1,1,19592.690630807632,1
8611,104784,Smith,539,France,Male,51,3,138086.24615121193,1,1,1,147241.8949749069,1
8612,109472,Johnson,639,France,Female,37,0,90278.05552460164,1,1,0,36981.25261461442,0
8613,101232,Miller,646,Germany,Male,54,2,107647.02782409232,4,1,1,141482.01091654782,1
8614,108808,Williams,622,France,Female,55,3,76006.25350947405,2,1,1,39898.76624329545,1
8615,108338,Williams,660,France,Male,24,1,72183.78369879138,3,1,1,173676.77275610802,0
8616,107446,Williams,604,France,Female,45,6,37828.96238611495,1,1,0,126791.06660348158,0
8617,104616,Miller,734,France,Female,72,9,90535.17157891724,3,1,0,120251.21305676058,1
8618,104725,Smith,672,France,Male,18,2,31226.868338662476,3,1,1,112253.7689681211,0
8619,103677,Garcia,601,Spain,Male,27,6,43952.691882718136,3,0,1,19352.400991946182,0
8620,106287,Johnson,533,Germany,Female,35,6,99586.02755102399,2,1,1,169617.2418232795,0
8621,108480,Jones,641,Spain,Female,46,10,101232.21310343777,3,1,1,96963.9834947926,0
8622,101409,Jones,764,France,Male,43,8,86065.97110760928,3,1,1,81304.74537666891,1
8623,108205,Miller,708,Spain,Male,42,3,112309.73993531916,1,1,1,130469.89213196769,1
8624,100256,Brown,725,Germany,Male,36,3,53088.10976892147,3,1,0,105741.67058008826,0
8625,101721,Smith,722,Germany,Male,43,0,90227.1065925472,2,1,0,65755.83379373331,1
8626,101423,Johnson,771,France,Female,60,10,10013.644608827126,2,0,1,39495.40046867483,1
8627,104953,Garcia,736,France,Male,64,5,66111.45140327702,3,1,0,30674.782755558026,1
8628,102990,Williams,664,Spain,Female,55,5,88199.63678654496,2,0,0,56140.7240521427,1
8629,101195,Smith,609,Germany,Male,57,6,54853.8311292988,4,1,1,175519.240471546,1
8630,104559,Smith,737,Germany,Female,40,8,1711.0520711373235,2,0,1,32273.828803801185,0
8631,104365,Johnson,408,France,Male,78,9,120731.65310363116,4,1,1,165178.97235623427,1
8632,101244,Miller,776,France,Female,18,9,60786.8397831734,2,0,0,175159.69062002603,0
8633,106766,Garcia,719,Spain,Male,42,9,16923.97639980602,2,0,0,167032.55957355403,1
8634,105302,Davis,813,France,Male,50,8,359421.1307876757,1,1,1,174289.65622479634,1
8635,101306,Davis,538,Spain,Male,40,4,285447.38997638377,3,1,1,52093.86637439541,0
8636,102402,Miller,766,France,Male,55,1,17279.07784183706,1,1,1,199129.79553738827,1
8637,100496,Miller,716,Spain,Female,36,0,122828.88202566122,4,1,1,113854.52011164586,0
8638,103399,Brown,589,France,Male,58,1,72880.59129908081,1,1,0,164312.5419151823,1
8639,100909,Miller,636,France,Male,40,1,34150.03111056889,1,1,0,103003.49893115292,0
8640,100372,Garcia,629,France,Male,33,0,115319.07028007982,2,1,0,47554.42028784774,0
8641,106236,Brown,613,Germany,Male,31,7,59389.19802531251,4,1,0,171008.8035026761,0
8642,101344,Davis,515,France,Female,43,2,228776.4053061084,2,1,1,104022.55493427296,0
8643,108515,Brown,767,Germany,Male,30,9,121615.69852246121,4,0,0,194768.33286162862,0
8644,102431,Williams,555,France,Female,18,9,70843.50497313292,4,1,1,164442.67408352613,0
8645,104670,Williams,545,Spain,Male,18,7,60126.878053631524,2,1,0,152983.25579112643,0
8646,102784,Davis,769,France,Male,31,5,3208.4974917317722,3,0,1,147074.4474309922,0
8647,109407,Johnson,509,France,Female,33,0,17537.143608453825,3,1,1,126351.07825597136,0
8648,101695,Davis,619,Spain,Male,57,6,4612.410325802883,4,1,1,180631.36916126127,1
8649,101907,Garcia,550,Germany,Male,44,2,6553.058354991097,3,1,0,128598.12818218944,0
8650,104814,Miller,813,Germany,Male,41,8,6944.900980656605,2,0,0,199235.2026387674,0
8651,100780,Brown,764,France,Male,27,8,1418.2430995215664,2,1,0,110008.52224466742,0
8652,101019,Johnson,567,Spain,Male,81,3,156707.9609633414,2,1,1,26985.705686364738,1
8653,101403,Brown,550,Spain,Female,39,1,65118.33821534834,1,1,1,154289.21712519517,0
8654,101426,Smith,726,Spain,Male,53,9,138289.08492599212,1,1,1,19868.347278131514,1
8655,108855,Jones,693,Spain,Male,39,8,18359.165143417333,2,0,1,84254.9769724626,0
8656,105868,Jones,614,Germany,Male,47,4,184019.97411617247,4,0,1,96259.29895854172,1
8657,100010,Brown,605,France,Female,18,10,9883.429054563529,1,1,0,178871.60187265815,0
8658,106330,Johnson,626,France,Female,44,7,38870.11749618011,4,1,1,117296.77681134532,0
8659,109230,Davis,740,Spain,Female,40,8,46315.220254696345,2,1,0,189462.22169572845,1
8660,102825,Williams,807,Spain,Male,40,10,26883.54314158727,4,1,0,56827.813274425505,0
8661,107464,Garcia,832,Germany,Male,55,0,14769.251883632995,2,0,0,64440.79724771128,1
8662,103003,Brown,576,France,Male,18,10,98908.95231360842,4,0,1,80385.56312188476,0
8663,109267,Brown,655,Spain,Male,31,2,852.5487807143526,1,1,0,149090.93550280007,0
8664,107195,Garcia,784,Germany,Male,18,6,156847.46393879974,4,0,1,139732.75520866815,0
8665,106720,Davis,562,France,Female,35,1,4324.245061239947,2,1,0,50357.77670719327,0
8666,103088,Miller,581,France,Male,55,3,332555.20880336274,3,1,1,87646.03044076737,0
8667,101789,Williams,729,Spain,Female,53,3,202706.9467503356,3,0,1,77863.32470460774,1
8668,103036,Brown,603,France,Female,35,6,53538.99299706827,1,1,1,154635.06433234742,0
8669,107377,Smith,502,France,Female,42,1,15397.559538489955,2,0,1,80916.08755728012,0
8670,107598,Williams,567,France,Male,33,7,204512.57766025903,4,1,1,154001.3325373714,0
8671,104838,Smith,749,France,Male,39,7,103324.1078769673,2,0,1,114896.519227252,0
8672,105872,Jones,674,France,Female,55,5,70274.69510201398,2,1,1,189174.62907958316,1
8673,103653,Garcia,493,Spain,Female,64,3,38479.14321975226,1,1,1,195784.23207742788,1
8674,104299,Williams,589,France,Female,49,1,82390.04431177887,4,1,1,130190.24430494796,0
8675,109268,Miller,832,Spain,Female,38,2,53638.96237902449,2,1,0,184853.4695640459,1
8676,100973,Williams,643,France,Female,65,2,62617.37788572378,3,1,1,147548.77234831458,1
8677,107083,Johnson,625,Spain,Male,47,2,186725.11476123362,4,1,1,139302.96212061323,1
8678,105494,Johnson,650,France,Female,34,3,304642.15526511695,3,1,1,99286.4905204949,0
8679,109491,Garcia,670,Germany,Female,36,6,328835.7215289779,3,1,1,117135.86320921431,0
8680,103406,Miller,610,France,Male,32,8,238525.15315493773,1,1,0,84953.39925938507,0
8681,105150,Williams,784,France,Female,50,9,162081.49441701785,3,1,0,44547.15638358905,1
8682,109350,Davis,602,France,Female,43,3,60450.84575702246,3,1,1,185809.1702292283,0
8683,103129,Jones,749,Germany,Female,42,6,9238.236797443338,1,1,0,51500.576685520246,0
8684,100104,Miller,832,France,Female,30,9,99590.65022127413,2,0,1,113685.7442422298,0
8685,107433,Brown,687,Spain,Male,68,5,51420.49533561272,2,1,0,150458.39015366248,1
8686,107689,Garcia,545,France,Male,36,9,116172.7618318816,2,0,1,166743.4118885627,0
8687,103567,Davis,668,France,Female,56,8,24946.83490710087,3,1,1,78581.17728721417,0
8688,104348,Miller,593,France,Female,23,7,144702.12288670414,2,1,1,135533.10411229025,0
8689,104390,Garcia,739,Germany,Female,47,1,18712.349795705875,4,1,0,95079.66621043041,1
8690,106811,Miller,670,France,Female,29,2,165325.69407353803,3,0,0,166404.66946428927,0
8691,101181,Johnson,638,France,Male,47,5,242710.95605420103,2,1,0,135397.10939545126,1
8692,104644,Jones,549,Germany,Male,26,4,230567.82228872986,3,1,1,20387.856562649147,0
8693,105873,Garcia,463,France,Male,21,1,42556.45578592064,4,1,1,126505.1603439276,0
8694,104394,Jones,568,Germany,Female,24,1,49398.72971228383,1,1,1,143924.9213407777,0
8695,103534,Garcia,715,France,Male,18,4,182080.844434033,3,1,1,182776.49354985292,0
8696,105844,Johnson,768,Germany,Female,28,4,117816.78319071418,1,1,1,21129.46478362012,0
8697,105939,Brown,618,Spain,Female,51,0,74798.23009973214,4,0,1,124068.11704059967,0
8698,106475,Davis,555,France,Male,27,9,323341.57679212413,1,1,1,105923.9088507965,0
8699,101774,Johnson,668,France,Female,29,10,72621.60465715511,4,1,0,132373.36983872953,0
8700,108283,Garcia,718,Spain,Male,43,2,27947.214106827174,1,0,0,155773.5256081531,0
8701,100446,Jones,727,Germany,Male,18,8,113914.03697501676,4,1,1,36893.22169782097,0
8702,100108,Smith,669,France,Female,49,9,71792.24151363064,2,1,0,113683.52312529145,0
8703,103239,Johnson,850,Germany,Male,37,2,22807.163229010344,2,1,0,109669.27098894179,0
8704,105931,Jones,776,France,Female,45,5,16538.28420396628,2,1,1,108634.49579100231,1
8705,104053,Miller,527,Spain,Female,37,5,43860.99765494554,1,0,1,89459.64750446875,1
8706,104537,Miller,503,Germany,Male,34,1,352813.691952387,1,1,0,171648.64757437067,0
8707,106361,Johnson,536,Germany,Male,52,6,15754.780322015133,4,1,1,23509.1723862427,0
8708,101245,Garcia,766,Spain,Male,38,8,63756.96542741478,4,1,0,84088.37849188359,0
8709,102720,Miller,479,Germany,Male,48,8,39590.190079919674,3,1,0,123074.29306582223,1
8710,108469,Jones,695,Germany,Male,54,7,286506.3460295317,3,1,0,182830.96159292237,1
8711,107741,Davis,632,Spain,Female,21,4,47399.997512251255,1,1,1,130305.69733969808,0
8712,105105,Brown,525,France,Female,28,7,25651.406363264236,1,0,1,36290.03827863063,0
8713,102922,Jones,674,France,Male,26,8,65050.88206057042,2,1,1,139883.3791507256,0
8714,102513,Miller,632,France,Male,33,0,16686.51730174244,2,1,1,75550.57046373602,0
8715,109030,Miller,730,Spain,Male,41,0,47713.2101748308,3,1,1,122188.54382493864,0
8716,102801,Williams,487,Germany,Female,25,10,131849.723695863,4,0,1,119178.08980283745,0
8717,106981,Smith,560,France,Female,26,4,91464.55081674544,4,1,1,44056.49206262615,0
8718,108221,Garcia,562,France,Female,33,6,1100.5866435894259,4,1,0,165865.27209963909,1
8719,106502,Jones,716,France,Male,52,8,68899.07899132707,1,1,1,113336.70285201496,1
8720,106038,Miller,626,France,Female,31,8,167742.04757339312,2,1,1,84381.76156255393,0
8721,106229,Garcia,768,Spain,Male,40,2,82736.36912050941,4,1,0,50372.00518364402,0
8722,109449,Johnson,610,Germany,Male,34,0,63563.16140463769,2,0,0,184172.24511833143,0
8723,100364,Johnson,672,Spain,Male,37,2,53627.242564183354,4,1,1,57186.172302108585,0
8724,101800,Jones,798,France,Female,29,7,76928.21134571724,3,1,1,187724.56418037307,0
8725,105958,Williams,472,Germany,Female,18,6,7685.328180996133,2,1,1,113591.84606001464,0
8726,109096,Miller,652,France,Male,29,4,160777.66486284803,3,1,0,106318.47162554969,0
8727,107436,Jones,646,Spain,Male,42,10,194174.90465191024,2,1,1,100469.38410786494,0
8728,104793,Brown,571,Spain,Male,39,9,89727.67920539892,4,1,1,177695.11408309883,0
8729,108160,Williams,633,Spain,Female,49,8,386302.63790105795,4,1,0,164944.40280602494,1
8730,100179,Miller,681,Germany,Female,18,3,81018.62514856129,4,0,1,138996.0609191258,0
8731,103873,Miller,575,France,Male,44,5,2754.0518386877943,4,0,1,110275.17382531038,0
8732,103960,Garcia,655,Germany,Male,30,4,62334.89832053983,4,0,1,135320.82440552372,0
8733,101186,Jones,548,France,Male,27,5,51063.145933803746,4,0,0,57401.68518260785,0
8734,100773,Miller,629,France,Male,46,3,21578.690106540285,4,1,0,105193.30761633777,1
8735,104460,Garcia,742,France,Female,50,2,76452.96505243325,1,0,1,38102.13975381122,1
8736,100352,Miller,747,France,Female,56,4,60657.700243267864,2,0,0,35752.898239643015,1
8737,106943,Smith,767,Germany,Female,47,4,18772.56875235508,3,0,0,145100.69700664963,0
8738,105202,Williams,639,France,Male,37,10,70542.42135651145,1,1,0,189245.13330730522,0
8739,105344,Jones,617,France,Female,18,1,179835.35337691673,2,0,0,162785.48881409477,0
8740,104507,Smith,723,France,Female,57,9,71183.17363405816,3,1,1,188492.46645435813,0
8741,104830,Jones,766,Germany,Female,42,3,24516.144153388308,2,1,1,53383.942489055604,0
8742,100117,Brown,658,Germany,Male,25,2,115800.77211344399,3,1,0,60881.97897352536,0
8743,100481,Johnson,801,France,Female,42,6,203867.60922760988,3,1,1,91445.09249660076,0
8744,104287,Davis,721,Spain,Female,18,4,42332.08214751959,3,1,1,83773.79359986729,0
8745,106802,Garcia,592,Germany,Male,59,5,7371.79528125162,2,1,1,67744.09551443947,1
8746,108298,Jones,605,France,Male,33,10,246325.4410791941,2,0,1,66669.85853124101,0
8747,104477,Williams,645,Germany,Male,22,6,114639.38040154056,3,0,0,183611.58016082688,0
8748,106533,Jones,492,Germany,Male,58,1,476055.6398789836,3,1,1,45664.64316255117,1
8749,100243,Jones,594,France,Female,19,9,118594.90347911317,4,1,1,176326.172873574,0
8750,107012,Jones,764,Germany,Male,38,3,13263.133789585494,3,1,1,107657.85601844946,0
8751,100865,Davis,784,Germany,Female,41,5,56765.11180727021,4,1,0,186221.01436004104,0
8752,109753,Miller,678,France,Male,19,2,4380.887365874897,4,1,0,14945.240357108276,0
8753,105329,Jones,695,Germany,Male,32,5,41778.20851289833,4,0,1,53405.51103122595,0
8754,100603,Miller,619,Germany,Female,18,9,153848.2211261805,3,1,1,105579.39770684174,0
8755,105756,Williams,585,France,Male,32,0,81109.48511512887,3,1,1,38236.87987648816,0
8756,104018,Williams,707,Spain,Male,18,7,61422.69650247867,3,1,1,52094.89822127742,0
8757,105192,Jones,606,France,Female,52,9,188284.1679375064,3,1,1,100930.36403554688,0
8758,102015,Miller,819,France,Female,29,4,19492.53691523651,4,1,0,156232.4965637943,0
8759,109850,Johnson,690,Germany,Male,20,10,77354.10084349827,3,0,0,159538.69766602715,0
8760,103380,Jones,694,Germany,Male,42,0,104237.15131162363,4,1,0,127562.18340037475,0
8761,103770,Garcia,544,France,Male,18,9,260052.9892666155,4,0,0,182849.20298077853,0
8762,105829,Garcia,418,Spain,Female,27,9,17871.876665956926,4,1,1,130168.671229299,0
8763,101613,Williams,694,Spain,Female,49,10,122651.5318187448,2,0,0,16068.917072341017,0
8764,101879,Davis,600,Spain,Male,18,0,4690.4490634112535,1,1,0,109173.80694914791,0
8765,105372,Garcia,748,France,Female,34,10,83762.38074782913,4,0,0,193885.5438497686,0
8766,104108,Garcia,558,Spain,Female,26,9,103560.51924672154,4,0,0,135203.8622798496,0
8767,109291,Brown,596,Spain,Male,18,2,183209.960281102,1,1,1,141285.698917596,0
8768,109266,Jones,761,Spain,Male,21,5,39131.38565568659,2,1,0,33083.75066705313,0
8769,108978,Jones,693,Spain,Male,28,1,119301.11357800239,3,1,1,79351.36612927381,0
8770,100148,Jones,549,France,Male,42,7,9727.692426123867,2,1,0,171047.08261945832,0
8771,101754,Jones,653,France,Female,59,10,25174.177950173536,3,1,1,32367.28377278689,1
8772,107378,Smith,840,France,Male,38,9,148497.8250183133,1,1,0,169702.2904187777,0
8773,106681,Jones,664,France,Male,40,6,223168.78373963133,2,1,1,119565.90947691134,1
8774,103756,Davis,635,Spain,Female,50,10,1638.2425782952948,1,1,0,85789.11209714453,1
8775,109371,Miller,739,Germany,Female,45,1,18203.4618608084,2,1,1,186841.2720512217,0
8776,109116,Williams,685,Spain,Female,28,0,23592.73931129356,2,0,0,17128.523192829904,0
8777,105392,Miller,794,France,Female,30,6,73269.57796491029,1,0,1,186196.03788830535,0
8778,109795,Davis,725,France,Female,47,6,16744.67107440299,1,1,1,177083.6837613419,0
8779,103052,Williams,740,France,Female,46,2,373236.5151572007,1,1,1,197513.93113661613,0
8780,105692,Smith,799,Germany,Female,42,9,49079.77180325266,3,1,0,90097.09797945835,1
8781,104218,Jones,620,Spain,Male,29,7,15410.46178115452,1,1,0,98379.8047726747,0
8782,104803,Johnson,590,Spain,Male,63,7,148825.45928136958,4,1,0,144468.68481967042,1
8783,102377,Miller,515,France,Female,26,4,82510.59953896042,4,0,1,32353.308523215546,0
8784,105086,Jones,628,Spain,Male,37,6,245459.96237783387,1,1,1,57473.80525454073,0
8785,103182,Williams,519,France,Female,60,2,274258.91865150444,1,1,0,94858.73416815592,1
8786,103160,Miller,686,Germany,Male,40,5,193715.51246582626,2,0,0,146804.81873818964,0
8787,106576,Brown,588,France,Female,38,2,83089.44950126507,4,1,1,105119.10930088302,0
8788,108903,Garcia,746,France,Female,43,10,25180.121338146284,3,1,1,54834.080610596844,0
8789,102586,Brown,727,Spain,Female,29,8,55963.45767289318,2,0,1,66554.1099384858,0
8790,102648,Johnson,611,Spain,Female,37,6,65883.69230639054,3,0,1,152827.10835225042,0
8791,107313,Jones,747,France,Female,50,0,371007.0691516248,1,1,0,163422.50172607042,1
8792,101717,Smith,664,France,Female,53,7,29116.95728222297,2,1,1,93759.67857939308,1
8793,105308,Jones,472,France,Male,62,8,57044.58747284621,4,0,1,48006.64193154699,1
8794,107407,Johnson,551,France,Male,27,9,82632.20272519263,2,0,1,119896.0027133561,0
8795,100870,Johnson,577,Germany,Male,58,1,49616.01953656303,3,0,1,86966.63657291849,1
8796,103574,Garcia,651,Germany,Male,48,0,12853.905814119456,4,1,1,131963.67289548885,1
8797,105827,Johnson,607,France,Male,55,10,221129.83523763265,3,1,0,166998.22878778636,1
8798,107986,Brown,597,France,Male,19,3,161551.80023321693,4,1,1,111070.5959366189,0
8799,108462,Garcia,708,France,Female,27,8,29638.05963727471,1,1,1,181504.7589644355,0
8800,109735,Jones,728,France,Female,42,5,59325.94334026825,1,1,0,81050.12480118837,1
8801,108741,Miller,588,Spain,Male,49,10,132900.07412633393,1,1,0,102168.85384149247,1
8802,105769,Jones,565,Spain,Female,32,9,363327.75555358105,4,1,1,119100.57578240689,0
8803,105733,Smith,776,France,Male,33,7,18333.636051951522,2,1,0,147032.84735453842,0
8804,109904,Johnson,850,France,Male,23,6,101607.34227004307,1,1,1,111201.06973609426,0
8805,103240,Johnson,555,France,Female,31,4,170128.6185681254,4,0,1,164402.58237462063,0
8806,109554,Williams,739,France,Female,33,4,2624.4948577881564,4,0,1,142831.60370872836,0
8807,104893,Garcia,636,France,Male,33,5,166593.76026085517,1,1,1,77531.67427932176,0
8808,109476,Williams,717,Spain,Female,25,5,156018.0341899099,4,1,1,132149.67937532542,0
8809,100886,Garcia,554,Spain,Female,67,4,257023.40885243626,4,1,0,71251.4210082565,1
8810,105854,Brown,524,France,Male,54,7,8820.138395924205,1,1,0,146591.60012243295,1
8811,105318,Garcia,537,France,Male,48,2,13271.712271364644,2,1,1,134699.62855634288,0
8812,102258,Jones,593,France,Male,56,8,73123.01722511386,3,0,1,44990.86571644306,1
8813,104382,Smith,626,France,Male,47,4,205280.09295193446,2,1,0,143569.57956769285,0
8814,101785,Miller,744,Germany,Female,72,8,207553.37479292072,4,1,0,36206.19441808148,1
8815,107727,Garcia,566,Germany,Male,26,4,120418.53452320305,4,1,0,28904.00385881898,0
8816,100295,Garcia,586,France,Female,18,2,59555.23810864808,4,1,1,132691.93488864455,0
8817,102597,Garcia,850,Spain,Female,25,8,26283.876554780756,1,1,0,74398.60278357811,0
8818,100680,Smith,655,Germany,Male,18,1,64374.83549453774,3,0,1,41865.21609305286,0
8819,104890,Johnson,678,France,Female,20,4,24470.4670031688,4,1,1,197622.77341875446,0
8820,104298,Smith,724,France,Male,29,2,148289.20148946685,4,1,1,175485.29390922957,0
8821,100324,Davis,597,France,Female,36,6,54732.90010533668,2,0,1,44906.21880420953,0
8822,107952,Davis,648,Germany,Female,55,3,77514.30207347251,4,1,1,189367.18466035018,1
8823,100986,Davis,617,Germany,Female,64,7,114235.55415393806,4,0,1,125766.0574745512,1
8824,103118,Johnson,641,Spain,Male,43,0,74744.70388087466,1,1,1,109534.96234892664,0
8825,100760,Davis,734,Spain,Female,20,4,140775.42566681484,2,1,0,78813.17904110001,0
8826,107758,Miller,717,Spain,Male,31,7,154207.08090909928,2,1,1,72132.79092487476,0
8827,109228,Jones,421,Germany,Female,34,1,27804.12525469735,4,1,0,30986.72210900205,1
8828,100906,Smith,749,Germany,Male,32,5,35402.144522970666,1,1,0,45763.001506297755,0
8829,105499,Johnson,615,Spain,Female,18,6,6115.353017890179,1,1,1,62281.39361606384,0
8830,100364,Jones,689,France,Female,58,5,9342.65420721345,3,1,1,150295.59405827455,1
8831,107769,Jones,609,France,Female,18,9,176887.9809332784,3,1,0,192448.91818109795,0
8832,103413,Johnson,644,France,Male,31,2,24079.807613846246,4,0,0,99292.04757510152,0
8833,108027,Davis,781,Germany,Female,41,5,179977.26550095264,3,1,0,81490.83268549613,0
8834,107939,Johnson,683,Spain,Male,41,6,426003.77175923734,1,1,1,173445.12276171742,1
8835,109261,Brown,776,France,Female,32,2,27814.33459321884,2,1,1,139841.68986336072,0
8836,103081,Jones,644,Germany,Male,43,9,61687.768550248344,3,1,0,57703.9138544357,1
8837,105448,Johnson,634,France,Female,23,1,77016.08712705702,4,1,1,112978.51585796148,0
8838,103258,Jones,651,Spain,Female,37,2,286152.4622861134,1,1,1,178037.3067708498,0
8839,102107,Davis,523,Germany,Female,19,0,19678.179752846874,3,1,0,135929.83329408037,0
8840,107928,Smith,380,Spain,Male,25,6,180776.875152142,1,1,1,81845.11949318236,0
8841,102933,Miller,571,France,Male,53,3,316491.52610262774,2,1,1,92262.93807107884,1
8842,102829,Williams,752,Spain,Female,35,2,80837.07814220844,1,0,1,180887.51119199893,0
8843,108633,Davis,792,France,Male,36,5,16533.831345661263,4,0,1,144987.23226738343,0
8844,105006,Williams,449,Germany,Male,31,2,40617.2180165147,3,1,1,107679.59328855702,0
8845,101559,Garcia,778,France,Female,28,10,319645.6338777234,1,0,0,139348.98688129906,1
8846,101741,Johnson,590,Spain,Female,39,9,18419.112990550955,2,0,0,140722.01868338927,1
8847,105830,Johnson,507,Spain,Female,72,2,66871.36338016922,3,1,0,118473.14492060835,1
8848,107523,Davis,755,Spain,Female,18,8,21054.765007060418,3,1,0,129818.93367110727,0
8849,100625,Jones,599,Germany,Male,24,1,234471.27996303275,4,1,1,78103.49180588793,0
8850,101690,Davis,850,France,Male,24,4,89266.19310056647,2,1,0,77461.7133719263,0
8851,108282,Garcia,582,France,Female,18,9,256846.99822338857,1,1,1,75482.07969068813,0
8852,106310,Davis,622,France,Male,37,9,292192.6962145345,2,1,1,18868.787279201213,0
8853,103006,Johnson,552,France,Male,35,1,67132.42850775633,2,1,1,167617.9785193923,0
8854,104302,Davis,664,Spain,Male,29,5,276625.00823439745,2,1,0,41251.99311626898,0
8855,101088,Jones,729,Spain,Female,48,3,70.84569967150219,1,1,1,29328.250181671578,0
8856,106007,Johnson,476,Spain,Female,32,6,21332.445642721214,3,1,1,91253.57520402454,0
8857,104611,Jones,715,France,Female,36,0,132425.2987035342,2,1,1,101895.13765945093,0
8858,109372,Davis,609,Germany,Female,41,7,74757.84759108242,1,1,0,61165.76737246446,1
8859,107928,Johnson,563,Germany,Female,33,1,470520.70839768316,3,1,0,191805.81145394975,0
8860,104490,Brown,509,Germany,Male,64,3,153378.77512993643,4,1,1,42975.19848437165,1
8861,108378,Miller,747,France,Female,33,10,109101.67724325013,1,0,1,119682.01184427759,0
8862,101597,Jones,678,Spain,Female,48,6,243233.70285775646,2,0,1,126636.23357780745,0
8863,103747,Miller,591,France,Male,37,7,41128.3512252955,2,0,0,135076.97256349697,0
8864,102670,Brown,727,France,Female,38,8,18341.679221367718,1,1,1,161155.58821220492,0
8865,108431,Brown,702,Spain,Male,52,4,79203.94604593205,1,1,0,174564.8203844296,1
8866,102580,Brown,736,Spain,Male,34,8,27243.101443194017,2,1,0,66535.55104973222,0
8867,107432,Brown,814,Spain,Female,38,8,26446.797960006006,1,0,1,197359.27340353664,0
8868,108330,Smith,671,France,Male,42,2,36571.68248846505,2,0,0,89568.8992002863,1
8869,102506,Miller,843,France,Male,30,6,112435.70624142182,1,1,1,159323.96104444368,0
8870,104725,Davis,792,France,Male,46,7,2387.2827419978385,4,0,1,19293.35857453216,0
8871,104300,Garcia,728,Spain,Female,61,0,189704.30047508754,3,1,1,152020.62404066641,1
8872,109941,Davis,480,France,Male,26,10,94687.04552897143,4,1,0,168047.71774295386,0
8873,108759,Davis,660,Spain,Male,29,9,36305.860213758104,1,1,0,31994.009417695426,1
8874,107002,Miller,674,Spain,Male,23,4,12002.815868059199,4,0,0,69247.18912077798,0
8875,109073,Davis,671,Spain,Male,66,0,156076.47222030518,4,1,0,95940.82218168401,1
8876,106131,Williams,639,France,Male,48,2,57347.01114628227,3,1,0,155515.77738259317,1
8877,108831,Smith,714,France,Female,19,1,57147.11917964731,1,1,0,111372.45312586779,0
8878,104537,Davis,727,Spain,Male,18,1,63531.35580111632,4,1,1,130544.3768781789,0
8879,102335,Johnson,482,Spain,Male,48,3,53434.932484050005,4,1,1,81046.49815616831,0
8880,104321,Davis,785,Spain,Female,73,4,72009.70285761649,1,1,0,175464.0965860707,1
8881,102985,Johnson,502,France,Male,38,10,99601.69140394252,3,1,1,80625.13755017164,0
8882,100559,Garcia,609,Germany,Male,18,0,56389.67815407051,4,0,0,100945.35708303613,0
8883,100713,Williams,561,Germany,Male,18,10,360464.43262161355,2,0,1,94878.66027348765,0
8884,104593,Williams,577,France,Female,33,5,50682.829557493744,3,1,0,159596.95143011655,0
8885,103988,Williams,758,Germany,Female,18,10,24135.7919804571,1,1,1,166269.76052788898,0
8886,106203,Brown,662,Germany,Female,35,10,391732.7421121514,2,1,1,182253.1486263842,0
8887,100256,Smith,718,France,Male,46,4,35113.33331815251,2,1,0,54896.41903613827,1
8888,108768,Davis,713,France,Male,42,3,96971.4480629349,4,0,1,183228.64951461696,0
8889,100037,Johnson,458,France,Female,45,5,176375.4211913438,4,1,1,66180.7546147413,0
8890,108652,Smith,594,France,Female,42,1,396.25890564580465,1,0,1,177012.11782336063,0
8891,109632,Smith,724,France,Female,49,7,33244.697771373096,4,0,0,173072.79336235416,0
8892,101832,Smith,715,France,Female,35,5,75889.91579216697,3,0,0,97261.37972191648,1
8893,107600,Williams,474,Spain,Female,40,2,60858.901532463504,2,0,1,162014.28789450284,1
8894,105167,Garcia,753,Spain,Male,58,3,7558.315050598632,3,1,0,151624.0100239986,1
8895,100432,Garcia,711,Spain,Male,50,1,59249.921314817366,2,0,1,20057.590306605827,1
8896,104151,Williams,553,France,Male,20,3,11199.3237587784,1,0,1,16517.944425335263,0
8897,106411,Johnson,690,France,Male,26,8,28750.837477246216,2,0,0,28136.539316278624,0
8898,101751,Johnson,627,Spain,Male,19,3,138145.83738919106,4,1,1,190244.2225457674,0
8899,104997,Johnson,699,France,Male,35,7,19671.06148826254,1,1,1,145896.77730511708,0
8900,105720,Davis,469,Germany,Male,18,2,109446.17991910214,1,1,0,89668.98992110982,0
8901,107616,Garcia,614,France,Male,47,4,360933.67051553476,1,1,0,53185.718242437324,1
8902,100256,Davis,768,France,Male,24,1,28366.771226699093,2,1,0,190156.49964786635,0
8903,100671,Garcia,703,Spain,Female,18,8,30049.34346390973,3,0,1,57613.28936694295,0
8904,100489,Smith,729,Spain,Male,71,8,305957.6302360812,4,0,1,114025.10156117062,1
8905,106889,Williams,626,Spain,Male,28,9,109403.98251936863,3,1,0,57397.60284210764,0
8906,102096,Brown,706,Spain,Male,18,6,147012.78882904132,2,1,0,148512.48635557631,0
8907,101682,Smith,633,Germany,Female,30,1,156788.11742108624,3,1,1,44082.22560956302,0
8908,102460,Jones,557,France,Female,62,3,130880.77633404196,3,1,1,123767.85520864824,1
8909,104529,Davis,624,France,Male,18,5,376349.93226243154,3,1,0,133978.03019291128,0
8910,105121,Garcia,795,Germany,Male,53,8,32123.250557744104,1,1,1,193201.14049289117,1
8911,101975,Smith,763,France,Male,18,5,73057.79178501359,2,1,1,125175.97635267557,0
8912,103216,Williams,550,Spain,Male,46,3,109087.7564505202,2,1,0,102968.82049756339,1
8913,109581,Jones,608,Germany,Female,22,0,122847.43070855993,4,1,1,85577.60765334073,0
8914,104515,Miller,557,Germany,Female,39,6,21338.501095327825,4,1,1,31518.005875985855,0
8915,105692,Davis,667,Germany,Male,31,6,208350.83679238337,1,1,0,147609.0214108377,1
8916,109776,Smith,749,France,Female,43,5,168602.1371249991,2,1,1,58153.1514083836,0
8917,104939,Williams,850,Spain,Female,47,2,30675.41537191318,4,0,0,70480.75853354181,1
8918,105563,Williams,507,Spain,Female,46,4,78518.84259699789,4,1,1,13814.214390833467,1
8919,102963,Garcia,735,Germany,Female,28,6,34914.470434045106,1,1,1,135746.61735985053,0
8920,104529,Brown,649,Spain,Male,43,5,45552.89633850386,4,0,1,154558.90873841563,0
8921,106786,Smith,613,France,Female,52,6,76264.55680582562,4,0,1,29359.061614518985,0
8922,106200,Williams,556,Spain,Female,35,4,77540.59767013286,4,1,1,37399.23698294177,0
8923,100976,Davis,827,France,Male,41,0,75941.27194262532,4,1,1,166636.38685748776,0
8924,107345,Johnson,487,Spain,Male,21,9,78583.08353642325,3,1,1,150011.77830296487,0
8925,100045,Williams,601,Spain,Male,43,10,101096.05010140243,1,0,0,34900.03388854564,0
8926,101193,Brown,686,France,Male,29,4,1583.1553163624533,1,1,0,91226.52886112675,0
8927,104512,Williams,695,Spain,Female,35,1,15061.6399371178,3,0,1,70319.3914393398,0
8928,104943,Garcia,774,Spain,Male,38,9,63540.1477139395,4,0,1,42457.60790304342,0
8929,106282,Miller,561,Germany,Female,41,9,123233.96929457129,2,0,1,94172.9924227075,0
8930,100246,Smith,712,Spain,Male,32,1,71185.56152908057,4,1,1,172099.71084831364,0
8931,103219,Garcia,643,Spain,Female,63,3,99139.79790628488,3,1,1,165375.28513281269,1
8932,108983,Smith,654,France,Male,24,5,352997.6006918619,4,1,1,122011.23461165778,0
8933,100636,Jones,604,Spain,Male,18,4,130957.70692346612,1,0,0,117030.44290530834,0
8934,103775,Smith,666,Germany,Female,19,6,281119.0820807457,4,0,1,134923.35727356182,0
8935,102421,Jones,635,Spain,Male,23,9,1918.8419212687977,2,1,1,195342.03657555586,0
8936,109280,Garcia,614,Germany,Male,39,7,59268.40609183015,1,1,0,166700.52021949316,0
8937,104183,Johnson,597,Germany,Male,65,9,43775.430275871535,4,1,1,51767.97085918919,1
8938,100712,Davis,687,Spain,Male,44,0,122255.84187474665,4,0,1,99535.25960153589,0
8939,105845,Brown,516,Germany,Male,34,7,265124.128017844,2,1,0,152226.13853673267,0
8940,105323,Johnson,630,France,Male,28,2,4111.59404791642,4,1,0,171381.43780157148,0
8941,106032,Davis,573,Germany,Male,56,9,5901.235847026681,3,1,0,27509.560417829773,1
8942,103644,Jones,637,Germany,Male,22,9,111729.23800253596,2,0,1,142314.04474609368,0
8943,107773,Williams,638,France,Male,18,1,42473.12903317967,3,1,0,40384.62073181607,0
8944,102108,Williams,736,France,Male,25,1,22692.677201525996,2,0,1,31548.635075084236,0
8945,103614,Johnson,715,France,Female,30,4,309476.60946255934,1,0,1,170510.65626198024,0
8946,109434,Williams,679,France,Female,47,1,1413.8394902076368,2,1,1,159788.00123012468,1
8947,106957,Jones,667,France,Female,50,3,32017.730810790108,2,1,0,152246.94807011873,0
8948,105279,Garcia,630,Germany,Female,46,2,40301.14023248687,3,1,1,16140.248198634361,1
8949,104332,Brown,629,Germany,Male,18,7,152685.3081896093,3,0,1,59976.15439806835,0
8950,103900,Miller,475,France,Female,38,8,82494.53823150981,2,1,1,92806.84077788123,0
8951,107939,Smith,723,France,Male,39,10,39805.28803013743,1,1,1,177391.19354855386,0
8952,106963,Jones,676,Germany,Male,44,5,18603.256060259024,2,1,1,110151.82118088433,0
8953,104568,Davis,770,Germany,Female,18,3,24574.800580092116,4,1,1,105529.9652330633,0
8954,107838,Miller,594,France,Male,32,10,3944.1899057061337,2,1,0,12450.548894130823,0
8955,101845,Jones,776,France,Female,32,10,181317.35936063537,1,1,1,167916.00038558606,0
8956,100382,Smith,630,France,Female,52,1,12464.010511744264,3,1,1,121819.79713275263,0
8957,104112,Smith,592,Spain,Female,39,10,173186.8516571014,4,1,1,81549.07463670023,0
8958,107069,Brown,804,Germany,Female,28,7,14986.55653524443,2,1,0,41823.15546559308,0
8959,103810,Brown,686,France,Male,18,2,236348.11293634717,2,1,1,90587.13560182642,0
8960,101509,Brown,817,France,Female,18,1,113479.13150766284,2,1,1,56558.68609660927,0
8961,107573,Williams,667,Spain,Female,47,3,43391.52010660215,3,0,0,96402.50206940857,0
8962,101578,Davis,730,Germany,Male,18,1,49872.23472429754,1,1,1,69328.60204303732,0
8963,100879,Davis,752,France,Female,18,2,33485.76668402417,4,1,1,19865.98396081428,0
8964,102162,Jones,621,Spain,Male,50,8,23735.663154094476,1,1,0,198568.32062638566,1
8965,109764,Garcia,684,France,Female,48,6,241988.5490089557,1,1,1,95956.56912286837,1
8966,109840,Smith,665,Germany,Female,18,10,20385.66828305545,2,0,1,164863.44744305403,0
8967,107714,Jones,733,France,Male,34,0,19352.22356768707,4,1,1,33460.367195530904,0
8968,101359,Miller,543,France,Male,60,9,44669.95502205227,4,0,0,126277.43783761485,1
8969,104431,Jones,710,Germany,Male,39,4,415528.43263830006,3,1,1,110483.64538877264,0
8970,108148,Davis,742,France,Female,44,4,62533.382648621075,4,1,1,191251.0163330813,0
8971,103960,Brown,581,France,Female,61,8,43904.307748953994,1,1,1,162989.68613153393,1
8972,103811,Brown,561,Spain,Female,66,0,653654.6139591944,2,0,1,89447.12119687076,1
8973,104242,Jones,484,France,Male,39,0,134723.44316139427,2,1,0,161236.3713725428,1
8974,104217,Davis,850,Germany,Male,60,9,289363.26820419356,2,1,0,88459.03502048278,1
8975,100080,Davis,576,France,Female,51,6,28624.713470952105,1,1,1,154927.48681375495,1
8976,102732,Davis,791,Spain,Male,31,6,140322.2241100768,3,1,0,66496.05957754573,0
8977,107833,Brown,629,Spain,Female,44,10,221316.54167746383,3,0,0,81847.79395250365,0
8978,102709,Davis,759,France,Female,18,7,75366.68373927135,4,1,1,125694.78214966913,0
8979,102422,Williams,708,Germany,Male,47,3,55144.42407504514,2,0,0,113489.08776894935,1
8980,103641,Smith,850,Spain,Male,30,6,35091.63752259959,2,0,0,86093.56557865626,0
8981,100667,Miller,794,France,Female,26,5,83765.4635762376,2,1,0,188240.7910219638,0
8982,102496,Davis,671,Germany,Male,54,0,21336.654810502627,2,0,1,106547.87777101509,1
8983,103499,Jones,680,Spain,Female,23,1,56536.324391795104,2,0,0,147472.57445799137,0
8984,109636,Smith,717,France,Male,44,7,114740.88206771371,4,1,0,90140.41816264378,1
8985,109537,Williams,850,Spain,Male,52,5,105657.64495197138,3,1,1,147855.03833951903,1
8986,108080,Miller,656,France,Male,31,6,120361.80689852026,3,0,1,160874.01875682228,0
8987,106823,Brown,520,Germany,Female,41,7,88321.8836590047,1,1,0,114660.06455847848,0
8988,101189,Johnson,674,France,Female,27,4,263.38236734875113,2,1,0,17741.717583876776,0
8989,106604,Williams,585,France,Female,24,4,2709.932234785577,3,1,0,106577.81523753399,0
8990,108650,Johnson,671,France,Female,35,1,86812.0225482775,3,1,1,180942.0924356365,0
8991,109404,Smith,765,France,Male,86,3,338027.6037178179,4,1,0,27381.225063521288,1
8992,109103,Jones,700,Germany,Male,65,10,21622.93542043589,4,0,1,121652.2711874634,1
8993,101025,Miller,590,France,Female,30,1,126366.20168322153,1,1,1,18025.70690362019,0
8994,107785,Brown,629,France,Female,36,6,56775.913951996496,1,1,1,103382.30665543007,0
8995,100071,Miller,543,France,Female,32,10,14977.231017386106,3,1,1,141942.4701234607,0
8996,105546,Williams,777,France,Male,19,8,3384.4813559968575,1,0,1,83273.62675763384,0
8997,102685,Brown,732,Germany,Male,27,10,124958.10552649107,3,0,1,33048.635085005866,0
8998,109385,Johnson,541,France,Male,31,1,15541.044185119496,4,0,0,190082.14782145675,0
8999,107372,Johnson,850,Spain,Female,18,3,35443.39218515869,1,1,1,187385.66324506773,0
9000,101848,Garcia,628,Germany,Female,34,10,51312.52571136058,3,0,0,161410.4416517929,0
9001,102022,Miller,679,Spain,Male,49,7,122374.39186458898,3,1,1,50710.21368296703,0
9002,106338,Davis,616,France,Female,67,8,49040.49260769652,4,0,0,157199.7662728268,1
9003,103741,Jones,692,Germany,Female,46,3,48823.325393879255,3,1,1,74682.16387089889,0
9004,101298,Davis,659,France,Male,25,7,158101.4770146137,2,1,0,126337.40518446581,0
9005,104102,Johnson,510,France,Female,23,6,700.5621454859097,2,0,0,95850.50086892348,0
9006,100904,Jones,767,Spain,Male,37,4,140184.2509649756,3,0,0,58762.166337611015,0
9007,103026,Garcia,567,Spain,Female,39,3,73747.44811035035,1,1,0,134624.9667022497,0
9008,106709,Williams,741,France,Female,37,5,78019.1023473295,2,0,0,147061.51608136675,1
9009,104711,Garcia,626,Spain,Female,56,5,42397.08903565514,2,0,1,111122.86140309127,1
9010,108021,Jones,656,Spain,Male,45,1,9704.725301092742,2,0,1,42109.732715513,0
9011,105969,Johnson,698,France,Male,46,2,9522.70113518493,2,1,1,104756.40793045626,1
9012,102620,Smith,663,France,Female,43,10,41678.9347055794,1,1,0,156470.19878378784,1
9013,102646,Jones,724,France,Female,28,5,127443.77145676545,4,0,1,171071.47619454074,0
9014,104865,Brown,579,France,Male,18,3,222235.57990760062,1,1,1,16658.96896211224,0
9015,107345,Davis,753,France,Female,37,2,167250.90015215866,4,1,0,46740.00404554034,0
9016,102289,Smith,546,France,Female,29,3,159908.3134093754,2,0,1,186816.43069008892,0
9017,107370,Miller,558,France,Male,48,5,574.9728963320033,2,1,1,158862.76302927596,1
9018,103872,Jones,707,France,Female,30,2,21271.891735074943,1,0,1,146955.53702635507,0
9019,109677,Brown,754,France,Female,56,0,290202.1704190274,1,0,1,37571.49680591496,1
9020,107690,Davis,678,France,Female,48,5,204150.1524566993,4,1,1,12402.5355223155,0
9021,101440,Miller,799,France,Female,63,1,13551.121609419512,1,0,0,122515.31477180753,1
9022,100765,Garcia,566,Germany,Male,62,8,101105.87491584975,3,0,0,174752.59519201683,1
9023,104092,Smith,533,France,Male,50,5,56761.9591928138,1,1,1,25005.716614401976,1
9024,109341,Jones,733,Spain,Male,21,0,771.3226481996702,2,0,1,24652.733021121,0
9025,102666,Williams,662,Spain,Female,32,10,161020.06322409757,1,1,0,199719.42151879804,0
9026,108655,Garcia,730,France,Male,28,3,286707.25502324576,2,1,1,56118.206919812794,0
9027,105968,Brown,547,France,Female,40,4,253550.05993052284,3,1,0,136927.5617668889,0
9028,107641,Williams,605,Germany,Female,45,7,48495.737148061344,2,1,1,116680.34181291149,0
9029,102181,Johnson,824,France,Female,34,2,155029.61918316738,1,0,1,89682.58054950125,0
9030,109834,Garcia,629,France,Male,47,10,68911.23033447422,4,0,1,162861.01086933204,0
9031,103888,Davis,792,France,Female,29,8,391147.0238778677,3,1,1,56396.853287684666,0
9032,100840,Garcia,727,France,Female,18,8,330459.37382206414,3,1,1,64309.608231725266,0
9033,105899,Davis,621,France,Female,42,9,148436.18227444243,1,1,1,61771.16176937714,0
9034,104118,Jones,791,Spain,Male,34,10,63739.2548812261,3,0,1,114672.27728991542,0
9035,100565,Jones,682,France,Female,40,4,232214.27642096285,2,1,1,135188.26238842882,0
9036,106005,Brown,651,Germany,Male,50,3,25354.728786577507,4,0,0,29037.966830539714,1
9037,109156,Garcia,642,France,Male,35,6,24107.95788915932,1,0,1,39218.00999390427,0
9038,109187,Jones,693,France,Female,20,8,81697.94807455152,3,1,1,33854.597649399235,0
9039,107226,Johnson,537,France,Female,30,5,170951.4022903936,2,0,1,134308.9759230146,0
9040,109379,Davis,739,Spain,Male,60,6,6411.4240632258225,2,1,1,129417.89708226793,1
9041,105890,Miller,694,France,Male,45,0,153571.08423499815,3,0,0,167989.15003482095,0
9042,104311,Miller,592,France,Male,56,3,298229.0344196537,1,1,1,65562.73116580315,1
9043,107736,Miller,523,France,Male,31,1,78965.36120653883,2,1,0,149609.87360588435,0
9044,108848,Jones,624,France,Female,50,0,24023.52734484127,3,1,1,65310.57232420854,1
9045,102982,Garcia,675,France,Female,53,10,99878.02786356123,1,0,1,153205.00056454487,0
9046,109305,Miller,665,Germany,Male,18,6,21918.63704456143,1,1,1,126131.243994666,0
9047,106083,Smith,664,France,Male,43,10,49506.82603753183,2,1,1,89574.04145354395,0
9048,100556,Williams,717,France,Male,41,9,120274.14302877332,1,1,1,131237.74993299335,0
9049,103019,Garcia,534,Spain,Female,21,3,48022.90870014786,4,1,1,170848.2756948971,0
9050,102580,Davis,643,Spain,Male,21,1,66235.89766647352,2,0,0,53394.01400066274,0
9051,108146,Johnson,679,France,Male,69,4,78801.38111509211,1,1,1,127454.1908818917,1
9052,108243,Garcia,696,Germany,Male,41,6,41464.107431830285,4,0,0,198735.3420916562,0
9053,109553,Johnson,739,France,Male,57,1,7939.0746729121265,4,1,1,161821.83604585737,1
9054,109386,Garcia,629,Spain,Male,50,6,71518.32136746777,2,0,1,67979.77006060716,0
9055,104019,Miller,655,Germany,Male,39,2,66906.53123625166,3,0,0,159399.0035792638,1
9056,103138,Williams,575,Germany,Male,23,7,55598.396097111945,1,1,1,104819.414600463,0
9057,109840,Williams,688,Germany,Male,48,6,20393.525517250964,4,1,1,158694.97921440046,0
9058,100671,Johnson,562,Germany,Female,39,0,5371.5132169804765,2,1,1,29994.968080185416,1
9059,100777,Garcia,707,Germany,Female,41,8,175237.63054521114,1,1,0,172734.53044488365,0
9060,104927,Williams,768,France,Female,43,5,75996.36176826738,3,1,1,198942.80773961026,0
9061,103022,Brown,696,France,Male,44,3,392669.4532722003,1,1,0,94815.98480048384,1
9062,101860,Garcia,778,Spain,Female,47,5,380873.6686627126,3,1,1,108146.26069951628,0
9063,103139,Williams,604,France,Male,25,1,86767.77382225862,1,0,0,46831.055738700816,0
9064,101074,Smith,530,France,Female,49,1,67358.48607311072,1,1,1,140371.65420151406,0
9065,109908,Smith,633,Germany,Male,50,7,20634.823165175912,3,0,1,26189.71224514424,0
9066,109475,Brown,588,Spain,Female,42,9,47696.49480061865,3,1,0,118339.79015920268,0
9067,106763,Williams,600,France,Female,48,4,153912.35921683983,2,1,0,90421.6566983976,1
9068,101986,Smith,427,Spain,Male,60,6,330291.0232078616,2,1,0,49258.045490707394,1
9069,109193,Miller,667,France,Female,51,0,91586.07733316653,3,1,1,167014.1603980446,1
9070,106327,Garcia,652,Germany,Female,21,5,95942.5089405437,4,1,1,153099.52731724668,0
9071,101046,Jones,734,Spain,Female,30,10,285522.6551874993,1,1,1,68047.79751371287,0
9072,102176,Williams,705,Spain,Female,36,10,13575.303348837742,3,1,0,84358.03607930495,0
9073,102338,Davis,632,Spain,Male,30,9,94633.91754024994,4,0,1,59171.31181208345,0
9074,100500,Brown,741,France,Male,18,6,88050.76426849539,4,1,0,51109.64248144333,0
9075,102233,Williams,738,France,Male,53,9,22953.373519115117,2,1,1,53291.32717281729,1
9076,104608,Johnson,601,France,Male,27,6,148640.71065011522,2,1,1,36790.751210306786,0
9077,107234,Johnson,669,Spain,Male,57,9,12692.683313190179,1,0,0,75442.103052096,1
9078,107972,Smith,801,Spain,Female,18,2,6533.0360833241275,2,1,1,142290.03444701704,0
9079,106610,Davis,682,France,Male,50,8,66579.52987826965,1,0,1,61153.19922619387,1
9080,100600,Johnson,567,France,Male,51,8,35627.669632451325,3,1,0,144017.4854629139,1
9081,104284,Brown,537,Spain,Male,42,4,57294.32238323857,1,1,1,155778.53749703948,0
9082,109180,Davis,502,Germany,Male,35,8,11944.82945267486,2,1,0,75301.5423200499,0
9083,104483,Smith,445,Germany,Male,38,10,60221.45782592707,2,1,1,22449.616526651196,1
9084,105901,Brown,601,Spain,Male,39,6,57911.05212484415,4,1,0,146824.05503983548,0
9085,106129,Garcia,632,France,Female,45,6,339765.68183677155,2,0,1,37748.329008785506,0
9086,101754,Brown,552,France,Female,36,8,128218.33828361888,4,0,0,63197.0675617044,0
9087,102464,Johnson,581,Spain,Male,38,1,253165.82238110973,2,1,0,123043.01713485504,1
9088,104482,Garcia,554,France,Male,44,9,151975.40294036624,4,0,1,184830.26714844548,0
9089,109686,Johnson,492,France,Male,39,4,155042.36358514457,1,1,1,153867.29554953572,0
9090,109044,Brown,633,France,Female,25,7,200789.25496964913,1,0,0,62305.80612854779,0
9091,107400,Johnson,716,France,Male,27,7,29556.863017487278,1,1,0,164717.56846270754,0
9092,106806,Davis,599,France,Female,37,2,55637.045441115886,4,0,0,88791.50690721672,0
9093,108643,Johnson,763,Germany,Female,18,4,208111.8029106452,1,1,0,38741.73202843834,0
9094,107396,Johnson,665,Spain,Male,36,3,6926.464413565534,3,0,1,69879.54834868856,0
9095,107338,Williams,739,France,Female,41,3,5670.3243921548365,1,1,0,166418.81907524978,1
9096,109950,Garcia,653,Spain,Female,37,1,104398.11309374933,1,1,1,81470.76425101678,0
9097,105241,Davis,717,France,Male,45,5,240305.77976768487,4,1,1,83168.22468013872,1
9098,107394,Garcia,508,France,Female,42,0,158086.13395792607,1,1,0,195547.82009682694,0
9099,106437,Miller,734,Germany,Female,51,7,160451.8700389664,2,0,1,108849.74338924,1
9100,104695,Garcia,650,Spain,Male,41,9,44624.80508700702,4,0,0,105184.3851305867,0
9101,102588,Miller,759,Spain,Male,68,8,89575.40871723939,1,0,1,149102.43394949706,1
9102,101782,Brown,624,France,Female,39,10,147616.51284772655,3,1,1,192775.30547001938,0
9103,105947,Miller,824,France,Male,50,4,157861.83682355832,4,0,1,197977.92234792621,0
9104,106594,Miller,703,Spain,Male,36,5,86889.04232059556,1,0,1,158586.7252737274,1
9105,103520,Jones,559,France,Male,39,0,161134.73084429879,3,1,0,175778.70268002464,1
9106,109971,Brown,762,Germany,Male,24,5,2731.0248572635073,4,0,1,182529.0327515232,0
9107,103218,Garcia,544,France,Female,37,0,285757.46876902547,2,1,1,151946.02848720134,0
9108,103757,Smith,538,Germany,Male,26,4,204467.11046239905,2,1,0,117927.40322855898,0
9109,104016,Johnson,778,France,Male,56,8,5334.518944086768,1,1,1,58701.23281013733,1
9110,102837,Johnson,683,France,Male,41,4,54356.59723679076,3,1,1,148881.66268387667,0
9111,106000,Jones,657,Spain,Male,47,2,251920.78535317347,2,1,0,106130.63773487366,1
9112,107034,Smith,599,France,Female,18,3,71906.90396304517,3,0,0,184387.26164271505,0
9113,107309,Williams,733,France,Female,18,2,9590.627126917172,2,1,0,11839.184112494997,0
9114,104239,Miller,622,France,Female,34,3,339682.72821804596,4,0,1,184961.19131021388,0
9115,104428,Davis,670,France,Female,18,9,44393.46338017556,2,1,1,190563.3664506362,0
9116,109611,Brown,537,France,Female,18,5,72618.18246238705,3,1,1,52931.277547498394,0
9117,104150,Williams,644,France,Male,51,2,99954.99552084497,3,1,1,177200.83734419686,0
9118,109522,Smith,667,France,Female,43,4,178639.3273918459,1,0,0,122772.61069894899,0
9119,101446,Jones,703,Spain,Male,27,6,206452.5259592871,4,0,1,66857.45675144871,0
9120,109632,Smith,683,France,Female,40,0,105869.16392854364,2,1,0,138850.92984453693,0
9121,106468,Jones,616,Germany,Male,66,2,296458.3175269125,4,0,0,161840.7448048869,1
9122,105790,Williams,678,Germany,Female,25,10,24720.34322075365,4,1,1,90998.41720160836,0
9123,104175,Williams,748,Germany,Male,52,5,235213.2479206511,3,1,0,128621.97863813378,1
9124,105080,Davis,501,Germany,Female,32,9,21083.554765589597,1,1,0,49547.541175352424,0
9125,100864,Smith,633,France,Male,29,1,224848.1381056806,4,1,1,17723.51077870729,0
9126,106860,Smith,670,France,Female,20,7,24319.905918231423,3,1,1,187839.57501621844,0
9127,108663,Miller,557,France,Male,41,6,127028.756279328,2,1,0,40641.68737208666,1
9128,106217,Johnson,742,Spain,Female,51,1,169803.93089960437,3,1,1,108380.81964761282,0
9129,105672,Jones,709,Spain,Male,43,4,49516.28778106124,1,0,0,27632.835436440935,1
9130,101502,Johnson,749,Germany,Male,35,3,12047.242409447392,3,0,0,172821.56820122933,0
9131,104684,Brown,850,France,Female,29,1,45021.87991085281,4,0,1,156936.64963523412,0
9132,101410,Brown,683,Germany,Male,64,3,6360.381214868959,3,1,0,48021.506529815575,1
9133,103770,Smith,621,France,Female,30,8,107677.57868515635,3,0,0,164905.63007454306,0
9134,104659,Williams,743,France,Male,30,9,119458.69417741802,3,1,0,75884.06779787541,0
9135,104001,Brown,591,France,Male,18,1,31242.09229320492,4,1,1,169691.84306903076,0
9136,103483,Brown,696,Spain,Female,65,9,105438.6432431117,1,1,1,58813.29562603838,1
9137,104562,Davis,753,Germany,Male,18,9,6029.2433036156,2,1,1,100432.54538400531,0
9138,100598,Johnson,733,France,Male,53,5,3204.162647940372,4,0,0,60854.97198577673,1
9139,109183,Davis,790,France,Male,47,3,52426.29671145153,2,1,0,137800.70652007274,1
9140,103041,Johnson,622,France,Female,31,7,66250.64140294206,2,0,0,21832.490824170054,0
9141,108160,Miller,720,Germany,Female,42,3,1878.645551910489,4,1,1,120680.0404191077,0
9142,106391,Davis,659,Germany,Male,45,8,89139.1692652202,4,0,0,150522.0638448151,0
9143,107287,Miller,675,France,Female,73,9,178829.8772849887,4,0,1,48395.51832247894,1
9144,100066,Brown,675,Spain,Female,65,2,52849.76423360309,4,1,1,56226.17003934755,1
9145,108123,Smith,703,Spain,Female,50,6,137456.70053756668,1,1,0,148305.0259253255,1
9146,102750,Johnson,646,Spain,Male,42,4,16384.301008766197,1,0,1,89901.8125533468,1
9147,108661,Brown,507,France,Female,48,10,75414.09095168185,3,1,1,128941.43609753311,1
9148,109916,Williams,665,France,Male,42,0,155662.9412136121,2,1,1,91969.9817996475,0
9149,106806,Johnson,686,France,Female,44,2,114583.21347167279,2,0,0,90486.90019515071,1
9150,106429,Brown,645,France,Male,29,8,151254.3801819534,4,1,1,68206.85829314456,0
9151,108123,Miller,693,Spain,Male,37,8,127702.85053666872,4,1,0,121811.44793753292,0
9152,101631,Davis,637,France,Male,50,4,12900.215607978957,2,0,1,124501.46285254347,0
9153,106452,Jones,622,Spain,Male,39,4,10832.998259422851,4,1,1,153300.6598450457,0
9154,100774,Johnson,789,Germany,Female,46,10,371084.15929535264,1,0,1,106099.42322650744,1
9155,106107,Jones,850,France,Female,31,3,65837.22906924813,3,0,0,117452.32828060507,0
9156,107804,Johnson,737,Germany,Female,38,3,131824.57560802455,3,0,0,171270.67974815445,0
9157,109678,Johnson,592,France,Female,20,3,114424.38037774556,2,0,1,19186.77315416308,0
9158,104019,Davis,672,France,Female,50,1,4530.500397496538,1,0,0,109458.49768255753,1
9159,100929,Miller,665,Spain,Male,18,6,68646.35339097488,1,0,0,35368.29968208734,0
9160,103012,Garcia,717,Germany,Male,46,2,73683.14449183625,4,1,0,140736.92463564116,1
9161,105024,Garcia,668,France,Female,18,0,165334.1050546949,4,0,0,180084.8371942448,0
9162,106264,Jones,711,Spain,Female,24,10,327489.3912115069,4,1,0,91590.70649640921,0
9163,107973,Smith,828,France,Female,24,9,34168.80755947113,3,1,0,131374.64000282888,0
9164,109697,Brown,465,France,Male,51,2,6065.321709180811,3,0,1,81187.61093486258,1
9165,104729,Smith,599,France,Male,20,8,64493.66532946461,1,1,1,153999.70357413162,0
9166,107961,Smith,745,France,Male,36,8,3030.2033257951457,1,0,1,122617.16478536592,0
9167,102819,Garcia,645,France,Female,32,9,48681.451719118915,1,1,1,125963.42910744362,0
9168,106655,Brown,709,Spain,Male,35,6,31918.758467944426,4,1,0,44250.54339989752,1
9169,101184,Garcia,631,Spain,Female,50,0,27835.927849226515,3,1,1,12869.205040833602,1
9170,108480,Davis,806,Spain,Female,37,5,161.2322651871607,4,1,1,129484.4108410549,0
9171,106343,Davis,766,Germany,Male,36,9,28851.927413488575,4,0,0,32730.63490093062,0
9172,100527,Garcia,679,Germany,Female,25,0,38554.0897048494,3,1,1,36731.20174407164,0
9173,100916,Miller,817,Germany,Female,24,1,241952.73783498877,4,0,1,42418.96159395209,0
9174,109900,Garcia,680,France,Male,18,2,9239.718097604164,3,1,1,86935.4354536522,0
9175,103574,Williams,656,Germany,Male,33,10,145667.59027979584,2,1,1,57689.55773255131,0
9176,103319,Smith,797,Spain,Female,61,10,129048.58067597469,1,0,1,191237.4086684734,1
9177,101406,Miller,510,France,Female,41,5,39489.835661996134,2,1,0,139106.72480182498,0
9178,101241,Miller,666,France,Female,39,10,237497.8507900972,1,1,0,48171.794377389946,1
9179,105206,Smith,685,France,Female,18,6,106511.26983130892,1,1,1,163041.31715942876,0
9180,107249,Miller,627,France,Female,55,7,10203.037144793341,2,0,1,64391.633033872,1
9181,103133,Smith,575,Germany,Female,63,8,22817.321811088346,3,1,1,162274.65311860282,1
9182,100798,Williams,642,Germany,Female,26,6,51271.5434223515,4,0,0,99952.5284571309,0
9183,101523,Johnson,498,France,Female,24,5,342020.0341486402,2,1,0,102013.02282781545,0
9184,107209,Miller,805,France,Female,60,4,30709.779327543336,1,1,1,83636.83386573306,1
9185,104928,Jones,810,Germany,Male,44,9,55899.15018380549,3,0,0,58093.63089095855,1
9186,102888,Jones,657,Germany,Female,64,1,82250.89803010816,2,1,1,141024.34745481357,1
9187,102690,Williams,618,Spain,Male,56,7,43930.58866289896,3,1,1,106422.66645722708,0
9188,104091,Smith,502,France,Female,18,4,120722.5448819872,2,0,1,13252.91400402248,0
9189,107282,Jones,584,France,Male,62,9,108143.63329884307,2,1,1,72169.18151204154,1
9190,109433,Williams,798,France,Male,40,1,6230.790287164381,3,1,1,155951.24123084728,0
9191,106249,Garcia,650,France,Female,39,2,55992.4385607,3,0,0,67247.238381942,0
9192,100690,Brown,598,France,Male,39,9,151906.04862588263,3,0,1,140681.22989769324,0
9193,108719,Jones,654,France,Male,37,9,102140.58087050424,3,1,1,49818.5726952325,1
9194,101495,Davis,596,Germany,Male,18,6,61653.12785799265,2,0,1,154150.78333253216,0
9195,100892,Brown,492,France,Male,59,9,130884.79478924748,4,1,1,92167.90374031005,0
9196,108578,Davis,619,Spain,Female,30,7,111014.25373844602,3,0,1,13082.301771463613,0
9197,109441,Smith,545,France,Male,34,4,181775.40817395144,2,0,1,133980.0147584296,0
9198,105873,Jones,692,France,Female,47,9,5234.244129887939,3,1,1,120157.30558029746,1
9199,104503,Williams,742,France,Male,65,7,76631.93372093825,4,1,1,118979.14355856799,1
9200,100897,Johnson,578,Spain,Male,37,9,107975.61159537561,2,1,1,190927.89505180766,0
9201,100710,Jones,669,France,Female,41,9,112528.65553946944,4,1,0,82026.44521034234,0
9202,103695,Jones,648,France,Male,60,5,255668.05345753205,2,1,1,181249.3472675077,1
9203,102686,Jones,576,France,Female,47,1,53037.64206915498,2,1,1,12010.247566292552,0
9204,107188,Jones,422,Germany,Female,46,1,158530.71440450288,3,1,1,192963.76734287688,0
9205,105778,Davis,547,Germany,Female,18,7,154193.95696750827,4,1,1,115549.1672005826,0
9206,107768,Williams,572,France,Male,34,3,31315.43184969315,1,1,1,107599.02638527696,0
9207,105013,Williams,664,Germany,Male,41,7,31238.003635125704,4,0,1,179521.12716875435,0
9208,104512,Davis,674,France,Female,41,8,286199.23314389697,1,0,1,131441.87103161128,0
9209,100415,Johnson,774,France,Female,52,5,39215.79696912863,4,1,0,109845.96024363191,1
9210,109663,Williams,546,Germany,Male,20,8,53512.191409610154,3,1,1,83991.91455134463,0
9211,104180,Williams,568,Spain,Male,23,5,92621.90697753277,4,1,1,135778.57137217128,0
9212,104262,Smith,585,Germany,Female,53,10,38063.123310075905,4,0,0,21591.84333075301,1
9213,102515,Miller,630,France,Male,55,2,108411.9912022492,1,1,1,58273.69782346239,1
9214,109287,Smith,671,France,Female,23,7,34170.39749404778,1,1,0,30581.16214002961,0
9215,109001,Miller,693,Spain,Male,43,0,74935.76486444939,4,1,1,106836.87708342934,0
9216,105640,Brown,461,France,Female,35,5,82004.29446095017,3,0,0,29748.756008375833,0
9217,106616,Johnson,769,Spain,Male,29,2,161226.46592699553,1,1,1,164448.22808775093,0
9218,100992,Miller,696,Germany,Male,21,9,196662.0310110892,3,1,1,66468.72479458578,0
9219,109473,Smith,738,Germany,Male,25,9,114443.01017763614,1,0,1,128856.97224769791,0
9220,104370,Johnson,411,France,Male,26,2,31472.620222746573,2,1,0,74469.96332239546,0
9221,101773,Johnson,733,France,Female,62,8,62335.65254601685,2,0,0,143359.47297519713,1
9222,103561,Jones,550,France,Male,46,6,82747.51411512474,2,1,0,78219.85302101272,0
9223,103816,Garcia,604,Spain,Female,43,1,35357.49249182179,2,0,1,83048.88796102158,0
9224,106633,Garcia,793,France,Female,22,5,281341.3568671377,2,1,0,102031.76238976332,0
9225,101756,Garcia,715,Germany,Female,58,3,11498.916203018107,2,1,1,72546.36435494779,1
9226,102373,Johnson,582,Germany,Male,60,9,179248.58539932704,3,0,1,43708.59367642059,1
9227,102576,Jones,729,France,Female,42,10,55585.173285630895,3,1,1,93906.81208107478,0
9228,109083,Brown,686,Germany,Female,40,6,290973.1597466082,1,0,1,136604.11717255053,1
9229,104184,Brown,609,Germany,Female,41,3,76044.62624775954,4,0,1,73031.40524769948,0
9230,108899,Garcia,697,Spain,Female,50,6,130825.52831597187,4,0,1,164124.50910288683,0
9231,102397,Brown,612,France,Female,18,5,132607.06141925324,4,1,1,166219.18729272444,0
9232,105969,Jones,688,Spain,Male,23,7,119733.99861405237,4,0,1,50890.054856732124,0
9233,104535,Garcia,687,France,Male,26,6,5063.817211196916,2,1,1,62438.399215173515,0
9234,106883,Miller,700,Germany,Male,31,8,97331.78743540279,4,1,0,12017.508175982706,0
9235,108127,Miller,842,France,Male,43,3,225198.14965629645,2,1,1,78036.31927331015,0
9236,109168,Jones,744,France,Male,54,8,185475.02014339378,4,0,0,183562.20687388515,1
9237,100734,Davis,749,France,Male,52,4,246448.28250811988,1,1,1,158981.719359649,1
9238,100632,Brown,597,France,Female,18,10,58768.45984803188,3,1,1,192542.72770380124,0
9239,104268,Garcia,498,France,Female,67,8,60623.501719363325,2,1,1,51944.774502068256,1
9240,104099,Miller,631,Spain,Female,72,10,165123.6871079198,3,1,0,119409.0700244632,1
9241,102901,Jones,601,Germany,Male,63,3,36164.405324233594,4,0,0,80298.00618668953,1
9242,101663,Williams,709,Spain,Female,28,2,144848.4613135683,3,1,1,127619.2712077071,0
9243,105591,Miller,630,France,Female,31,6,70198.8199172418,4,1,1,151774.85813469774,0
9244,103872,Williams,782,Spain,Male,18,3,30697.311866528238,3,1,1,29469.23667079379,0
9245,101054,Jones,476,Spain,Male,43,4,103192.97677093698,3,1,1,28126.631625359994,0
9246,108572,Jones,622,France,Male,43,2,35068.50200853631,4,1,1,32080.70196323928,0
9247,103082,Smith,687,France,Male,33,5,111406.6161024544,4,0,0,64488.23788243096,0
9248,108007,Miller,552,Germany,Male,25,3,84236.04842609365,2,1,1,151898.69025973068,0
9249,109784,Smith,740,France,Female,42,0,128083.33590913432,3,0,0,131897.92983692797,0
9250,104261,Johnson,737,Spain,Female,36,1,91394.47786857438,2,1,1,68162.58461068878,0
9251,102389,Miller,606,France,Male,44,7,141999.6248830988,4,0,0,172870.3481651938,0
9252,103553,Garcia,850,France,Male,62,3,557542.7165861041,4,1,1,148861.62852165656,1
9253,105138,Johnson,538,Spain,Male,49,9,63067.52411776221,1,1,1,194873.9197546471,0
9254,109399,Johnson,515,France,Male,42,1,91192.7461763003,1,0,1,140762.1903907685,0
9255,100544,Brown,602,France,Male,41,3,10746.360756842214,1,0,1,146709.07344967753,0
9256,103663,Williams,669,France,Female,23,6,300396.47333910293,4,1,1,166713.86959949738,0
9257,102239,Brown,488,Germany,Female,38,10,90717.43386858157,3,0,1,185947.88659767635,0
9258,103773,Garcia,711,France,Male,43,1,10847.8648246416,4,1,0,63836.814773244885,1
9259,102627,Jones,850,Germany,Male,52,5,51084.50803752015,4,0,1,133281.92891321483,1
9260,106618,Smith,510,France,Male,49,0,8478.867382464869,1,1,0,89264.00923194375,1
9261,106780,Garcia,669,Germany,Male,35,2,68756.44168543347,3,1,1,54814.66155283729,0
9262,108015,Jones,745,France,Female,59,8,32441.832146880133,2,1,0,47778.91802226774,1
9263,103130,Garcia,726,France,Male,18,4,41593.84069333342,1,1,1,30052.01093911926,0
9264,100096,Jones,850,Germany,Male,47,10,7157.987834501653,4,1,0,171433.82017645313,0
9265,103858,Miller,603,France,Male,24,7,143720.19568879856,4,1,0,13734.465962025795,0
9266,102708,Smith,848,Spain,Female,61,0,183964.80972272772,3,1,1,198995.23608155514,1
9267,105397,Jones,643,France,Female,53,3,15098.038782611351,2,1,1,193337.80229099435,1
9268,106152,Johnson,598,Germany,Male,18,2,138890.7762303076,3,1,1,111583.74441473246,0
9269,100456,Garcia,837,Germany,Male,23,9,13761.915617336099,3,0,1,151529.35117258978,0
9270,105914,Smith,613,Germany,Female,18,8,8942.352363840602,2,1,1,97932.15149551556,0
9271,104368,Jones,757,Spain,Male,50,6,12114.308052742004,2,1,1,52946.486891916844,0
9272,104088,Johnson,600,France,Female,45,2,3229.9978663562106,1,1,0,150828.46748060558,0
9273,109223,Johnson,522,Spain,Male,52,0,47172.44912592985,3,1,1,96063.54294473254,1
9274,108399,Miller,522,France,Female,18,4,305594.9603905033,1,1,0,174770.89418130944,0
9275,101937,Williams,720,France,Female,26,9,229516.16684074388,3,0,1,173702.40922954088,0
9276,101146,Johnson,543,France,Male,50,2,40332.811074910576,3,0,1,192135.29899002102,0
9277,105152,Brown,628,Germany,Male,58,10,158302.83233715643,1,1,1,143176.6082295221,1
9278,104299,Smith,585,Germany,Female,33,1,174060.54348849293,1,1,1,104352.7347402422,1
9279,108118,Smith,562,France,Male,43,2,16494.35316864938,3,1,0,117263.15312751585,1
9280,108634,Davis,574,Germany,Male,50,4,26065.759987964077,4,1,1,79186.37058933325,1
9281,107759,Smith,670,Spain,Male,62,4,117278.30577029217,2,1,0,135822.8806653731,1
9282,107953,Jones,352,Spain,Male,18,9,30656.702096059675,3,1,1,28957.47323392649,0
9283,104784,Garcia,734,France,Female,35,7,278309.03666264896,1,1,1,198417.8704894463,0
9284,109024,Jones,520,France,Female,18,3,26229.03067201715,4,0,0,23481.657635806816,0
9285,101461,Brown,533,France,Female,45,1,160517.446273524,3,0,1,125122.58311119078,0
9286,101159,Davis,505,France,Male,18,7,141923.22522567437,3,0,1,66341.8273679862,0
9287,100386,Garcia,676,France,Male,38,7,70069.24478649795,4,1,0,166487.58125671017,0
9288,107192,Miller,796,France,Male,40,9,30554.15846831415,2,1,1,130262.9514501795,0
9289,109910,Johnson,636,Spain,Male,26,7,3444.5720001306217,2,0,1,126018.1311814524,0
9290,104775,Davis,693,Spain,Female,54,10,176249.29183445056,2,1,1,152617.11241532603,1
9291,103409,Jones,703,Spain,Male,42,0,47442.30637530355,1,0,0,33829.542789505234,1
9292,100689,Garcia,724,Spain,Female,39,8,41568.249249570785,2,1,1,70313.28096868299,1
9293,107028,Johnson,549,Germany,Male,28,3,4551.396373474643,4,1,1,106895.84026342067,0
9294,107262,Garcia,809,France,Female,36,3,16408.406679919408,4,1,1,71866.69519389355,0
9295,105664,Johnson,616,Spain,Male,25,7,45873.20260164433,3,1,1,32335.69187148843,0
9296,106766,Garcia,678,France,Female,34,7,117386.26359531377,2,1,0,69906.28710446018,0
9297,109361,Jones,635,France,Male,39,5,23234.640561681692,1,1,0,97948.80713688591,0
9298,100952,Davis,605,France,Female,77,3,17866.120575834808,4,1,0,39426.57903199529,1
9299,106142,Jones,743,France,Male,37,2,30421.313631262277,1,1,0,136277.25239700478,0
9300,105967,Brown,713,Spain,Male,28,4,33328.43056546571,4,1,0,25266.42836111872,0
9301,107205,Miller,431,Spain,Male,19,7,52760.35684947281,4,1,1,179569.28773440144,0
9302,102484,Miller,691,France,Male,48,6,44775.05012577748,4,1,1,79951.36899788349,0
9303,101854,Williams,850,France,Female,23,10,7679.863405011051,1,1,0,79204.88035428755,0
9304,103231,Smith,668,France,Female,44,7,96210.45509393717,4,0,0,51115.662642447765,1
9305,102597,Jones,598,Germany,Female,59,10,13979.432283693455,4,1,0,102380.88871706398,1
9306,107829,Jones,611,France,Male,50,0,202822.44466568192,4,0,1,168371.60995127543,0
9307,108186,Johnson,593,Spain,Male,24,10,196264.63318174233,1,1,1,122130.41026588157,0
9308,103983,Williams,535,France,Male,42,3,7514.128484940623,4,1,1,164224.10109375662,0
9309,106963,Miller,631,Spain,Male,58,8,53289.909632524366,4,1,1,194110.9168339921,1
9310,106684,Jones,631,France,Female,44,5,64794.70315943139,2,0,1,129389.83598706547,0
9311,100656,Garcia,710,France,Female,35,9,548901.7910568124,4,0,1,43357.684612806326,0
9312,107743,Miller,597,France,Female,52,7,28936.22991137118,3,0,1,68623.40264690609,0
9313,106839,Williams,850,Germany,Female,46,7,101046.4730793559,3,1,1,136195.29588457747,1
9314,109988,Smith,556,France,Female,41,4,61080.906993683406,4,1,1,158920.85474133372,0
9315,106312,Garcia,664,Spain,Male,49,10,146357.8135526973,4,1,1,134907.8643225114,0
9316,107938,Johnson,575,France,Female,43,7,28560.092994573068,3,1,0,120662.27163679138,0
9317,109954,Brown,596,Germany,Female,32,3,114231.71973586432,3,1,1,186229.548009623,0
9318,106176,Garcia,622,France,Female,41,5,13913.73009001291,1,0,1,105135.4219296059,1
9319,103285,Davis,670,France,Female,35,6,1524.2669308819284,3,1,0,137186.39722461277,1
9320,109777,Miller,730,France,Male,56,5,1839.1051846839086,1,0,0,70429.39038324589,1
9321,105559,Davis,603,Spain,Male,34,5,67863.23996310084,3,1,1,84843.78467109552,0
9322,103563,Smith,500,France,Male,34,7,147286.6166538244,4,1,0,55750.82585199242,0
9323,104584,Garcia,786,France,Female,51,4,86186.69580252629,4,1,1,162357.32773537803,1
9324,104817,Williams,552,France,Female,35,7,3699.9125322998,3,1,1,49101.88637494053,0
9325,105041,Williams,625,Germany,Female,40,8,80313.52091113306,3,1,1,55360.195324249915,0
9326,106182,Smith,655,France,Male,33,3,12019.656101768378,3,1,1,31775.263005283003,0
9327,108026,Miller,639,Spain,Male,27,2,336385.81125865405,3,0,0,149986.333202482,0
9328,103244,Williams,508,France,Male,34,4,43474.945583865876,4,0,1,25886.68360539306,0
9329,101040,Garcia,736,France,Female,29,9,70000.02620423988,1,1,1,22815.450346059275,0
9330,102273,Brown,368,France,Male,80,9,41360.63969394867,2,0,0,129387.35228676323,1
9331,103629,Garcia,747,France,Male,34,4,62940.90923509037,2,1,0,82330.7188652366,0
9332,102114,Brown,765,France,Male,31,6,318111.92237202113,1,1,1,186252.28805232275,0
9333,107364,Williams,740,France,Female,52,2,30181.71006449494,3,1,1,176842.23024435324,0
9334,101677,Garcia,619,France,Female,51,10,126613.82053340893,1,1,0,105176.81678310153,1
9335,103094,Williams,662,Germany,Male,25,9,140767.034724572,4,1,1,27041.79424711644,0
9336,109190,Miller,583,France,Male,42,8,21147.45092789103,1,1,1,115273.57465702662,0
9337,105873,Brown,656,France,Male,35,5,130618.24576169539,2,0,0,198926.598091418,0
9338,102284,Miller,712,Germany,Male,43,9,104410.84209533203,1,1,0,136002.61517583887,1
9339,105052,Williams,540,France,Female,35,8,34395.927743401095,3,1,1,161205.91400285927,0
9340,107062,Jones,636,France,Female,18,0,73958.5436421829,1,1,1,87616.4756990035,0
9341,101589,Johnson,602,Germany,Male,47,1,89155.83447195028,2,1,0,25605.81861623007,1
9342,109353,Garcia,767,France,Male,45,9,181127.3472909857,3,1,0,188651.8442410107,1
9343,102520,Jones,555,France,Male,20,1,13333.317779982035,4,1,1,73692.66248897638,0
9344,104648,Miller,712,France,Male,53,10,357469.78501689504,2,0,0,40081.26921418319,1
9345,105729,Davis,644,France,Male,53,7,146601.93485503216,3,1,0,40852.00591819493,1
9346,100694,Williams,637,Spain,Female,57,3,76566.66420065898,3,1,1,37226.3803145418,0
9347,107807,Williams,715,France,Female,18,6,149712.93847301858,4,1,1,92519.3867987384,0
9348,103683,Johnson,611,Germany,Female,51,3,132110.99583270086,2,1,1,173622.0159542232,1
9349,106704,Williams,660,Germany,Male,26,3,61642.6126558176,2,0,1,39323.81741122999,0
9350,107368,Johnson,761,Spain,Male,20,7,40955.0477872775,1,1,0,153901.37363175472,0
9351,101971,Garcia,572,Germany,Female,31,10,447438.295484042,1,1,0,25235.049649935554,0
9352,109695,Brown,677,France,Male,35,9,215745.8481971953,3,0,1,34284.33457448325,0
9353,108055,Johnson,738,France,Female,31,3,301432.1106054664,3,1,1,33480.836370411045,0
9354,104218,Johnson,696,Spain,Male,56,2,4968.551042032565,3,1,1,108879.12460798658,1
9355,101868,Jones,778,Germany,Female,23,10,168862.10545705745,3,1,0,177315.89806930133,0
9356,101671,Williams,638,France,Female,53,9,221849.75028043872,4,1,0,151786.87732536515,1
9357,109274,Garcia,717,France,Male,32,8,64796.829319795215,1,0,1,174359.2730552705,0
9358,101728,Brown,760,France,Male,40,2,221581.32889363798,4,1,1,174391.31107174847,0
9359,107632,Smith,480,Spain,Male,34,4,10633.688478277245,4,1,1,33109.82053211306,0
9360,106403,Miller,609,Germany,Female,26,10,6238.0296929157,1,1,1,115416.99847417949,0
9361,106092,Johnson,687,Germany,Female,26,0,34468.80987977126,2,1,1,160222.21480081152,0
9362,102142,Smith,742,France,Male,19,8,2659.296035998563,1,1,1,190497.61856147015,0
9363,109340,Williams,674,France,Female,18,5,115197.75732417523,4,0,1,140480.1623091828,0
9364,106184,Miller,789,France,Female,36,4,261687.51228812578,3,1,1,172960.51104034524,0
9365,106010,Johnson,596,France,Female,59,3,34963.79801249465,1,1,0,81629.33222240378,1
9366,100253,Davis,526,France,Male,22,7,107764.80024976516,4,1,1,144580.8168091702,0
9367,104102,Davis,729,France,Female,41,10,63120.30533108952,4,1,0,81369.14968376757,0
9368,103542,Smith,638,France,Male,36,1,29444.783472476145,3,1,0,48282.97606793649,0
9369,102775,Jones,566,Germany,Male,58,9,250791.97358355724,2,0,1,23874.92829856731,1
9370,107678,Smith,820,France,Female,46,4,316800.39807699044,4,1,1,178235.51350504518,0
9371,106212,Miller,724,France,Female,29,7,14474.230765539727,4,1,0,23735.304944396667,0
9372,104637,Jones,715,Spain,Male,21,0,145659.69577717065,2,0,1,199935.74870957865,0
9373,106034,Miller,809,France,Female,18,2,20926.141707986444,4,1,0,107803.0618306222,0
9374,108457,Brown,611,France,Female,27,6,66986.69547396424,1,0,1,106507.20086741413,0
9375,106476,Williams,791,Spain,Male,71,10,44782.574659107886,1,1,1,25426.485272684295,1
9376,103148,Davis,691,Germany,Male,30,10,27969.879198739876,4,1,1,25637.55114540274,0
9377,103359,Garcia,591,Spain,Female,18,9,112642.21482545318,4,0,1,146884.71176370923,0
9378,101004,Smith,649,France,Female,18,4,193375.7582418315,2,1,0,95019.30216848972,0
9379,104717,Johnson,668,Spain,Male,62,9,151945.9828231563,3,1,1,45043.04117172722,1
9380,103271,Miller,761,France,Female,32,8,128115.53314238196,1,1,1,49737.85942449657,0
9381,100209,Miller,514,Spain,Male,45,0,6855.418032530795,2,1,0,55240.467665184675,1
9382,109079,Williams,475,Spain,Male,43,10,10250.557587108284,3,0,0,164267.4226474774,1
9383,105539,Smith,571,Germany,Male,29,6,62517.01371283123,1,0,0,126818.36769358549,0
9384,100153,Johnson,643,Germany,Male,31,9,81139.7080617134,1,1,0,25195.3650238328,0
9385,103593,Johnson,721,Spain,Male,24,5,128513.3189876096,4,1,1,141704.72211788714,0
9386,108606,Miller,604,France,Female,18,9,43983.264221989986,3,1,1,109518.68985476204,0
9387,101284,Garcia,691,Germany,Female,54,3,2319.303402853675,4,0,0,120816.38590270295,1
9388,103148,Miller,810,Spain,Male,51,10,3676.914739799427,2,1,0,68518.14784315454,1
9389,100768,Garcia,480,France,Male,38,10,192985.36427650866,3,1,0,14945.175785203988,0
9390,109174,Miller,636,Spain,Male,40,9,13759.978136543883,3,1,1,107431.98045307933,1
9391,105607,Miller,850,Germany,Male,53,9,276293.6492135988,4,1,1,123709.8378643478,0
9392,103202,Johnson,578,Spain,Male,18,5,40440.76645782666,1,1,0,133154.29223526415,0
9393,102787,Garcia,568,France,Male,46,9,87623.63883397021,1,1,1,94886.22953715012,1
9394,102210,Johnson,702,France,Female,54,10,18466.614279391164,4,1,1,117225.70183348299,0
9395,109230,Smith,597,Spain,Male,67,8,60520.49374793734,2,0,0,114071.86873617914,1
9396,107399,Miller,757,France,Male,52,8,208593.69586975162,4,0,1,81216.56315529466,0
9397,106338,Brown,850,Germany,Female,62,1,414349.6432360264,3,0,1,163800.77988957017,1
9398,108733,Garcia,657,Spain,Female,35,8,145475.66942671064,1,0,1,93200.57678969446,0
9399,100358,Jones,850,France,Male,39,1,144654.3820108239,2,1,1,56289.192116393446,0
9400,100849,Davis,604,Germany,Male,26,5,216554.4243709121,3,1,1,13266.484307642,0
9401,107498,Jones,633,France,Male,29,6,28089.608372487874,4,1,1,65698.59235602546,0
9402,104522,Jones,554,France,Male,53,8,133281.6899307392,1,1,0,31071.505569573008,1
9403,102544,Brown,604,France,Male,45,10,81720.68971486637,2,1,1,106007.10591106564,0
9404,101831,Johnson,626,Germany,Male,46,5,30338.111744968908,1,1,1,83450.94910204124,0
9405,101472,Johnson,691,Spain,Female,18,7,5707.074659257242,2,1,1,58880.27930232013,0
9406,109628,Davis,525,France,Male,46,9,22416.964202364525,4,0,0,35933.879821551156,0
9407,100329,Davis,598,France,Male,59,2,105036.54830447513,2,1,1,163377.23693653833,1
9408,105851,Williams,600,France,Female,45,9,84361.54362677182,3,1,1,197131.39670190576,0
9409,107032,Davis,739,France,Male,24,5,7178.697761414481,1,1,1,173895.50247906955,0
9410,105266,Jones,661,France,Female,38,1,82624.85679240579,2,1,1,159819.188688958,0
9411,104354,Jones,661,Spain,Female,60,0,49536.134549282,3,1,0,111665.15797687088,0
9412,106435,Johnson,658,Spain,Female,43,5,1504.429685663337,1,1,1,169008.80870671157,0
9413,107978,Jones,475,France,Male,58,2,240231.85615722963,4,1,0,112216.76406418676,1
9414,104238,Johnson,810,Germany,Female,67,10,29891.309738757303,3,1,0,72253.59075678454,1
9415,106112,Miller,557,Germany,Female,36,4,80608.17478913926,3,0,0,54193.63272357019,1
9416,104722,Miller,739,Spain,Male,23,5,88951.31987490715,1,0,0,52260.89737338326,0
9417,101388,Johnson,627,France,Female,31,9,69076.80584970093,4,1,0,97524.04317880857,0
9418,104185,Garcia,588,Spain,Female,68,5,27388.700866295556,2,1,0,131854.8124172785,1
9419,108911,Johnson,754,Spain,Female,51,9,52317.91862419759,3,1,1,40226.63504970517,0
9420,103235,Smith,530,Spain,Male,42,6,34295.66825970818,1,0,0,13872.6544799887,1
9421,104576,Smith,539,Germany,Female,55,6,56837.761269120754,1,0,1,15874.90502085067,0
9422,101100,Smith,665,France,Female,32,10,8627.76783036708,1,1,1,69660.71080210668,0
9423,108864,Smith,668,Germany,Male,34,5,18145.959650227793,2,0,0,147369.22875092606,0
9424,108708,Brown,731,France,Female,28,0,14793.962857727758,1,1,1,12296.062964964345,0
9425,102532,Williams,721,France,Male,71,7,90387.2356933249,2,0,1,99632.25502234051,1
9426,107770,Williams,643,France,Female,41,9,106681.02309948487,4,1,1,67612.80990713148,0
9427,103670,Johnson,660,France,Male,37,3,245289.67940975708,2,1,1,183778.0902647337,0
9428,100781,Miller,635,France,Male,42,0,30403.120467480938,1,0,1,192216.4347071819,0
9429,103523,Jones,791,France,Female,37,9,50003.20605348374,1,0,1,86706.75589473097,0
9430,106131,Smith,551,France,Female,26,1,97400.16236067255,3,1,1,195711.5835502548,0
9431,104782,Williams,653,France,Male,55,2,356686.9056742198,2,1,1,194538.35493432998,1
9432,109781,Williams,726,France,Female,18,5,49678.64361535021,3,0,1,120121.77716706536,0
9433,104995,Smith,760,Spain,Male,42,1,34194.938267249156,2,1,0,84201.00861879782,1
9434,101501,Miller,583,Germany,Female,48,1,49068.745602617266,1,1,0,31475.128532118877,1
9435,103080,Brown,552,Spain,Female,18,5,37004.838239333345,3,1,1,115882.7971129512,0
9436,109268,Brown,525,France,Male,46,3,8892.861047961067,3,0,1,168880.37577953134,1
9437,109292,Davis,615,Spain,Female,32,4,42462.45547732158,4,1,1,86167.05497424585,0
9438,100502,Williams,675,Spain,Female,18,10,88025.98827923262,4,1,0,106786.67446408613,0
9439,109531,Davis,602,France,Female,41,7,20186.269638204045,1,0,1,86632.76891867524,1
9440,103885,Brown,719,France,Female,52,2,179373.72941503816,1,1,1,144149.96874001887,1
9441,108009,Garcia,643,Germany,Male,85,4,132938.81488414053,3,1,1,115366.88402803807,1
9442,100623,Smith,710,Germany,Male,33,0,81777.10586224796,4,1,1,108421.88795679172,0
9443,101050,Miller,664,France,Male,46,9,133748.27233742684,1,0,1,52602.16956792473,0
9444,107385,Williams,481,Spain,Male,52,3,38077.127659209356,1,1,0,123324.72190419977,0
9445,106081,Smith,535,France,Female,41,4,22331.20100262978,4,1,1,104788.56271183708,0
9446,105484,Brown,765,Spain,Male,49,3,184689.42466721492,4,0,1,143875.83214329253,1
9447,103772,Smith,556,France,Male,32,8,170811.87218334546,2,0,1,130712.95808246257,0
9448,103916,Brown,735,France,Male,36,7,133163.132638275,1,1,1,66945.49347901238,0
9449,104018,Miller,662,France,Female,20,10,29612.8914814677,4,1,0,130257.74118498532,0
9450,101329,Brown,551,France,Female,33,1,42107.29311034873,2,1,0,155527.94794086428,0
9451,104114,Smith,724,Spain,Male,18,8,47896.35190273465,4,0,1,134252.49521769816,0
9452,103367,Miller,602,Germany,Female,18,1,20363.10300410453,2,1,0,105728.71064466482,0
9453,108095,Brown,665,Spain,Female,52,5,142727.4347602569,1,1,0,136115.64483081567,0
9454,105141,Davis,629,Spain,Male,19,1,20419.485748637224,4,1,1,100733.11902375563,0
9455,103951,Garcia,379,France,Male,53,5,25070.83787090144,4,1,1,75508.08734268493,1
9456,105084,Johnson,717,France,Male,36,5,4937.301028574039,1,1,1,128708.76122092346,1
9457,101573,Smith,726,Spain,Female,36,10,108870.93843867553,3,1,1,15165.694756131563,0
9458,102634,Johnson,600,Germany,Male,27,6,264505.5673348715,2,1,0,29077.237733994574,0
9459,102768,Smith,714,Germany,Female,38,9,66119.21616499491,2,1,1,46089.76187063301,0
9460,105302,Brown,562,France,Female,62,4,228078.69946456648,4,0,0,196040.27577727634,0
9461,106250,Brown,564,Spain,Male,28,2,183885.13780351522,1,1,0,65572.28202346858,0
9462,101211,Miller,673,Germany,Female,33,1,158329.09784588293,1,1,1,105811.77842856165,0
9463,108967,Williams,580,Spain,Female,50,3,18349.063646438724,3,1,0,118937.74710473137,1
9464,105955,Garcia,637,Spain,Male,21,0,47372.17896468148,1,0,1,14014.636900413378,0
9465,101160,Davis,556,Germany,Female,20,10,109016.533029374,1,0,0,26023.761070246666,0
9466,105977,Williams,521,Germany,Female,38,1,42213.7996107427,3,1,1,40963.405666904175,0
9467,107041,Johnson,670,France,Female,56,7,124095.20362630782,2,1,1,52630.16965941422,1
9468,102383,Brown,671,France,Female,37,4,33868.179471835225,1,1,1,25279.785689874036,0
9469,105876,Williams,651,Germany,Female,34,4,49859.33859713277,1,0,1,134139.87750669164,0
9470,103540,Brown,620,France,Female,38,2,131494.66506339976,2,0,1,34114.591462321325,0
9471,104635,Smith,579,Spain,Male,37,10,12543.198731670258,2,1,1,180214.17196301252,0
9472,101095,Williams,541,Germany,Male,29,0,154543.61079705786,3,1,0,106385.74497498349,0
9473,105901,Johnson,537,Spain,Male,52,5,124678.538776567,2,1,1,46807.18062883142,0
9474,108215,Miller,589,France,Male,42,0,59716.17294994205,1,0,0,55176.51098351594,0
9475,101079,Williams,752,Spain,Female,31,3,57540.93064019735,2,1,0,133439.1754371052,0
9476,108370,Brown,673,Germany,Male,39,3,237155.30602435558,4,1,0,32851.20087441904,0
9477,102847,Jones,686,Spain,Male,34,10,125974.1593842896,3,0,0,20018.73580229872,0
9478,101960,Jones,524,France,Male,18,2,96802.00377120315,1,1,1,162215.28888719165,0
9479,101473,Miller,668,Germany,Male,71,3,199641.14045112455,3,0,1,104290.37414023018,1
9480,104888,Miller,683,Germany,Male,40,5,40288.74999294788,3,1,1,171719.40377553785,0
9481,104979,Garcia,808,France,Male,24,5,33785.263644460974,3,1,1,190654.49242464136,0
9482,101212,Miller,648,France,Male,21,10,23548.209627570373,3,1,0,97170.36119561353,0
9483,105697,Brown,610,Spain,Male,18,5,73445.31167104184,3,1,0,68752.69891728243,0
9484,109001,Davis,573,France,Male,27,5,443089.5926747226,2,1,0,81339.05407185077,0
9485,100419,Smith,655,France,Male,21,3,263746.98236210993,3,1,1,179874.89148573493,0
9486,103659,Williams,630,France,Male,35,10,60752.88187577069,3,1,1,199703.02214882965,0
9487,105283,Miller,762,Spain,Female,63,6,11803.958776073494,3,0,0,83417.43420357833,1
9488,109470,Jones,740,Germany,Male,28,6,207617.77576777706,4,1,0,193311.9926579059,0
9489,109632,Smith,550,France,Female,87,1,255881.37608127372,1,1,0,106803.85559559427,1
9490,101340,Davis,647,France,Male,48,5,18797.712673721286,3,0,1,18485.989105050536,0
9491,105137,Brown,850,Spain,Male,71,4,214950.4374668625,4,1,1,49748.140697749026,1
9492,105189,Smith,503,France,Female,19,9,59109.74630472573,1,1,1,84542.3998183323,0
9493,101361,Brown,631,France,Female,28,0,1173.240079704488,2,1,1,78302.4471435199,0
9494,100591,Davis,725,France,Female,29,2,286690.68165612826,3,0,1,164777.3012070839,0
9495,100526,Davis,626,France,Female,37,8,4374.6140430226005,3,1,0,159940.18089785698,1
9496,107855,Garcia,617,Germany,Female,49,10,3522.1245283915396,4,1,1,35371.075119357185,0
9497,101292,Williams,603,Germany,Female,18,8,330984.1416170078,3,1,1,22298.636955255395,0
9498,101654,Smith,543,Germany,Female,52,9,24154.50492322928,2,1,1,145324.2427623298,0
9499,100187,Davis,633,France,Male,28,8,81109.85240758077,1,1,1,91771.22959867006,0
9500,102758,Williams,752,France,Female,66,10,285944.8667074716,4,0,0,43928.10476570556,1
9501,108720,Smith,522,France,Female,44,9,281356.8026930487,4,1,0,27859.364027019823,1
9502,108625,Brown,676,France,Female,57,4,19130.04500255797,3,1,0,51923.58495912458,1
9503,106431,Davis,757,France,Female,32,5,72061.25107200311,2,1,1,192130.95787813264,0
9504,106037,Brown,647,Germany,Male,47,8,697.7745498163946,2,0,0,27982.05013321381,1
9505,109996,Smith,607,France,Female,31,3,9473.163519436077,3,1,1,115349.75139660062,0
9506,108494,Garcia,717,Spain,Female,48,10,295937.2279380808,1,1,1,16514.874384143997,1
9507,104182,Brown,559,Germany,Female,42,3,53641.853892756466,1,1,0,181788.62672942356,0
9508,106973,Johnson,692,France,Female,61,8,16274.261760381816,4,1,1,108042.35998355616,1
9509,100437,Johnson,633,France,Female,53,6,99805.6201461869,2,0,1,188199.77394606048,1
9510,100832,Williams,656,Germany,Male,46,5,19034.97198518294,2,1,1,72751.85678839737,0
9511,108988,Miller,817,Spain,Male,41,9,391915.10688005347,1,1,1,87928.85969938764,0
9512,108751,Johnson,765,Spain,Male,40,5,111123.93967512564,1,1,0,152806.3474274357,0
9513,108953,Johnson,798,France,Female,18,4,45993.86970175433,4,1,1,189052.85959306615,0
9514,105794,Garcia,568,Germany,Female,22,10,47989.311567523895,4,1,0,37966.77612061584,0
9515,103574,Garcia,547,France,Male,25,3,248811.7262359935,2,0,1,86526.23149779029,0
9516,103785,Miller,696,Germany,Male,63,2,225403.80385378073,4,1,0,194449.99952652297,1
9517,105220,Jones,682,Spain,Male,31,6,299536.72029297415,4,0,1,72975.19747374221,0
9518,107750,Miller,452,Germany,Male,32,4,60449.14622461939,1,1,1,188110.59220331983,1
9519,106818,Jones,683,France,Male,48,1,190212.9824365259,3,0,1,128425.42915001909,0
9520,100684,Garcia,850,Germany,Male,25,2,66326.83093884711,1,1,0,102156.97119850574,0
9521,104233,Jones,839,Spain,Male,60,4,100231.01300135124,1,1,1,74131.20032319087,1
9522,100577,Garcia,580,France,Male,18,8,70807.36419173435,1,0,0,107502.5653318976,0
9523,108007,Jones,721,France,Male,57,5,93706.67077019057,3,0,0,134763.09729044524,1
9524,100227,Brown,561,France,Male,66,10,71227.10036419977,3,1,1,145472.0037665992,1
9525,102328,Garcia,640,France,Male,44,1,16823.164936035646,3,1,1,25957.92745837399,1
9526,102731,Miller,567,France,Female,28,7,11472.152285152057,2,1,1,132226.90555214716,0
9527,109019,Williams,533,France,Male,53,5,283182.8367464314,3,1,0,179723.3128394033,1
9528,100430,Williams,738,France,Female,27,5,71280.69147304291,1,0,1,92012.36857151525,0
9529,109255,Garcia,678,France,Female,70,7,284478.7649328783,1,1,1,58778.25375907597,1
9530,101709,Johnson,694,Germany,Female,47,6,115777.82888733184,2,1,0,143332.41450254162,1
9531,105782,Davis,713,France,Female,25,4,9318.29464476349,4,1,1,33017.78701819665,0
9532,101234,Williams,669,Spain,Female,51,10,22509.83065874309,2,1,1,187322.54879737386,1
9533,108493,Miller,546,France,Male,23,8,145989.54619972323,1,1,1,108242.06771046735,0
9534,105205,Johnson,671,Germany,Female,27,0,19579.494107294875,1,0,1,136245.5326188314,1
9535,101420,Williams,628,France,Male,50,3,775.3329297005788,3,1,1,77993.849322653,0
9536,100768,Davis,630,France,Male,28,9,11852.157100974076,2,0,1,92617.99329820123,0
9537,106034,Smith,555,Germany,Male,40,10,64767.91877652981,3,1,1,120288.99876493293,1
9538,109596,Smith,499,Germany,Male,47,8,17824.45542863871,4,1,1,197579.70407691252,0
9539,108635,Garcia,593,Spain,Female,28,1,4605.994422936506,3,1,1,143914.45620636982,0
9540,103104,Davis,704,Spain,Female,30,2,136098.90051006846,3,1,1,187714.6764758447,0
9541,104355,Miller,643,Germany,Female,64,2,357960.7768283216,3,0,0,191573.92134609772,1
9542,103305,Miller,828,France,Male,49,5,383890.9929376049,4,1,0,158716.46449864144,1
9543,101538,Williams,643,Germany,Female,38,2,230242.24040271898,3,1,1,19336.898959994498,0
9544,101331,Brown,669,France,Male,37,2,1937.1612999550005,1,1,1,62512.8422657666,0
9545,108168,Johnson,651,France,Female,21,4,27457.91983262092,4,0,0,163586.6562951779,0
9546,106939,Davis,543,France,Male,46,2,14814.43459708806,3,0,1,14154.567744384716,0
9547,108261,Williams,647,France,Male,40,4,102223.52716834296,2,1,0,103052.73148361186,1
9548,105558,Garcia,543,France,Female,52,2,189432.14558167395,2,0,1,155952.50137908518,0
9549,105944,Davis,643,France,Female,18,1,84840.32722298855,3,1,0,186978.83165977462,0
9550,107126,Johnson,474,Spain,Male,35,7,42567.67659151256,2,1,1,94678.91751875877,1
9551,100480,Jones,643,France,Female,37,2,242936.487399883,2,1,1,167816.65042723785,0
9552,105263,Garcia,664,Spain,Male,44,5,70356.76900188376,4,1,0,97595.83071139223,1
9553,104094,Williams,672,France,Female,42,10,19199.02932249507,4,1,1,38444.554146477974,0
9554,106167,Brown,506,France,Male,46,1,76222.37588435342,1,1,1,97674.68221773075,1
9555,102793,Davis,698,Germany,Male,36,0,1829.691822551847,4,0,1,94827.66432185083,0
9556,102892,Jones,715,Spain,Male,20,7,3927.5035357283787,1,1,1,110433.81753814952,0
9557,101198,Garcia,554,Germany,Female,18,2,98776.98774999732,3,1,1,186896.31375379243,0
9558,108011,Williams,748,Germany,Male,38,1,128470.86932893268,4,0,1,128053.73938487958,0
9559,102372,Smith,668,Spain,Male,83,1,14887.221024244354,1,0,1,28536.35501870721,1
9560,101892,Miller,643,Germany,Male,47,4,76231.73944900898,4,1,0,92735.23379127195,1
9561,105790,Williams,706,Spain,Female,77,5,148118.38381003647,3,0,1,97448.07051356824,1
9562,101883,Smith,812,Spain,Female,49,10,213994.13250131972,2,1,1,167213.351571043,0
9563,105467,Smith,635,France,Male,23,1,64249.44167433877,2,1,0,109006.37645122828,0
9564,100797,Garcia,600,Spain,Female,37,5,13029.63173418588,1,1,1,93036.10100180077,1
9565,108209,Williams,850,France,Male,77,0,7170.002734742138,4,1,1,36908.00544875839,1
9566,108235,Miller,632,Spain,Male,50,8,194199.92382388815,2,0,1,158515.27065845,1
9567,100154,Williams,686,France,Female,50,3,8080.429306347485,4,0,0,156942.87656040923,0
9568,104962,Smith,632,France,Male,28,4,170263.52216170248,3,1,0,49330.343623960034,0
9569,104080,Johnson,489,Spain,Male,39,2,57427.41528648263,3,0,0,136069.7562637218,0
9570,108050,Jones,619,France,Female,22,5,57347.644102435646,1,0,0,27378.105349046225,0
9571,105947,Brown,761,Germany,Male,32,0,73103.52504910031,2,1,1,120464.17123482152,0
9572,109617,Williams,569,France,Male,41,6,14593.144434578895,2,1,1,113872.79344464291,0
9573,104320,Jones,781,France,Female,29,7,135690.83513406455,3,1,0,35129.80473866842,0
9574,101892,Jones,726,Spain,Male,53,2,35668.07034364091,3,1,1,136428.65809259392,1
9575,109089,Davis,549,France,Male,30,1,91075.3545238487,1,1,0,27950.02478976354,0
9576,103424,Johnson,529,Spain,Male,43,3,534.8230225296338,1,1,1,164774.02006348252,0
9577,109450,Jones,526,France,Male,53,7,33061.48019438499,1,0,1,40209.9319519774,0
9578,102015,Williams,609,Spain,Female,70,10,4132.11558756269,1,0,1,91948.67340242477,0
9579,106673,Garcia,541,Spain,Male,44,7,37630.97891141242,4,1,1,171896.33506669346,0
9580,106032,Garcia,771,Germany,Male,23,10,13488.797254071103,3,1,1,23775.99314208741,0
9581,104833,Davis,531,Spain,Female,38,7,7261.716080439033,4,1,0,162510.10488421257,1
9582,109894,Jones,560,France,Female,68,1,188372.6671402544,1,1,0,152388.03759364522,1
9583,109065,Williams,801,Spain,Male,53,3,45397.38886508316,3,1,1,66549.89770473391,1
9584,100565,Williams,623,Germany,Female,41,9,174489.11065197721,2,1,1,180335.23276482234,1
9585,107412,Smith,692,France,Female,47,0,223176.28238606194,1,1,1,183960.2645950813,0
9586,102018,Johnson,696,Germany,Male,43,10,70532.62501217224,3,1,0,149418.85921455332,0
9587,102314,Miller,504,Germany,Male,19,6,83894.22405869306,2,0,1,167388.82654558346,0
9588,104412,Brown,730,Germany,Female,42,9,104003.76474822473,4,1,1,38902.08085042817,0
9589,103883,Miller,711,France,Female,28,5,103481.72475707889,1,1,0,94905.61128580052,0
9590,108216,Davis,715,France,Male,30,10,75539.6532634983,4,0,0,194318.13013357035,0
9591,106739,Smith,582,France,Male,34,6,90226.34563016097,4,1,1,29617.726024485182,0
9592,109329,Brown,678,France,Female,18,9,58178.86879553776,1,1,1,89972.18464478062,0
9593,107902,Miller,632,France,Female,36,4,247865.95121668928,3,0,0,192838.2979862536,0
9594,101189,Williams,659,Germany,Male,18,5,127762.6238084835,3,1,0,121997.9240913604,0
9595,107156,Garcia,572,France,Female,51,5,37822.18628755392,4,1,1,17019.83884516113,1
9596,107342,Smith,630,Spain,Female,18,5,40800.72503869844,3,0,1,172146.6967894606,0
9597,106884,Miller,747,Germany,Female,18,8,60738.64660731172,1,1,0,72413.22219865563,0
9598,103157,Davis,457,France,Male,18,3,3216.746726500523,4,1,1,18352.930485762474,0
9599,105520,Jones,613,France,Female,43,1,475373.6489358431,2,1,1,168138.45834246703,1
9600,101741,Davis,713,Germany,Female,38,8,63081.574604259484,4,0,1,152067.54989814403,0
9601,103688,Davis,541,Spain,Male,64,9,149192.19461301263,1,1,1,111632.10268479487,1
9602,107485,Davis,690,Germany,Female,45,6,17219.41559146209,1,1,0,79993.89431414731,1
9603,105369,Jones,696,Germany,Male,18,4,93958.83014458712,3,0,1,154489.11851544774,0
9604,105644,Brown,634,France,Male,26,5,48079.4051482873,2,1,0,124252.85387278981,0
9605,109089,Williams,680,France,Male,41,10,220660.73864294364,1,1,1,55948.215487082525,0
9606,104023,Garcia,812,Germany,Male,43,6,269620.39225051,4,0,1,177320.4694301163,0
9607,100716,Brown,582,France,Female,18,4,98034.16092573293,3,1,0,112198.63511482913,0
9608,103967,Miller,511,France,Male,52,4,6287.272191573314,4,0,1,173248.13719540762,0
9609,107423,Miller,607,France,Female,26,5,62849.95303625379,1,1,0,27171.139705097674,0
9610,106450,Garcia,550,Germany,Male,26,7,1707.4572554284607,3,1,1,54785.013086267805,0
9611,103215,Miller,688,Germany,Female,55,1,72983.58291660144,1,0,1,70722.24041177183,1
9612,107825,Johnson,604,Germany,Male,39,10,69598.52461879853,3,0,0,170879.63638095517,0
9613,100390,Garcia,711,France,Female,44,9,54001.88650585943,1,0,1,175874.5887633986,0
9614,109891,Jones,679,Germany,Male,46,8,41099.173363381386,3,1,0,156870.54378037786,1
9615,103037,Miller,581,Spain,Male,18,9,86503.90244942126,1,1,0,121336.41896045723,0
9616,100232,Miller,557,Germany,Male,42,4,19454.363630813747,4,1,0,97381.76960010304,0
9617,103131,Smith,510,Spain,Male,67,3,2667.767345733648,4,1,0,29418.76707151448,1
9618,107634,Smith,755,France,Male,35,7,154503.57226765848,4,1,1,135088.01127471685,0
9619,100233,Smith,702,Germany,Female,44,3,153987.60198725061,2,1,1,168967.00832551313,0
9620,101391,Garcia,608,France,Male,77,1,86607.65619597021,2,0,1,173444.92400782177,1
9621,109447,Jones,710,France,Male,62,4,177247.64213169916,3,0,1,56993.59212541372,1
9622,100889,Garcia,539,France,Female,32,4,71937.71472866244,2,1,0,122169.66205561387,0
9623,107902,Davis,562,France,Female,46,3,656.9083322668757,2,1,0,189348.9806760025,1
9624,100745,Williams,552,Germany,Male,50,2,16049.411449721116,1,1,1,172421.65491714238,1
9625,109911,Jones,677,Spain,Male,71,10,61538.82935067836,2,1,1,41217.80832459238,1
9626,100427,Jones,589,Spain,Male,25,4,198249.68658693047,2,1,1,85472.00517649009,0
9627,100731,Davis,504,France,Female,85,8,25564.36627407837,2,1,0,30038.795094233334,1
9628,100799,Garcia,659,Germany,Female,43,8,3463.793681091571,2,1,1,168549.9148521341,0
9629,106507,Garcia,707,Germany,Male,34,8,53188.29169079381,3,1,1,125904.85536517156,0
9630,107025,Smith,636,Spain,Male,48,5,6905.176680655002,2,0,0,143554.24174191448,0
9631,109027,Jones,763,France,Male,33,7,79945.7765661637,3,0,0,42602.461493253155,0
9632,107624,Smith,730,France,Female,33,0,5722.795803461033,4,0,0,148341.04086258466,0
9633,108326,Williams,761,Germany,Male,30,0,1676.7091550705888,2,1,1,54041.92665185318,0
9634,105383,Johnson,728,Germany,Male,30,6,286906.4121779212,4,1,0,194892.57741978753,0
9635,106207,Smith,673,Spain,Male,18,4,109450.82259181538,1,1,1,176455.30139855843,0
9636,102538,Garcia,525,France,Male,18,1,12725.227038581024,2,1,0,14598.492506689225,0
9637,103718,Miller,615,Germany,Male,26,3,81240.6100325311,1,1,0,138483.55899778963,1
9638,108232,Brown,598,France,Male,43,3,29892.30813794992,4,1,1,75076.11417079366,1
9639,103367,Johnson,561,France,Male,28,5,143164.54264382724,4,0,0,140576.41089368824,0
9640,105008,Williams,592,Spain,Female,70,7,168307.8428615679,2,1,0,44866.51133826399,1
9641,105229,Miller,503,Spain,Female,48,2,70847.70403260693,2,0,0,63027.091242163915,1
9642,107388,Garcia,738,Germany,Female,28,6,52677.64811431166,1,1,0,20303.43166026446,0
9643,102415,Johnson,544,France,Female,66,1,38154.75063190979,3,1,0,81023.37710339391,1
9644,107171,Davis,731,France,Female,35,8,3339.1395984703795,4,0,1,125246.87645376795,0
9645,102949,Garcia,782,France,Male,35,6,82263.0534297538,4,0,0,175055.96289687295,0
9646,104261,Smith,573,France,Female,48,0,71116.25147693935,1,1,1,51331.444786512315,1
9647,105145,Miller,594,Germany,Male,37,3,23955.859942179904,3,0,0,177066.6759615659,0
9648,103466,Garcia,699,Germany,Female,40,1,75939.65001070937,1,0,1,162903.114904429,0
9649,103088,Miller,606,Germany,Male,49,9,63042.01032095012,4,1,0,133680.30071941964,0
9650,101115,Williams,570,Germany,Female,21,4,30202.28914052789,4,0,1,173796.6334927996,0
9651,104578,Brown,694,Germany,Female,37,8,135905.74275847562,2,1,1,73006.50385892244,1
9652,102590,Smith,575,Germany,Male,24,2,28220.241188950185,3,1,0,189023.84815989347,0
9653,107372,Smith,850,France,Female,44,4,59972.92664071492,3,1,1,45359.717173773395,0
9654,103573,Miller,706,France,Male,18,10,76232.37332264581,2,1,1,120576.02030811764,0
9655,102978,Williams,716,France,Male,62,9,166785.77265289996,3,0,0,99570.63916330673,0
9656,109422,Williams,641,Spain,Female,30,1,54567.54695654892,1,1,1,152959.4196546517,0
9657,107313,Johnson,836,Spain,Female,33,3,23193.056339894425,3,0,0,77290.99013193791,0
9658,107022,Brown,575,Spain,Female,37,1,1492.7915425450624,4,0,0,184759.11658525153,0
9659,104975,Garcia,726,Germany,Male,24,7,29043.136075983795,1,1,0,29710.930536369942,0
9660,104925,Johnson,516,Germany,Female,42,6,138839.93835234537,1,1,1,127131.87737845231,1
9661,108047,Garcia,850,France,Male,55,6,171743.11968022658,4,1,0,25538.263436657,1
9662,108090,Garcia,731,France,Female,34,6,91801.6440912045,2,0,1,194674.30525377765,0
9663,108051,Garcia,556,France,Female,32,8,296284.5561611277,4,1,1,49696.290111037735,0
9664,105292,Johnson,702,Spain,Male,48,1,73852.26723227733,2,1,1,157182.99846871998,0
9665,106645,Smith,756,France,Female,47,5,65262.941051899994,2,1,1,148933.55365652032,1
9666,105403,Williams,560,Germany,Female,40,3,178878.62780757414,1,1,1,195472.01720268893,0
9667,103430,Smith,603,Spain,Male,57,9,18271.574438812007,3,1,1,187537.04039865063,1
9668,101995,Brown,550,France,Female,45,10,1525.52025664208,1,1,0,175743.51748821692,1
9669,106030,Johnson,697,Germany,Male,65,5,213534.923639504,4,1,0,132797.2474987767,1
9670,103891,Davis,668,Spain,Female,34,8,76380.90331529471,3,1,1,109848.29485718046,0
9671,107145,Brown,653,Germany,Female,21,10,136608.7389816922,1,1,1,49707.9920872924,0
9672,108498,Williams,569,Germany,Female,59,0,99134.35973478244,2,0,0,130974.38295339649,1
9673,109554,Williams,629,France,Female,18,1,109030.9524156809,2,0,0,146597.57022350296,0
9674,102102,Jones,578,Germany,Male,26,5,88512.73864703519,1,1,1,189287.8510799733,0
9675,103030,Brown,698,France,Male,24,6,129171.33235330002,4,0,1,64759.440371067314,0
9676,108524,Davis,544,France,Female,39,2,12046.514879915254,3,0,0,79046.41618891762,0
9677,108107,Smith,570,Germany,Male,37,0,28891.660844593243,1,0,1,96215.68706812723,0
9678,100242,Miller,731,France,Female,57,6,65226.37562027215,2,0,0,141857.2802773297,1
9679,101884,Davis,606,Spain,Male,39,1,126040.33017383397,2,1,0,170207.4549002421,0
9680,108015,Brown,826,France,Female,30,5,36888.92895812746,2,0,1,60157.73063160382,0
9681,109624,Johnson,669,Spain,Male,34,3,164620.0836704234,4,0,1,113357.3214354003,0
9682,106747,Williams,468,France,Male,24,9,6757.152726655877,3,1,1,59034.17641879323,0
9683,108494,Williams,517,Spain,Male,48,3,156494.6202495787,1,1,0,99086.79287826744,0
9684,104330,Brown,590,France,Male,61,8,120084.18403420234,3,1,1,187632.26096293627,1
9685,107863,Davis,724,France,Female,42,6,6748.906303788172,1,1,0,177861.0372943709,0
9686,103109,Brown,714,Spain,Male,38,0,3214.6606016988612,4,0,0,98472.18359167413,0
9687,102186,Garcia,601,Spain,Male,45,3,183199.21704596424,1,0,1,80666.77757876029,0
9688,101550,Brown,773,Spain,Male,32,9,15641.306485957308,2,1,0,114240.85231558233,1
9689,109984,Garcia,682,France,Male,36,5,29209.648044059926,2,0,1,149742.97426848352,1
9690,100646,Davis,618,Germany,Male,36,1,226616.5523887111,4,1,1,33620.0688839328,1
9691,106144,Johnson,767,Germany,Male,49,3,41988.23466205106,3,1,0,54294.73972947463,1
9692,104656,Johnson,569,Germany,Male,33,1,75594.83175400285,2,1,0,34236.76979104195,0
9693,108904,Smith,705,France,Female,18,0,3150.7285623885805,1,1,1,15090.279241283324,0
9694,100537,Brown,715,France,Female,21,0,84167.54766192194,2,1,1,159283.50766497038,0
9695,106572,Davis,711,Spain,Female,73,8,125010.45413913012,1,1,1,82204.65278189894,1
9696,100234,Davis,634,Spain,Male,36,10,83265.74862588599,3,1,1,155569.99064277552,0
9697,109696,Smith,737,Spain,Male,46,8,165380.98305938233,2,0,1,105086.92241181796,0
9698,106539,Miller,834,Germany,Female,37,3,149858.93331699102,2,1,1,140750.7796915843,0
9699,101374,Davis,634,Germany,Female,37,7,65221.599611044025,1,1,0,105395.31062110867,1
9700,101909,Jones,656,France,Female,22,9,103593.82714916843,4,1,1,103351.40066519397,0
9701,109107,Johnson,742,Germany,Male,64,10,32384.427001441807,4,1,1,178627.5543492802,1
9702,107218,Williams,623,Germany,Female,27,6,44413.83582293184,2,1,1,131794.98843021947,0
9703,100080,Garcia,620,France,Female,27,4,97255.55761914505,3,0,0,32340.889942308175,0
9704,102083,Jones,533,Spain,Male,44,9,108002.58586689635,3,1,0,118666.62590116948,1
9705,101690,Williams,477,Spain,Female,56,1,8922.161992919748,4,1,0,37981.459721901476,1
9706,100756,Jones,536,Spain,Female,34,8,171058.0541328887,2,1,1,121151.3667259692,0
9707,102670,Smith,736,France,Male,18,6,101382.99491922396,4,1,0,136068.21133032718,0
9708,103751,Smith,547,Germany,Male,18,3,39653.31238207622,1,1,0,48033.7763996391,0
9709,108659,Garcia,698,Spain,Female,62,9,25664.93632234062,3,1,1,41809.8759185503,1
9710,105261,Johnson,798,France,Female,40,1,92403.16590111094,4,0,1,46109.168873847186,0
9711,106852,Miller,665,Spain,Female,58,1,119036.03399682246,2,1,0,166692.18293119647,1
9712,101494,Davis,561,Spain,Female,42,2,263673.95834270166,4,1,0,41371.43098353562,0
9713,105740,Garcia,636,Germany,Male,26,5,20455.66429767136,2,1,0,158626.29061800166,0
9714,109211,Miller,687,Spain,Male,44,0,69900.13927624938,4,0,1,15352.69157364662,0
9715,108055,Williams,688,Germany,Male,43,4,310509.3478469413,4,0,1,166939.89183051456,0
9716,100901,Davis,661,France,Male,46,9,240276.40585716185,3,1,1,57411.54031802611,1
9717,100672,Jones,713,France,Male,40,2,64988.54231458118,4,1,0,47076.49154513724,0
9718,108630,Garcia,749,Germany,Male,31,6,80305.01785236396,1,1,0,130436.44507796523,1
9719,100444,Miller,602,France,Female,56,6,248292.8970935038,4,0,1,175946.7339454108,1
9720,109157,Brown,790,Germany,Female,38,9,3265.1917035090632,2,1,1,146555.89440120445,0
9721,108655,Brown,682,France,Female,42,4,373811.90633227694,2,0,1,117203.00774180262,0
9722,102198,Johnson,427,Spain,Male,24,8,377200.51388609054,1,0,1,56732.754369648654,0
9723,102287,Miller,631,France,Female,22,10,288895.0149122103,1,1,1,88582.15925852497,0
9724,104008,Garcia,632,Germany,Male,26,9,336693.221564172,2,1,1,173176.76419175838,0
9725,109104,Williams,758,Germany,Male,22,7,36250.40019399722,4,1,0,161978.80447836025,0
9726,100496,Brown,591,Spain,Male,18,8,3777.254059291236,1,0,0,53378.624209565925,0
9727,101463,Johnson,664,France,Male,29,10,33455.819906493736,4,1,1,176815.0232928909,0
9728,106828,Garcia,508,Spain,Male,61,5,42413.50225097517,1,0,0,56756.96183121571,1
9729,104253,Johnson,566,France,Female,32,7,43458.20944808062,4,1,1,196762.83403202918,0
9730,100493,Williams,729,France,Male,20,9,114086.92184723861,1,1,0,151673.26867588516,0
9731,105065,Brown,527,Germany,Female,49,1,199228.9032665981,2,1,1,145078.04305572473,0
9732,105430,Davis,746,Germany,Male,37,4,25101.17377230227,4,1,0,121541.57204077509,1
9733,101426,Brown,763,Germany,Female,33,7,59290.87481961801,1,1,1,172820.00533116903,0
9734,109884,Brown,774,Germany,Female,20,1,47563.74841078098,4,1,1,178036.3367816851,0
9735,101793,Miller,804,France,Female,39,1,144647.81326598092,3,1,1,59542.120588944075,0
9736,102723,Smith,727,France,Female,39,2,38257.20779904112,3,1,1,160798.99633415177,0
9737,100658,Miller,692,France,Female,43,1,5785.794800580479,1,1,1,42736.56607755119,1
9738,104761,Brown,711,Spain,Male,40,3,40617.0866865308,3,1,0,85955.05393556468,0
9739,107630,Jones,657,Spain,Female,36,3,43691.10414956085,1,0,0,183956.97855822762,0
9740,108741,Smith,612,France,Male,39,0,172814.49180202355,1,1,1,68989.90016404855,0
9741,108834,Davis,727,France,Female,37,5,79383.9286779276,3,1,0,92930.27440527995,0
9742,104350,Garcia,694,France,Male,18,6,74131.9044306468,2,0,1,90885.276812088,0
9743,100207,Miller,738,Spain,Male,68,6,91336.73111084147,1,0,1,119091.37592568263,1
9744,104190,Smith,629,France,Male,48,4,82429.03359804791,1,1,1,168743.99112732513,1
9745,101883,Smith,637,Germany,Female,41,3,114460.40872254333,3,1,0,114656.94250992312,0
9746,102886,Miller,671,France,Male,35,1,234232.4818562631,4,1,0,188551.07526544319,0
9747,100477,Miller,637,Germany,Female,36,4,209031.9334323526,3,1,1,176390.28470730092,0
9748,108953,Smith,850,France,Male,43,3,68382.90868426271,1,0,1,127160.8349950841,1
9749,108381,Johnson,843,France,Female,60,7,187591.1960505336,4,1,1,92966.16852448929,1
9750,106854,Davis,650,Germany,Male,28,9,198798.28383158977,4,1,1,72767.12411520444,0
9751,100755,Jones,636,Germany,Female,43,0,155850.32033356858,3,0,0,126941.23374303851,0
9752,109638,Williams,694,Spain,Male,18,6,4296.407234080892,4,0,1,163905.185193503,0
9753,104931,Brown,607,France,Male,51,4,108486.6540806981,2,1,1,106835.60255339892,0
9754,109855,Davis,605,Germany,Male,44,9,37573.17024525186,2,0,1,177594.56056201126,1
9755,105724,Miller,654,France,Female,37,4,206577.6874794219,2,1,0,65755.6898824535,0
9756,104150,Smith,612,Germany,Male,18,0,33402.226665596856,1,1,1,173568.7502368013,0
9757,104060,Williams,668,France,Male,30,8,250869.87752808048,3,1,1,136653.68269655097,0
9758,104765,Miller,687,France,Male,24,6,95482.58101096413,3,1,1,66526.85160717994,0
9759,103612,Johnson,331,France,Male,25,1,103579.36833830341,1,1,1,89637.98405583561,0
9760,106553,Williams,457,France,Female,18,10,218690.2654804909,1,1,0,18805.675404115773,0
9761,107378,Smith,565,France,Female,33,4,422693.9856187484,3,1,1,183992.27077638402,0
9762,101689,Davis,677,Germany,Female,66,7,36962.716559266715,1,1,0,156349.7542874607,1
9763,101316,Garcia,572,France,Male,49,10,9305.958238453759,3,1,1,126457.44418795727,0
9764,107130,Davis,850,France,Female,39,6,128498.99454324742,4,1,1,194564.76455261649,0
9765,103186,Davis,739,France,Male,47,1,7276.294286901247,4,0,1,185275.50484944822,0
9766,105789,Jones,845,France,Male,71,6,76328.34143384686,4,0,0,184288.18436512028,1
9767,101145,Williams,740,France,Male,23,5,42350.60199889536,3,0,0,68828.55020067352,0
9768,104394,Miller,491,France,Female,27,7,49428.01659916732,1,1,1,54303.37327099368,0
9769,107942,Smith,533,France,Male,31,8,26851.295388691353,1,0,1,151699.84200550648,0
9770,107548,Miller,598,Spain,Female,18,6,120177.30483225978,1,0,1,73098.69952910791,0
9771,100560,Smith,530,Germany,Male,43,7,84840.526216796,1,0,0,62827.78055066081,1
9772,101912,Brown,758,Germany,Female,34,9,304584.3487148918,1,1,0,59160.52339489006,0
9773,101864,Garcia,634,Germany,Female,48,6,43933.97997405654,1,1,1,24619.46563632354,1
9774,100296,Brown,670,Spain,Female,51,6,50136.039039022115,3,1,0,148105.76884498767,1
9775,102409,Davis,787,France,Male,58,0,18033.482927553992,2,1,0,13148.816514787564,1
9776,107630,Garcia,842,France,Female,49,4,94588.0286350944,1,0,1,117972.75282879529,1
9777,101461,Jones,622,Spain,Female,33,9,9976.77413984498,3,1,1,61826.132621856654,0
9778,104292,Brown,513,Spain,Male,31,4,344724.6564973197,3,0,0,137408.28291507566,0
9779,102268,Jones,531,Spain,Female,24,3,240870.1666542985,3,0,1,189662.3685617037,0
9780,100994,Miller,764,Germany,Female,39,0,120293.77645795354,3,1,0,141790.79603269685,0
9781,106554,Davis,676,Germany,Female,44,6,38168.243997176956,1,0,1,82867.33297832738,1
9782,100007,Johnson,560,Germany,Male,18,7,44029.087821923866,4,1,1,45150.46376293586,0
9783,102515,Johnson,720,Germany,Female,56,4,9115.815523665138,4,0,1,75453.22270691424,1
9784,101417,Garcia,542,France,Female,39,3,28372.634220364896,3,1,1,98027.33120572039,0
9785,102316,Garcia,472,Spain,Female,33,8,43544.219797635305,2,1,0,177556.95237240012,0
9786,107358,Brown,449,Spain,Male,23,2,59407.68561077085,1,0,0,195670.59722893426,0
9787,103932,Johnson,505,Germany,Female,60,2,62412.62638535079,2,1,0,186312.55511643738,1
9788,106204,Williams,765,France,Female,46,3,216375.03231636592,4,1,1,105907.89680177538,0
9789,101287,Williams,629,Germany,Male,51,6,59750.85899523336,2,1,1,100451.41483959192,1
9790,101118,Miller,646,France,Female,37,1,315651.88799346145,3,0,1,62789.19865330286,0
9791,108744,Williams,668,Spain,Female,63,7,8753.355620090968,2,1,0,83193.3246793518,1
9792,107637,Miller,548,Germany,Female,51,1,23695.989065291247,1,1,0,184421.58280337555,1
9793,100660,Johnson,602,France,Male,58,3,49100.09969732982,3,1,0,173907.15058541446,1
9794,108907,Williams,611,Germany,Female,56,1,219064.1921553266,1,1,0,39286.286961928934,1
9795,106922,Jones,556,Spain,Male,29,8,13035.048144065522,4,0,1,78401.73178562045,0
9796,108104,Smith,601,France,Female,42,3,43860.41231113422,4,1,0,120994.74841996777,0
9797,106337,Garcia,637,France,Female,59,4,11897.826627863944,1,0,0,32615.16036959432,1
9798,102529,Davis,625,France,Male,46,8,148720.08839763366,2,1,0,77876.8268086634,1
9799,103970,Brown,693,Spain,Female,24,1,33193.74018781498,2,0,1,121766.287390935,0
9800,103407,Miller,601,France,Female,40,3,56983.48770817964,1,0,1,96677.66880290413,0
9801,109650,Jones,804,Germany,Male,51,5,170063.41792737384,3,1,1,174385.0932502571,0
9802,109046,Williams,546,France,Male,18,0,18373.382459517492,1,1,0,123560.30144547966,0
9803,107416,Davis,596,France,Male,24,0,294055.1647590748,2,1,0,138035.95223055218,0
9804,104760,Davis,689,France,Female,18,6,50076.00716866414,4,1,0,110959.0528964785,0
9805,101897,Smith,711,France,Male,46,5,40107.731843882975,4,0,1,69747.2092779901,1
9806,106364,Brown,529,Spain,Female,62,3,21165.612343664892,1,1,1,123405.56522132899,1
9807,108464,Jones,639,Spain,Male,18,4,63019.6248780718,2,1,0,199607.63666782278,0
9808,104087,Brown,729,France,Male,42,4,394747.5166757165,4,1,0,49385.94095547429,1
9809,109464,Miller,489,France,Male,29,8,67527.83388046885,1,0,0,147941.56604544545,0
9810,104374,Miller,641,Spain,Female,64,4,60172.74352918997,2,0,0,145736.93546914068,1
9811,107607,Garcia,501,France,Female,42,1,765.6524491746328,1,1,1,158599.66436758774,0
9812,104019,Johnson,568,France,Female,51,6,33921.6357808092,4,1,0,94018.98083141839,1
9813,100815,Miller,658,France,Male,59,9,25865.246918840818,2,0,0,13602.872100867202,1
9814,107255,Williams,628,Spain,Female,41,8,3975.5861001194867,3,0,1,181928.14613617506,0
9815,100922,Davis,535,France,Female,18,6,59064.81918359395,4,0,0,60174.49976940025,0
9816,104867,Jones,772,Germany,Male,37,7,14573.017829786319,3,1,0,87133.2222091158,0
9817,101264,Jones,616,Germany,Female,42,9,69912.29687307624,4,1,0,168062.61894043497,1
9818,103724,Smith,704,France,Male,21,2,60631.66993381474,3,0,0,175865.13759083764,0
9819,102722,Davis,800,France,Male,18,10,25194.644083543943,3,0,0,141181.3824544145,0
9820,105355,Smith,582,Spain,Female,18,8,160117.99264226586,1,0,0,94429.49523520286,0
9821,102550,Smith,711,Spain,Male,58,6,261474.10931661748,1,0,0,133040.14340324796,1
9822,105319,Davis,691,Germany,Female,21,9,14393.924641331036,2,1,0,92904.49423722706,0
9823,106686,Brown,511,France,Male,81,3,10244.492329753513,1,1,1,50245.85611158047,1
9824,101673,Williams,770,France,Female,60,9,42281.04992868799,1,0,1,75261.593741393,1
9825,104587,Brown,660,Germany,Female,52,6,94273.84964222125,2,1,1,125417.42151996709,0
9826,105353,Williams,596,France,Female,18,2,99963.60929146493,1,1,0,27738.107265852697,0
9827,106857,Jones,488,Spain,Male,60,10,98072.99444793547,4,1,0,15580.762460046963,1
9828,101666,Miller,522,France,Female,31,9,85734.54405431054,3,0,1,12469.620326629676,0
9829,104511,Miller,639,Germany,Male,18,6,48740.52645353391,3,1,1,32712.79316507378,0
9830,106172,Brown,516,France,Female,42,2,152326.84679196053,1,1,1,37416.2757035673,1
9831,101384,Brown,713,Germany,Female,45,1,306221.5453261911,1,0,1,138947.7167639311,1
9832,104403,Brown,612,Germany,Male,27,0,89068.59781270183,2,1,1,87826.74467437004,0
9833,103954,Johnson,493,France,Female,29,10,24772.841473373173,1,1,0,19999.484009705266,1
9834,106305,Garcia,583,France,Female,36,5,82502.14790076566,4,1,1,47142.08441005443,0
9835,108252,Davis,543,Germany,Male,35,2,140870.6541018538,3,1,1,108083.83537717767,0
9836,107238,Williams,527,Spain,Female,50,9,177010.4035051809,2,1,0,128619.02527515283,1
9837,106981,Miller,428,Germany,Female,34,10,126673.85800854325,2,1,1,197292.87631020125,1
9838,106026,Williams,659,France,Male,63,1,221182.03880516015,2,0,0,109329.8818614134,1
9839,106609,Brown,554,Spain,Female,43,10,303697.3630036494,1,1,0,33996.062115986286,0
9840,108664,Johnson,837,France,Female,18,2,67729.25020228012,1,0,0,133591.75727367788,0
9841,100958,Brown,749,France,Male,56,7,77863.66446709177,1,0,0,125812.35265937823,0
9842,108724,Williams,813,France,Male,26,2,41175.651582825885,2,1,1,76177.92089403064,0
9843,100493,Garcia,721,France,Female,56,3,107554.86412419748,2,1,0,135699.94934832476,1
9844,107042,Miller,591,France,Male,44,1,90547.76558885135,3,1,1,186761.46703491246,0
9845,100081,Garcia,682,Spain,Female,26,7,19688.342413006987,3,1,1,15340.352482392704,0
9846,106999,Davis,619,France,Male,32,5,118533.61993447167,1,1,0,50513.24011366321,0
9847,102970,Jones,684,France,Female,45,8,163485.68502861157,1,0,1,33891.7784331836,0
9848,100011,Johnson,739,France,Male,43,7,19972.49831703666,3,0,0,144470.86395632796,1
9849,107824,Garcia,709,Germany,Female,53,3,17938.272260981397,4,0,0,136146.20125139834,1
9850,100761,Johnson,650,France,Female,45,7,101910.39562884785,3,1,1,29231.575846488704,0
9851,103185,Brown,656,France,Female,38,0,12349.56593310532,1,1,1,37107.43794843,0
9852,100025,Jones,671,France,Male,40,10,165845.7639124125,1,1,0,172138.72662908433,0
9853,101806,Williams,760,France,Male,36,8,102993.2101480119,1,1,0,123215.9941953565,0
9854,106651,Garcia,601,France,Female,46,4,3294.134588040314,1,1,0,107735.83270683893,0
9855,105664,Garcia,624,France,Male,45,3,147145.68606783584,3,1,0,110735.89639227894,0
9856,105154,Smith,599,France,Male,42,4,71314.33427650061,1,0,1,42729.42388730124,1
9857,105824,Miller,663,France,Male,73,0,68548.79387713158,1,1,1,86543.69776100013,1
9858,103659,Williams,713,France,Male,44,1,37381.144073043404,3,1,0,121303.32630841453,0
9859,101525,Garcia,679,Germany,Male,57,1,33333.86553734912,4,1,1,104071.20195027908,0
9860,100760,Garcia,644,Germany,Male,29,10,69376.99022626287,3,0,1,92314.41076233964,0
9861,100594,Williams,757,Germany,Female,39,8,315.3168794748631,1,1,1,65312.576780157804,0
9862,107192,Jones,570,Spain,Female,18,5,158528.69215709332,1,0,0,81069.45147724645,0
9863,101055,Johnson,500,Spain,Male,40,2,153252.6837326247,2,0,1,139110.24691901973,0
9864,103083,Williams,682,France,Male,29,3,133013.39429084945,1,0,1,194840.72653453416,0
9865,103675,Johnson,645,France,Male,28,0,92259.66729629462,4,1,0,180411.60801025975,0
9866,109650,Jones,633,Spain,Female,42,6,35037.81742464203,1,1,1,162068.05798417423,0
9867,105957,Jones,518,France,Female,32,6,107289.47348058548,3,1,0,146014.1362797132,1
9868,105255,Davis,669,Germany,Male,18,7,13828.297799560949,1,0,1,95148.09770166382,0
9869,109411,Brown,829,Spain,Female,35,0,30570.527760262656,1,1,1,85830.37318642961,0
9870,104228,Smith,516,Germany,Female,92,8,4624.9360328609055,2,1,1,135646.683211798,1
9871,104181,Jones,634,France,Female,45,1,196236.525980073,1,1,0,46364.509838029866,1
9872,109691,Davis,657,Germany,Female,43,0,176230.7459738285,1,0,1,186973.09220017635,1
9873,101830,Davis,605,France,Female,22,0,59938.58708404341,3,1,0,33798.49962205196,0
9874,103395,Davis,666,Spain,Female,20,7,57554.476263827026,4,1,0,33237.61833271571,0
9875,101203,Jones,605,France,Male,24,2,260355.72700271907,2,1,0,46033.45412794911,0
9876,102810,Johnson,665,France,Female,43,5,112439.58508056762,4,1,1,24804.00685776571,0
9877,103092,Jones,624,Germany,Male,20,5,123549.48231080938,4,1,1,21587.366409195467,0
9878,103044,Williams,596,France,Male,60,10,44512.08772746213,1,0,0,40299.256012201695,1
9879,106071,Brown,642,France,Female,21,1,34479.8837357813,2,1,1,73290.2459073262,0
9880,107272,Brown,698,France,Female,51,1,12145.84228075184,1,1,1,118702.06680779671,1
9881,104673,Williams,494,France,Male,43,0,7528.558272475545,1,1,1,113343.3116282145,0
9882,103514,Garcia,719,Spain,Female,61,8,235938.7567965963,3,1,1,25541.90448173348,1
9883,109990,Jones,577,France,Male,22,0,236826.04713505242,1,0,1,143243.9968244513,0
9884,106192,Miller,711,France,Male,85,5,25750.021142015623,2,1,0,66764.5077688425,1
9885,100144,Smith,583,Germany,Female,41,8,3809.268311618038,2,1,1,89393.3553558818,0
9886,107507,Davis,721,France,Female,56,5,42533.442325477896,1,0,1,80804.3325733351,1
9887,104857,Jones,645,Germany,Female,44,10,303431.3196249141,2,1,1,104904.8208065182,0
9888,101377,Brown,557,France,Male,23,5,36392.53605521146,4,1,1,17762.403129575643,0
9889,103146,Smith,606,France,Male,27,3,200424.78952915763,4,0,1,48013.32417191162,0
9890,105024,Miller,769,France,Female,39,4,169480.57943552424,4,1,1,40549.08829328883,0
9891,100793,Garcia,655,France,Female,27,0,288986.4284678506,3,1,0,162858.25203675783,0
9892,109793,Johnson,604,Germany,Female,41,2,68658.3567526567,4,1,0,116233.68455377854,0
9893,105756,Johnson,764,France,Female,52,10,255047.43060492244,4,1,0,154895.64018655606,1
9894,104414,Miller,735,Spain,Male,58,5,135412.0579002427,2,0,1,144663.77512038298,1
9895,101110,Jones,565,Spain,Female,64,1,202485.76652109605,2,0,0,61998.347088800125,1
9896,105672,Jones,629,France,Male,38,0,132180.94996909652,4,1,0,107763.20846059399,0
9897,104053,Smith,473,Spain,Female,32,0,61838.610851992904,1,1,1,38907.594052836925,0
9898,103937,Smith,737,France,Male,18,0,251411.82524737142,2,1,1,158729.4762129014,0
9899,103963,Garcia,650,Spain,Male,18,9,161215.99759085925,3,1,1,50171.90122204346,0
9900,104942,Jones,717,France,Male,37,9,102484.73713103887,2,1,1,197128.2270567572,0
9901,105897,Brown,456,France,Female,57,0,65978.09016271694,3,0,0,194893.96024851903,1
9902,108974,Johnson,621,Spain,Female,40,5,9941.057643857412,4,1,1,42808.9463600282,0
9903,101116,Garcia,666,Spain,Female,45,9,168997.5369327496,4,0,0,12945.13721318631,0
9904,101750,Davis,438,Germany,Male,23,3,53848.58733326032,3,1,0,33634.002894386664,0
9905,104027,Smith,715,France,Female,32,3,44539.41184373299,3,1,1,88582.53116811086,0
9906,105745,Davis,617,Spain,Female,56,3,26220.094596981024,3,1,0,158493.0867455221,1
9907,105064,Brown,474,Germany,Female,45,7,78007.72647138804,2,0,1,170972.5972978503,0
9908,109679,Jones,598,France,Male,32,6,177120.73450644055,4,1,0,102487.4014236462,0
9909,105938,Williams,695,France,Female,49,4,34192.53305383589,2,0,0,175902.1423554649,1
9910,103397,Smith,558,Spain,Male,40,6,253401.4869506542,1,1,0,178200.0989775755,1
9911,108265,Garcia,645,Spain,Male,55,7,50574.67844213389,3,1,0,125290.67130113121,1
9912,101359,Williams,606,Spain,Female,46,9,348724.31644017436,1,1,0,76170.3077166201,0
9913,109283,Brown,450,France,Female,34,7,112895.47932026105,3,0,0,151920.23362999668,0
9914,104853,Davis,712,Germany,Male,35,10,45762.362518548245,3,1,1,137885.7306002822,0
9915,101941,Miller,730,France,Female,18,6,411242.69039824203,4,1,1,99734.14334976627,0
9916,103148,Johnson,764,Germany,Male,18,6,90216.67894680309,3,1,0,156665.9169370826,0
9917,107933,Miller,650,Germany,Male,32,8,146380.25448777815,2,1,0,165776.17624358978,0
9918,109436,Miller,698,France,Male,59,10,60109.93953294197,3,1,0,134017.37142090648,1
9919,101285,Miller,488,Germany,Female,45,4,12702.853534374386,3,1,1,14523.568392425062,1
9920,106474,Brown,674,France,Male,34,7,332515.42488009506,1,1,1,99326.05627778487,0
9921,100770,Johnson,618,France,Male,48,1,38820.59580787557,4,1,0,93847.6519097461,1
9922,101843,Brown,642,France,Female,55,7,250004.01083629092,4,1,0,179993.8549883797,1
9923,100073,Miller,538,Spain,Male,29,0,238117.5402798171,3,1,1,107729.1685277707,0
9924,101660,Smith,762,France,Male,29,8,9981.958358683203,1,0,0,82207.05452917269,0
9925,104349,Miller,484,France,Female,86,0,12183.206140614011,2,1,1,70522.2917165758,1
9926,107102,Smith,677,France,Male,25,7,94687.52576928238,2,1,1,123975.33155893495,0
9927,108000,Garcia,558,Germany,Female,30,2,3655.0347826715915,3,0,1,25001.19153294311,0
9928,109011,Miller,850,France,Female,33,3,54673.151347968684,3,0,1,176548.08063110808,0
9929,103818,Williams,719,Spain,Male,24,10,75033.18787518934,1,1,0,128458.53769972446,0
9930,100331,Brown,647,Spain,Female,18,9,21913.756974633507,4,0,1,57209.45126791974,0
9931,101421,Miller,547,France,Male,40,6,147041.9057636139,1,1,1,65371.35352157731,0
9932,107512,Brown,739,Germany,Female,29,9,56489.67746259818,2,1,0,181801.6196188422,0
9933,106890,Davis,323,France,Male,45,2,55016.435150863086,3,0,1,17786.676416779785,1
9934,104931,Miller,688,France,Female,26,8,26703.16082258814,3,1,0,68613.39841299182,0
9935,109883,Williams,701,France,Male,57,2,218746.31000139826,1,1,0,66932.96673876354,1
9936,106025,Miller,695,Germany,Male,38,7,1128.4780817992867,4,0,0,152090.779842557,1
9937,104408,Jones,733,Spain,Female,26,7,691.6607412762803,1,1,0,49906.64040615574,0
9938,105113,Garcia,593,Spain,Male,28,2,539358.771784226,4,1,1,23971.49400614081,0
9939,108419,Davis,704,Spain,Male,35,2,2131.1405414738792,4,1,1,84904.93064985392,0
9940,102881,Brown,583,Spain,Female,59,9,16858.689019279926,2,1,1,147007.08715881745,1
9941,102865,Davis,566,France,Female,30,4,214491.99499604927,4,0,0,22786.068083544702,0
9942,102575,Garcia,546,France,Female,18,7,95639.03052138812,2,0,0,43927.592339275805,0
9943,106185,Brown,624,France,Male,65,5,98081.38231945375,3,1,0,130709.82798656747,1
9944,108656,Brown,761,Germany,Male,18,4,64574.16274233013,1,1,0,144729.97504028142,0
9945,105741,Jones,821,France,Male,74,4,16322.901924948801,2,1,1,11989.4761964319,1
9946,100277,Miller,622,Spain,Female,18,10,45747.83301011674,1,1,1,188023.37596843726,0
9947,100065,Smith,585,Germany,Male,33,5,126555.22740960607,2,1,0,83057.02567455806,0
9948,104262,Garcia,782,Germany,Male,32,7,66429.40120577597,3,1,1,79713.95450214487,0
9949,105704,Williams,693,France,Male,52,5,130861.63202578767,2,1,1,169551.26510558414,1
9950,108594,Garcia,652,France,Female,49,6,727.8700205941003,2,0,0,32223.404784040235,1
9951,107989,Miller,539,France,Female,68,8,106643.26268081692,1,1,1,55349.858215574684,1
9952,106255,Jones,793,Spain,Male,18,6,89881.59789716749,2,1,0,172474.97079143388,0
9953,107441,Johnson,659,France,Female,18,8,366475.6153420536,1,1,1,117746.2794620788,0
9954,104692,Davis,650,Germany,Female,54,9,237533.70708305028,3,1,1,127501.25000087816,1
9955,104419,Johnson,704,Spain,Male,73,0,91710.53155836472,3,0,0,69146.22680368311,1
9956,107960,Jones,652,France,Female,57,2,85849.4803911625,2,0,0,112242.78148610635,1
9957,106078,Davis,797,France,Female,50,5,9713.928244892615,4,1,1,169815.00428252717,1
9958,101437,Miller,751,Germany,Female,56,2,283133.6190064377,3,1,1,196661.6046296691,1
9959,108620,Jones,593,Germany,Male,18,10,122722.44755467327,4,1,0,84748.44892517551,0
9960,107032,Smith,658,Spain,Female,35,1,69758.84647829933,4,1,0,41798.40184565521,0
9961,105731,Garcia,591,France,Female,39,4,194805.92543462577,1,1,0,79675.38168123584,1
9962,103378,Miller,838,France,Male,37,0,131192.5478013838,4,0,1,76893.47024928291,0
9963,108584,Davis,577,France,Male,46,4,82912.58124513901,4,1,1,78395.01405509944,0
9964,106347,Garcia,638,Germany,Male,38,10,77462.65746349237,4,0,1,59517.048838169896,0
9965,106401,Johnson,686,France,Male,32,7,260750.92474822447,1,1,1,114466.68151802859,0
9966,106629,Miller,700,Germany,Male,21,8,160495.08902645294,2,0,0,194172.63938781412,0
9967,104541,Williams,717,France,Female,36,9,51598.023213347675,4,1,1,21572.854584750687,0
9968,107876,Garcia,730,Germany,Male,19,5,99109.13387786651,3,1,1,119432.41209806806,0
9969,108533,Brown,719,France,Female,37,3,21860.376564884817,1,0,1,191664.4850129519,0
9970,108324,Davis,606,France,Male,43,2,270690.9512467302,4,0,0,90931.15191735112,0
9971,100264,Brown,595,Spain,Female,29,7,118826.76266945925,4,1,0,114339.16301263416,0
9972,109877,Smith,653,France,Male,50,1,321955.7730137439,1,1,0,32068.255656990295,1
9973,101434,Davis,594,France,Female,54,7,34525.77728706966,1,1,0,123454.03439052771,1
9974,105327,Miller,584,Germany,Male,31,6,37859.65876175384,1,0,1,84440.27109410244,1
9975,105097,Davis,607,Germany,Female,33,1,178444.44150125195,4,1,1,148580.3948955722,0
9976,101660,Smith,850,France,Female,50,1,30358.340297470833,1,1,1,105787.86917220784,0
9977,105692,Davis,804,Germany,Male,23,1,44261.626756080026,4,1,1,31791.110110302783,0
9978,102354,Miller,626,France,Female,22,0,215677.23837474454,3,0,1,41397.44844579359,0
9979,108457,Johnson,443,France,Female,33,6,72929.77924106746,4,0,0,177975.38225804083,0
9980,106461,Williams,590,France,Male,38,7,35722.68869131702,2,1,0,124347.50500953737,1
9981,109328,Williams,738,Spain,Female,30,6,52649.55246964437,4,1,0,24797.31100718424,0
9982,107044,Jones,493,Spain,Female,47,3,124448.83495598852,4,0,1,69146.59602378482,0
9983,105497,Smith,710,France,Male,18,10,17276.424577975362,4,1,0,154209.3427761721,0
9984,104549,Miller,703,France,Female,45,8,327439.2442382891,2,1,0,120791.46755618794,0
9985,106334,Garcia,651,France,Male,30,1,67908.6754534547,1,1,1,177119.19622058058,0
9986,106010,Brown,646,France,Female,62,4,144783.63165594713,4,0,1,65651.22362539069,1
9987,104926,Garcia,559,Spain,Female,52,1,121054.8782136654,3,1,1,176027.63500053412,0
9988,109582,Brown,719,France,Female,40,2,114174.50592639006,3,0,0,91558.04366264175,1
9989,109304,Johnson,680,France,Female,38,1,54481.137682713954,1,1,1,194454.88270516146,0
9990,106065,Brown,601,France,Male,31,7,4326.988039219206,3,1,1,171264.78173066297,0
9991,102179,Garcia,571,France,Male,18,9,135265.44730616748,2,0,1,185241.90017212246,0
9992,104967,Davis,530,France,Female,40,5,307428.2382747981,1,1,0,169060.74536694266,1
9993,100634,Garcia,687,Germany,Female,56,4,70325.4908690998,1,1,1,151781.44976945315,1
9994,103631,Williams,629,France,Male,24,4,307546.40055513283,2,1,1,162042.10228111947,0
9995,109591,Miller,631,France,Male,26,8,76550.43365549909,2,1,0,116734.02022454343,0
9996,104677,Williams,493,France,Male,40,1,18316.521914231897,3,0,0,85344.84933881469,0
9997,102218,Smith,540,Spain,Female,20,0,27373.348500492684,3,1,1,88163.68272000244,0
9998,101389,Davis,529,France,Female,28,5,200039.4313091412,2,1,1,92323.30075022728,0
9999,104276,Garcia,726,France,Female,32,7,97161.53446925034,3,1,0,106712.93477019537,0
10000,101249,Davis,667,France,Male,40,7,53510.658522725884,4,1,1,139263.69379919986,0
